[35m[1mScanning dependencies of target aslam_cv_backend_python[0m
[ 33%] [32mBuilding CXX object CMakeFiles/aslam_cv_backend_python.dir/src/GridCalibration.cpp.o[0m
[ 66%] [32mBuilding CXX object CMakeFiles/aslam_cv_backend_python.dir/src/module.cpp.o[0m
In file included from [01m[K/calibration_ws/src/kalibr/aslam_cv/aslam_cameras/include/aslam/targets.hpp:5[m[K,
                 from [01m[K/calibration_ws/src/kalibr/aslam_cv/aslam_cv_backend/include/aslam/GridCalibrationTargetDesignVariableContainer.hpp:5[m[K,
                 from [01m[K/calibration_ws/src/kalibr/aslam_cv/aslam_cv_backend_python/src/GridCalibration.cpp:5[m[K:
[01m[K/calibration_ws/src/kalibr/aslam_cv/aslam_cameras/include/aslam/cameras/GridCalibrationTargetCheckerboard.hpp:[m[K In constructor ‘[01m[Kaslam::cameras::GridCalibrationTargetCheckerboard::CheckerboardOptions::CheckerboardOptions()[m[K’:
[01m[K/calibration_ws/src/kalibr/aslam_cv/aslam_cameras/include/aslam/cameras/GridCalibrationTargetCheckerboard.hpp:43:10:[m[K [01;35m[Kwarning: [m[K‘[01m[Kaslam::cameras::GridCalibrationTargetCheckerboard::CheckerboardOptions::showExtractionVideo[m[K’ will be initialized after [[01;35m[K-Wreorder[m[K]
   43 |     bool [01;35m[KshowExtractionVideo[m[K;
      |          [01;35m[K^~~~~~~~~~~~~~~~~~~[m[K
[01m[K/calibration_ws/src/kalibr/aslam_cv/aslam_cameras/include/aslam/cameras/GridCalibrationTargetCheckerboard.hpp:40:18:[m[K [01;35m[Kwarning: [m[K  ‘[01m[Kunsigned int aslam::cameras::GridCalibrationTargetCheckerboard::CheckerboardOptions::windowWidth[m[K’ [[01;35m[K-Wreorder[m[K]
   40 |     unsigned int [01;35m[KwindowWidth[m[K;
      |                  [01;35m[K^~~~~~~~~~~[m[K
[01m[K/calibration_ws/src/kalibr/aslam_cv/aslam_cameras/include/aslam/cameras/GridCalibrationTargetCheckerboard.hpp:25:5:[m[K [01;35m[Kwarning: [m[K  when initialized here [[01;35m[K-Wreorder[m[K]
   25 |     [01;35m[KCheckerboardOptions[m[K() :
      |     [01;35m[K^~~~~~~~~~~~~~~~~~~[m[K
In file included from [01m[K/calibration_ws/src/kalibr/aslam_optimizer/aslam_backend/include/aslam/backend/DesignVariable.hpp:4[m[K,
                 from [01m[K/calibration_ws/src/kalibr/aslam_optimizer/aslam_backend/include/aslam/backend/JacobianContainer.hpp:8[m[K,
                 from [01m[K/calibration_ws/src/kalibr/aslam_optimizer/aslam_backend_expressions/include/aslam/backend/EuclideanExpressionNode.hpp:4[m[K,
                 from [01m[K/calibration_ws/src/kalibr/aslam_optimizer/aslam_backend_expressions/include/aslam/backend/MappedEuclideanPoint.hpp:4[m[K,
                 from [01m[K/calibration_ws/src/kalibr/aslam_cv/aslam_cv_backend/include/aslam/GridCalibrationTargetDesignVariableContainer.hpp:6[m[K,
                 from [01m[K/calibration_ws/src/kalibr/aslam_cv/aslam_cv_backend_python/src/GridCalibration.cpp:5[m[K:
[01m[K/calibration_ws/src/kalibr/Schweizer-Messer/sm_common/include/sm/Id.hpp:[m[K In member function ‘[01m[Ksm::Id sm::Id::operator++(int)[m[K’:
[01m[K/calibration_ws/src/kalibr/Schweizer-Messer/sm_common/include/sm/Id.hpp:122:14:[m[K [01;35m[Kwarning: [m[Kimplicitly-declared ‘[01m[Kconstexpr sm::Id::Id(const sm::Id&)[m[K’ is deprecated [[01;35m[K-Wdeprecated-copy[m[K]
  122 |       return [01;35m[Krval[m[K;
      |              [01;35m[K^~~~[m[K
[01m[K/calibration_ws/src/kalibr/Schweizer-Messer/sm_common/include/sm/Id.hpp:132:9:[m[K [01;36m[Knote: [m[Kbecause ‘[01m[Ksm::Id[m[K’ has user-provided ‘[01m[Ksm::Id& sm::Id::operator=(const sm::Id&)[m[K’
  132 |     Id& [01;36m[Koperator[m[K= (const Id& other)
      |         [01;36m[K^~~~~~~~[m[K
In file included from [01m[K/calibration_ws/src/kalibr/aslam_cv/aslam_cameras/include/aslam/frontend_ids.hpp:4[m[K,
                 from [01m[K/calibration_ws/src/kalibr/aslam_cv/aslam_cameras/include/aslam/KeypointBase.hpp:6[m[K,
                 from [01m[K/calibration_ws/src/kalibr/aslam_cv/aslam_cameras/include/aslam/Keypoint.hpp:20[m[K,
                 from [01m[K/calibration_ws/src/kalibr/aslam_cv/aslam_cameras/include/aslam/Frame.hpp:15[m[K,
                 from [01m[K/calibration_ws/src/kalibr/aslam_cv/aslam_cv_backend_python/include/aslam/ExportReprojectionError.hpp:4[m[K,
                 from [01m[K/calibration_ws/src/kalibr/aslam_cv/aslam_cv_backend_python/src/module.cpp:4[m[K:
[01m[K/calibration_ws/src/kalibr/Schweizer-Messer/sm_common/include/sm/Id.hpp:[m[K In member function ‘[01m[Ksm::Id sm::Id::operator++(int)[m[K’:
[01m[K/calibration_ws/src/kalibr/Schweizer-Messer/sm_common/include/sm/Id.hpp:122:14:[m[K [01;35m[Kwarning: [m[Kimplicitly-declared ‘[01m[Kconstexpr sm::Id::Id(const sm::Id&)[m[K’ is deprecated [[01;35m[K-Wdeprecated-copy[m[K]
  122 |       return [01;35m[Krval[m[K;
      |              [01;35m[K^~~~[m[K
[01m[K/calibration_ws/src/kalibr/Schweizer-Messer/sm_common/include/sm/Id.hpp:132:9:[m[K [01;36m[Knote: [m[Kbecause ‘[01m[Ksm::Id[m[K’ has user-provided ‘[01m[Ksm::Id& sm::Id::operator=(const sm::Id&)[m[K’
  132 |     Id& [01;36m[Koperator[m[K= (const Id& other)
      |         [01;36m[K^~~~~~~~[m[K
[01m[K/calibration_ws/src/kalibr/aslam_cv/aslam_cameras/include/aslam/frontend_ids.hpp:[m[K In constructor ‘[01m[Kaslam::MultiFrameId::MultiFrameId(const sm::Id&)[m[K’:
[01m[K/calibration_ws/src/kalibr/Schweizer-Messer/sm_common/include/sm/Id.hpp:180:50:[m[K [01;35m[Kwarning: [m[Kimplicitly-declared ‘[01m[Kconstexpr sm::Id::Id(const sm::Id&)[m[K’ is deprecated [[01;35m[K-Wdeprecated-copy[m[K]
  180 |         IdTypeName(const sm::Id & id) : sm::Id(id[01;35m[K)[m[K{}                    \
      |                                                  [01;35m[K^[m[K
[01m[K/calibration_ws/src/kalibr/aslam_cv/aslam_cameras/include/aslam/frontend_ids.hpp:9:1:[m[K [01;36m[Knote: [m[Kin expansion of macro ‘[01m[KSM_DEFINE_ID[m[K’
    9 | [01;36m[KSM_DEFINE_ID[m[K (MultiFrameId);
      | [01;36m[K^~~~~~~~~~~~[m[K
[01m[K/calibration_ws/src/kalibr/Schweizer-Messer/sm_common/include/sm/Id.hpp:132:9:[m[K [01;36m[Knote: [m[Kbecause ‘[01m[Ksm::Id[m[K’ has user-provided ‘[01m[Ksm::Id& sm::Id::operator=(const sm::Id&)[m[K’
  132 |     Id& [01;36m[Koperator[m[K= (const Id& other)
      |         [01;36m[K^~~~~~~~[m[K
[01m[K/calibration_ws/src/kalibr/aslam_cv/aslam_cameras/include/aslam/frontend_ids.hpp:[m[K In constructor ‘[01m[Kaslam::FrameId::FrameId(const sm::Id&)[m[K’:
[01m[K/calibration_ws/src/kalibr/Schweizer-Messer/sm_common/include/sm/Id.hpp:180:50:[m[K [01;35m[Kwarning: [m[Kimplicitly-declared ‘[01m[Kconstexpr sm::Id::Id(const sm::Id&)[m[K’ is deprecated [[01;35m[K-Wdeprecated-copy[m[K]
  180 |         IdTypeName(const sm::Id & id) : sm::Id(id[01;35m[K)[m[K{}                    \
      |                                                  [01;35m[K^[m[K
[01m[K/calibration_ws/src/kalibr/aslam_cv/aslam_cameras/include/aslam/frontend_ids.hpp:10:1:[m[K [01;36m[Knote: [m[Kin expansion of macro ‘[01m[KSM_DEFINE_ID[m[K’
   10 | [01;36m[KSM_DEFINE_ID[m[K (FrameId);
      | [01;36m[K^~~~~~~~~~~~[m[K
[01m[K/calibration_ws/src/kalibr/Schweizer-Messer/sm_common/include/sm/Id.hpp:132:9:[m[K [01;36m[Knote: [m[Kbecause ‘[01m[Ksm::Id[m[K’ has user-provided ‘[01m[Ksm::Id& sm::Id::operator=(const sm::Id&)[m[K’
  132 |     Id& [01;36m[Koperator[m[K= (const Id& other)
      |         [01;36m[K^~~~~~~~[m[K
[01m[K/calibration_ws/src/kalibr/aslam_cv/aslam_cameras/include/aslam/frontend_ids.hpp:[m[K In constructor ‘[01m[Kaslam::LandmarkId::LandmarkId(const sm::Id&)[m[K’:
[01m[K/calibration_ws/src/kalibr/Schweizer-Messer/sm_common/include/sm/Id.hpp:180:50:[m[K [01;35m[Kwarning: [m[Kimplicitly-declared ‘[01m[Kconstexpr sm::Id::Id(const sm::Id&)[m[K’ is deprecated [[01;35m[K-Wdeprecated-copy[m[K]
  180 |         IdTypeName(const sm::Id & id) : sm::Id(id[01;35m[K)[m[K{}                    \
      |                                                  [01;35m[K^[m[K
[01m[K/calibration_ws/src/kalibr/aslam_cv/aslam_cameras/include/aslam/frontend_ids.hpp:11:1:[m[K [01;36m[Knote: [m[Kin expansion of macro ‘[01m[KSM_DEFINE_ID[m[K’
   11 | [01;36m[KSM_DEFINE_ID[m[K (LandmarkId);
      | [01;36m[K^~~~~~~~~~~~[m[K
[01m[K/calibration_ws/src/kalibr/Schweizer-Messer/sm_common/include/sm/Id.hpp:132:9:[m[K [01;36m[Knote: [m[Kbecause ‘[01m[Ksm::Id[m[K’ has user-provided ‘[01m[Ksm::Id& sm::Id::operator=(const sm::Id&)[m[K’
  132 |     Id& [01;36m[Koperator[m[K= (const Id& other)
      |         [01;36m[K^~~~~~~~[m[K
[01m[K/calibration_ws/src/kalibr/aslam_cv/aslam_cameras/include/aslam/cameras/CameraGeometryBase.hpp:[m[K In constructor ‘[01m[Kaslam::cameras::CameraId::CameraId(const sm::Id&)[m[K’:
[01m[K/calibration_ws/src/kalibr/Schweizer-Messer/sm_common/include/sm/Id.hpp:180:50:[m[K [01;35m[Kwarning: [m[Kimplicitly-declared ‘[01m[Kconstexpr sm::Id::Id(const sm::Id&)[m[K’ is deprecated [[01;35m[K-Wdeprecated-copy[m[K]
  180 |         IdTypeName(const sm::Id & id) : sm::Id(id[01;35m[K)[m[K{}                    \
      |                                                  [01;35m[K^[m[K
[01m[K/calibration_ws/src/kalibr/aslam_cv/aslam_cameras/include/aslam/cameras/CameraGeometryBase.hpp:24:1:[m[K [01;36m[Knote: [m[Kin expansion of macro ‘[01m[KSM_DEFINE_ID[m[K’
   24 | [01;36m[KSM_DEFINE_ID[m[K (CameraId);
      | [01;36m[K^~~~~~~~~~~~[m[K
[01m[K/calibration_ws/src/kalibr/Schweizer-Messer/sm_common/include/sm/Id.hpp:132:9:[m[K [01;36m[Knote: [m[Kbecause ‘[01m[Ksm::Id[m[K’ has user-provided ‘[01m[Ksm::Id& sm::Id::operator=(const sm::Id&)[m[K’
  132 |     Id& [01;36m[Koperator[m[K= (const Id& other)
      |         [01;36m[K^~~~~~~~[m[K
In file included from [01m[K/calibration_ws/src/kalibr/aslam_cv/aslam_cv_backend_python/src/module.cpp:4[m[K:
[01m[K/calibration_ws/src/kalibr/aslam_cv/aslam_cv_backend_python/include/aslam/ExportReprojectionError.hpp:[m[K In function ‘[01m[Kvoid aslam::python::exportReprojectionError(const string&)[m[K’:
[01m[K/calibration_ws/src/kalibr/aslam_cv/aslam_cv_backend_python/include/aslam/ExportReprojectionError.hpp:24:26:[m[K [01;35m[Kwarning: [m[Ktypedef ‘[01m[Kdescriptor_t[m[K’ locally defined but not used [[01;35m[K-Wunused-local-typedefs[m[K]
   24 |   typedef DescriptorBase [01;35m[Kdescriptor_t[m[K;
      |                          [01;35m[K^~~~~~~~~~~~[m[K
[01m[K/calibration_ws/src/kalibr/aslam_cv/aslam_cv_backend_python/include/aslam/ExportReprojectionError.hpp:27:40:[m[K [01;35m[Kwarning: [m[Ktypedef ‘[01m[Kkeypoint_t[m[K’ locally defined but not used [[01;35m[K-Wunused-local-typedefs[m[K]
   27 |   typedef typename frame_t::keypoint_t [01;35m[Kkeypoint_t[m[K;
      |                                        [01;35m[K^~~~~~~~~~[m[K
[01m[K/calibration_ws/src/kalibr/aslam_cv/aslam_cv_backend_python/include/aslam/ExportReprojectionError.hpp:[m[K In function ‘[01m[Kvoid aslam::python::exportCovarianceReprojectionError(const string&)[m[K’:
[01m[K/calibration_ws/src/kalibr/aslam_cv/aslam_cv_backend_python/include/aslam/ExportReprojectionError.hpp:71:26:[m[K [01;35m[Kwarning: [m[Ktypedef ‘[01m[Kdescriptor_t[m[K’ locally defined but not used [[01;35m[K-Wunused-local-typedefs[m[K]
   71 |   typedef DescriptorBase [01;35m[Kdescriptor_t[m[K;
      |                          [01;35m[K^~~~~~~~~~~~[m[K
[01m[K/calibration_ws/src/kalibr/aslam_cv/aslam_cv_backend_python/include/aslam/ExportReprojectionError.hpp:73:40:[m[K [01;35m[Kwarning: [m[Ktypedef ‘[01m[Kkeypoint_t[m[K’ locally defined but not used [[01;35m[K-Wunused-local-typedefs[m[K]
   73 |   typedef typename frame_t::keypoint_t [01;35m[Kkeypoint_t[m[K;
      |                                        [01;35m[K^~~~~~~~~~[m[K
In file included from [01m[K/calibration_ws/src/kalibr/aslam_cv/aslam_cv_error_terms/include/aslam/backend/CovarianceReprojectionError.hpp:74[m[K,
                 from [01m[K/calibration_ws/src/kalibr/aslam_cv/aslam_cv_backend_python/include/aslam/ExportReprojectionError.hpp:6[m[K,
                 from [01m[K/calibration_ws/src/kalibr/aslam_cv/aslam_cv_backend_python/src/module.cpp:4[m[K:
/calibration_ws/src/kalibr/aslam_cv/aslam_cv_error_terms/include/aslam/backend/implementation/CovarianceReprojectionError.hpp: In instantiation of ‘[01m[KEigen::MatrixXd aslam::backend::CovarianceReprojectionError<FRAME_T>::covarianceMap() [with FRAME_T = aslam::Frame<aslam::cameras::CameraGeometry<aslam::cameras::PinholeProjection<aslam::cameras::NoDistortion>, aslam::cameras::RollingShutter, aslam::cameras::NoMask> >; Eigen::MatrixXd = Eigen::Matrix<double, -1, -1>][m[K’:
[01m[K/calibration_ws/src/kalibr/aslam_cv/aslam_cv_backend_python/include/aslam/ExportReprojectionError.hpp:92:26:[m[K   required from ‘[01m[Kvoid aslam::python::exportCovarianceReprojectionError(const string&) [with CAMERA_GEOMETRY_T = aslam::cameras::CameraGeometry<aslam::cameras::PinholeProjection<aslam::cameras::NoDistortion>, aslam::cameras::RollingShutter, aslam::cameras::NoMask>; std::string = std::__cxx11::basic_string<char>][m[K’
[01m[K/calibration_ws/src/kalibr/aslam_cv/aslam_cv_backend_python/src/module.cpp:28:88:[m[K   required from here
[01m[K/calibration_ws/src/kalibr/aslam_cv/aslam_cv_error_terms/include/aslam/backend/implementation/CovarianceReprojectionError.hpp:49:25:[m[K [01;35m[Kwarning: [m[Kunused variable ‘[01m[Kk[m[K’ [[01;35m[K-Wunused-variable[m[K]
   49 |      const keypoint_t & [01;35m[Kk[m[K = _frame->keypoint(_keypointIndex);
      |                         [01;35m[K^[m[K
/calibration_ws/src/kalibr/aslam_cv/aslam_cv_error_terms/include/aslam/backend/implementation/CovarianceReprojectionError.hpp: In instantiation of ‘[01m[KEigen::MatrixXd aslam::backend::CovarianceReprojectionError<FRAME_T>::covarianceMap() [with FRAME_T = aslam::Frame<aslam::cameras::CameraGeometry<aslam::cameras::PinholeProjection<aslam::cameras::RadialTangentialDistortion>, aslam::cameras::RollingShutter, aslam::cameras::NoMask> >; Eigen::MatrixXd = Eigen::Matrix<double, -1, -1>][m[K’:
[01m[K/calibration_ws/src/kalibr/aslam_cv/aslam_cv_backend_python/include/aslam/ExportReprojectionError.hpp:92:26:[m[K   required from ‘[01m[Kvoid aslam::python::exportCovarianceReprojectionError(const string&) [with CAMERA_GEOMETRY_T = aslam::cameras::CameraGeometry<aslam::cameras::PinholeProjection<aslam::cameras::RadialTangentialDistortion>, aslam::cameras::RollingShutter, aslam::cameras::NoMask>; std::string = std::__cxx11::basic_string<char>][m[K’
[01m[K/calibration_ws/src/kalibr/aslam_cv/aslam_cv_backend_python/src/module.cpp:32:106:[m[K   required from here
[01m[K/calibration_ws/src/kalibr/aslam_cv/aslam_cv_error_terms/include/aslam/backend/implementation/CovarianceReprojectionError.hpp:49:25:[m[K [01;35m[Kwarning: [m[Kunused variable ‘[01m[Kk[m[K’ [[01;35m[K-Wunused-variable[m[K]
/calibration_ws/src/kalibr/aslam_cv/aslam_cv_error_terms/include/aslam/backend/implementation/CovarianceReprojectionError.hpp: In instantiation of ‘[01m[KEigen::MatrixXd aslam::backend::CovarianceReprojectionError<FRAME_T>::covarianceMap() [with FRAME_T = aslam::Frame<aslam::cameras::CameraGeometry<aslam::cameras::PinholeProjection<aslam::cameras::EquidistantDistortion>, aslam::cameras::RollingShutter, aslam::cameras::NoMask> >; Eigen::MatrixXd = Eigen::Matrix<double, -1, -1>][m[K’:
[01m[K/calibration_ws/src/kalibr/aslam_cv/aslam_cv_backend_python/include/aslam/ExportReprojectionError.hpp:92:26:[m[K   required from ‘[01m[Kvoid aslam::python::exportCovarianceReprojectionError(const string&) [with CAMERA_GEOMETRY_T = aslam::cameras::CameraGeometry<aslam::cameras::PinholeProjection<aslam::cameras::EquidistantDistortion>, aslam::cameras::RollingShutter, aslam::cameras::NoMask>; std::string = std::__cxx11::basic_string<char>][m[K’
[01m[K/calibration_ws/src/kalibr/aslam_cv/aslam_cv_backend_python/src/module.cpp:36:128:[m[K   required from here
[01m[K/calibration_ws/src/kalibr/aslam_cv/aslam_cv_error_terms/include/aslam/backend/implementation/CovarianceReprojectionError.hpp:49:25:[m[K [01;35m[Kwarning: [m[Kunused variable ‘[01m[Kk[m[K’ [[01;35m[K-Wunused-variable[m[K]
/calibration_ws/src/kalibr/aslam_cv/aslam_cv_error_terms/include/aslam/backend/implementation/CovarianceReprojectionError.hpp: In instantiation of ‘[01m[KEigen::MatrixXd aslam::backend::CovarianceReprojectionError<FRAME_T>::covarianceMap() [with FRAME_T = aslam::Frame<aslam::cameras::CameraGeometry<aslam::cameras::PinholeProjection<aslam::cameras::FovDistortion>, aslam::cameras::RollingShutter, aslam::cameras::NoMask> >; Eigen::MatrixXd = Eigen::Matrix<double, -1, -1>][m[K’:
[01m[K/calibration_ws/src/kalibr/aslam_cv/aslam_cv_backend_python/include/aslam/ExportReprojectionError.hpp:92:26:[m[K   required from ‘[01m[Kvoid aslam::python::exportCovarianceReprojectionError(const string&) [with CAMERA_GEOMETRY_T = aslam::cameras::CameraGeometry<aslam::cameras::PinholeProjection<aslam::cameras::FovDistortion>, aslam::cameras::RollingShutter, aslam::cameras::NoMask>; std::string = std::__cxx11::basic_string<char>][m[K’
[01m[K/calibration_ws/src/kalibr/aslam_cv/aslam_cv_backend_python/src/module.cpp:40:112:[m[K   required from here
[01m[K/calibration_ws/src/kalibr/aslam_cv/aslam_cv_error_terms/include/aslam/backend/implementation/CovarianceReprojectionError.hpp:49:25:[m[K [01;35m[Kwarning: [m[Kunused variable ‘[01m[Kk[m[K’ [[01;35m[K-Wunused-variable[m[K]
/calibration_ws/src/kalibr/aslam_cv/aslam_cv_error_terms/include/aslam/backend/implementation/CovarianceReprojectionError.hpp: In instantiation of ‘[01m[KEigen::MatrixXd aslam::backend::CovarianceReprojectionError<FRAME_T>::covarianceMap() [with FRAME_T = aslam::Frame<aslam::cameras::CameraGeometry<aslam::cameras::OmniProjection<aslam::cameras::NoDistortion>, aslam::cameras::RollingShutter, aslam::cameras::NoMask> >; Eigen::MatrixXd = Eigen::Matrix<double, -1, -1>][m[K’:
[01m[K/calibration_ws/src/kalibr/aslam_cv/aslam_cv_backend_python/include/aslam/ExportReprojectionError.hpp:92:26:[m[K   required from ‘[01m[Kvoid aslam::python::exportCovarianceReprojectionError(const string&) [with CAMERA_GEOMETRY_T = aslam::cameras::CameraGeometry<aslam::cameras::OmniProjection<aslam::cameras::NoDistortion>, aslam::cameras::RollingShutter, aslam::cameras::NoMask>; std::string = std::__cxx11::basic_string<char>][m[K’
[01m[K/calibration_ws/src/kalibr/aslam_cv/aslam_cv_backend_python/src/module.cpp:47:82:[m[K   required from here
[01m[K/calibration_ws/src/kalibr/aslam_cv/aslam_cv_error_terms/include/aslam/backend/implementation/CovarianceReprojectionError.hpp:49:25:[m[K [01;35m[Kwarning: [m[Kunused variable ‘[01m[Kk[m[K’ [[01;35m[K-Wunused-variable[m[K]
/calibration_ws/src/kalibr/aslam_cv/aslam_cv_error_terms/include/aslam/backend/implementation/CovarianceReprojectionError.hpp: In instantiation of ‘[01m[KEigen::MatrixXd aslam::backend::CovarianceReprojectionError<FRAME_T>::covarianceMap() [with FRAME_T = aslam::Frame<aslam::cameras::CameraGeometry<aslam::cameras::OmniProjection<aslam::cameras::RadialTangentialDistortion>, aslam::cameras::RollingShutter, aslam::cameras::NoMask> >; Eigen::MatrixXd = Eigen::Matrix<double, -1, -1>][m[K’:
[01m[K/calibration_ws/src/kalibr/aslam_cv/aslam_cv_backend_python/include/aslam/ExportReprojectionError.hpp:92:26:[m[K   required from ‘[01m[Kvoid aslam::python::exportCovarianceReprojectionError(const string&) [with CAMERA_GEOMETRY_T = aslam::cameras::CameraGeometry<aslam::cameras::OmniProjection<aslam::cameras::RadialTangentialDistortion>, aslam::cameras::RollingShutter, aslam::cameras::NoMask>; std::string = std::__cxx11::basic_string<char>][m[K’
[01m[K/calibration_ws/src/kalibr/aslam_cv/aslam_cv_backend_python/src/module.cpp:51:100:[m[K   required from here
[01m[K/calibration_ws/src/kalibr/aslam_cv/aslam_cv_error_terms/include/aslam/backend/implementation/CovarianceReprojectionError.hpp:49:25:[m[K [01;35m[Kwarning: [m[Kunused variable ‘[01m[Kk[m[K’ [[01;35m[K-Wunused-variable[m[K]
/calibration_ws/src/kalibr/aslam_cv/aslam_cv_error_terms/include/aslam/backend/implementation/CovarianceReprojectionError.hpp: In instantiation of ‘[01m[KEigen::MatrixXd aslam::backend::CovarianceReprojectionError<FRAME_T>::covarianceMap() [with FRAME_T = aslam::Frame<aslam::cameras::CameraGeometry<aslam::cameras::OmniProjection<aslam::cameras::EquidistantDistortion>, aslam::cameras::RollingShutter, aslam::cameras::NoMask> >; Eigen::MatrixXd = Eigen::Matrix<double, -1, -1>][m[K’:
[01m[K/calibration_ws/src/kalibr/aslam_cv/aslam_cv_backend_python/include/aslam/ExportReprojectionError.hpp:92:26:[m[K   required from ‘[01m[Kvoid aslam::python::exportCovarianceReprojectionError(const string&) [with CAMERA_GEOMETRY_T = aslam::cameras::CameraGeometry<aslam::cameras::OmniProjection<aslam::cameras::EquidistantDistortion>, aslam::cameras::RollingShutter, aslam::cameras::NoMask>; std::string = std::__cxx11::basic_string<char>][m[K’
[01m[K/calibration_ws/src/kalibr/aslam_cv/aslam_cv_backend_python/src/module.cpp:55:122:[m[K   required from here
[01m[K/calibration_ws/src/kalibr/aslam_cv/aslam_cv_error_terms/include/aslam/backend/implementation/CovarianceReprojectionError.hpp:49:25:[m[K [01;35m[Kwarning: [m[Kunused variable ‘[01m[Kk[m[K’ [[01;35m[K-Wunused-variable[m[K]
/calibration_ws/src/kalibr/aslam_cv/aslam_cv_error_terms/include/aslam/backend/implementation/CovarianceReprojectionError.hpp: In instantiation of ‘[01m[KEigen::MatrixXd aslam::backend::CovarianceReprojectionError<FRAME_T>::covarianceMap() [with FRAME_T = aslam::Frame<aslam::cameras::CameraGeometry<aslam::cameras::OmniProjection<aslam::cameras::FovDistortion>, aslam::cameras::RollingShutter, aslam::cameras::NoMask> >; Eigen::MatrixXd = Eigen::Matrix<double, -1, -1>][m[K’:
[01m[K/calibration_ws/src/kalibr/aslam_cv/aslam_cv_backend_python/include/aslam/ExportReprojectionError.hpp:92:26:[m[K   required from ‘[01m[Kvoid aslam::python::exportCovarianceReprojectionError(const string&) [with CAMERA_GEOMETRY_T = aslam::cameras::CameraGeometry<aslam::cameras::OmniProjection<aslam::cameras::FovDistortion>, aslam::cameras::RollingShutter, aslam::cameras::NoMask>; std::string = std::__cxx11::basic_string<char>][m[K’
[01m[K/calibration_ws/src/kalibr/aslam_cv/aslam_cv_backend_python/src/module.cpp:59:106:[m[K   required from here
[01m[K/calibration_ws/src/kalibr/aslam_cv/aslam_cv_error_terms/include/aslam/backend/implementation/CovarianceReprojectionError.hpp:49:25:[m[K [01;35m[Kwarning: [m[Kunused variable ‘[01m[Kk[m[K’ [[01;35m[K-Wunused-variable[m[K]
In file included from [01m[K/calibration_ws/src/kalibr/Schweizer-Messer/sm_boost/include/sm/boost/serialization.hpp:10[m[K,
                 from [01m[K/calibration_ws/src/kalibr/aslam_cv/aslam_cameras/include/aslam/Keypoint.hpp:18[m[K,
                 from [01m[K/calibration_ws/src/kalibr/aslam_cv/aslam_cameras/include/aslam/Frame.hpp:15[m[K,
                 from [01m[K/calibration_ws/src/kalibr/aslam_cv/aslam_cv_backend_python/include/aslam/ExportReprojectionError.hpp:4[m[K,
                 from [01m[K/calibration_ws/src/kalibr/aslam_cv/aslam_cv_backend_python/src/module.cpp:4[m[K:
/calibration_ws/src/kalibr/aslam_cv/aslam_cv_error_terms/include/aslam/backend/implementation/CovarianceReprojectionError.hpp: In instantiation of ‘[01m[Kaslam::backend::CovarianceReprojectionError<FRAME_T>::CovarianceReprojectionError(const frame_t*, int, const aslam::backend::HomogeneousExpression&, aslam::backend::CameraDesignVariable<typename FRAME_T::camera_geometry_t>, aslam::backend::CovarianceReprojectionError<FRAME_T>::spline_t*) [with FRAME_T = aslam::Frame<aslam::cameras::CameraGeometry<aslam::cameras::PinholeProjection<aslam::cameras::NoDistortion>, aslam::cameras::RollingShutter, aslam::cameras::NoMask> >; aslam::backend::CovarianceReprojectionError<FRAME_T>::frame_t = aslam::Frame<aslam::cameras::CameraGeometry<aslam::cameras::PinholeProjection<aslam::cameras::NoDistortion>, aslam::cameras::RollingShutter, aslam::cameras::NoMask> >; typename FRAME_T::camera_geometry_t = aslam::cameras::CameraGeometry<aslam::cameras::PinholeProjection<aslam::cameras::NoDistortion>, aslam::cameras::RollingShutter, aslam::cameras::NoMask>; aslam::backend::CovarianceReprojectionError<FRAME_T>::spline_t = aslam::splines::BSplinePoseDesignVariable][m[K’:
[01m[K/usr/include/boost/python/object/pointer_holder.hpp:195:15:[m[K   required from ‘[01m[Kboost::python::objects::pointer_holder<Pointer, Value>::pointer_holder(PyObject*, A0, A1, A2, A3, A4) [with A0 = const aslam::Frame<aslam::cameras::CameraGeometry<aslam::cameras::PinholeProjection<aslam::cameras::NoDistortion>, aslam::cameras::RollingShutter, aslam::cameras::NoMask> >*; A1 = int; A2 = boost::python::objects::reference_to_value<aslam::backend::HomogeneousExpression>; A3 = boost::python::objects::reference_to_value<aslam::backend::CameraDesignVariable<aslam::cameras::CameraGeometry<aslam::cameras::PinholeProjection<aslam::cameras::NoDistortion>, aslam::cameras::RollingShutter, aslam::cameras::NoMask> > >; A4 = aslam::splines::BSplinePoseDesignVariable*; Pointer = boost::shared_ptr<aslam::backend::CovarianceReprojectionError<aslam::Frame<aslam::cameras::CameraGeometry<aslam::cameras::PinholeProjection<aslam::cameras::NoDistortion>, aslam::cameras::RollingShutter, aslam::cameras::NoMask> > > >; Value = aslam::backend::CovarianceReprojectionError<aslam::Frame<aslam::cameras::CameraGeometry<aslam::cameras::PinholeProjection<aslam::cameras::NoDistortion>, aslam::cameras::RollingShutter, aslam::cameras::NoMask> > >; PyObject = _object][m[K’
[01m[K/usr/include/boost/python/object/make_holder.hpp:94:18:[m[K   required from ‘[01m[Kstatic void boost::python::objects::make_holder<5>::apply<Holder, ArgList>::execute(PyObject*, boost::python::objects::make_holder<5>::apply<Holder, ArgList>::t0, boost::python::objects::make_holder<5>::apply<Holder, ArgList>::t1, boost::python::objects::make_holder<5>::apply<Holder, ArgList>::t2, boost::python::objects::make_holder<5>::apply<Holder, ArgList>::t3, boost::python::objects::make_holder<5>::apply<Holder, ArgList>::t4) [with Holder = boost::python::objects::pointer_holder<boost::shared_ptr<aslam::backend::CovarianceReprojectionError<aslam::Frame<aslam::cameras::CameraGeometry<aslam::cameras::PinholeProjection<aslam::cameras::NoDistortion>, aslam::cameras::RollingShutter, aslam::cameras::NoMask> > > >, aslam::backend::CovarianceReprojectionError<aslam::Frame<aslam::cameras::CameraGeometry<aslam::cameras::PinholeProjection<aslam::cameras::NoDistortion>, aslam::cameras::RollingShutter, aslam::cameras::NoMask> > > >; ArgList = boost::mpl::vector5<const aslam::Frame<aslam::cameras::CameraGeometry<aslam::cameras::PinholeProjection<aslam::cameras::NoDistortion>, aslam::cameras::RollingShutter, aslam::cameras::NoMask> >*, int, aslam::backend::HomogeneousExpression, aslam::backend::CameraDesignVariable<aslam::cameras::CameraGeometry<aslam::cameras::PinholeProjection<aslam::cameras::NoDistortion>, aslam::cameras::RollingShutter, aslam::cameras::NoMask> >, aslam::splines::BSplinePoseDesignVariable*>; PyObject = _object; boost::python::objects::make_holder<5>::apply<Holder, ArgList>::t0 = const aslam::Frame<aslam::cameras::CameraGeometry<aslam::cameras::PinholeProjection<aslam::cameras::NoDistortion>, aslam::cameras::RollingShutter, aslam::cameras::NoMask> >*; boost::python::objects::make_holder<5>::apply<Holder, ArgList>::t1 = int; boost::python::objects::make_holder<5>::apply<Holder, ArgList>::t2 = aslam::backend::HomogeneousExpression; boost::python::objects::make_holder<5>::apply<Holder, ArgList>::t3 = aslam::backend::CameraDesignVariable<aslam::cameras::CameraGeometry<aslam::cameras::PinholeProjection<aslam::cameras::NoDistortion>, aslam::cameras::RollingShutter, aslam::cameras::NoMask> >; boost::python::objects::make_holder<5>::apply<Holder, ArgList>::t4 = aslam::splines::BSplinePoseDesignVariable*][m[K’
[01m[K/usr/include/boost/python/detail/make_keyword_range_fn.hpp:63:47:[m[K   required from ‘[01m[Kboost::python::api::object boost::python::detail::make_keyword_range_constructor(const CallPolicies&, const keyword_range&, Holder*, ArgList*, Arity*) [with ArgList = boost::mpl::vector5<const aslam::Frame<aslam::cameras::CameraGeometry<aslam::cameras::PinholeProjection<aslam::cameras::NoDistortion>, aslam::cameras::RollingShutter, aslam::cameras::NoMask> >*, int, aslam::backend::HomogeneousExpression, aslam::backend::CameraDesignVariable<aslam::cameras::CameraGeometry<aslam::cameras::PinholeProjection<aslam::cameras::NoDistortion>, aslam::cameras::RollingShutter, aslam::cameras::NoMask> >, aslam::splines::BSplinePoseDesignVariable*>; Arity = boost::mpl::size<boost::mpl::vector5<const aslam::Frame<aslam::cameras::CameraGeometry<aslam::cameras::PinholeProjection<aslam::cameras::NoDistortion>, aslam::cameras::RollingShutter, aslam::cameras::NoMask> >*, int, aslam::backend::HomogeneousExpression, aslam::backend::CameraDesignVariable<aslam::cameras::CameraGeometry<aslam::cameras::PinholeProjection<aslam::cameras::NoDistortion>, aslam::cameras::RollingShutter, aslam::cameras::NoMask> >, aslam::splines::BSplinePoseDesignVariable*> >; Holder = boost::python::objects::pointer_holder<boost::shared_ptr<aslam::backend::CovarianceReprojectionError<aslam::Frame<aslam::cameras::CameraGeometry<aslam::cameras::PinholeProjection<aslam::cameras::NoDistortion>, aslam::cameras::RollingShutter, aslam::cameras::NoMask> > > >, aslam::backend::CovarianceReprojectionError<aslam::Frame<aslam::cameras::CameraGeometry<aslam::cameras::PinholeProjection<aslam::cameras::NoDistortion>, aslam::cameras::RollingShutter, aslam::cameras::NoMask> > > >; CallPolicies = boost::python::default_call_policies; boost::python::detail::keyword_range = std::pair<const boost::python::detail::keyword*, const boost::python::detail::keyword*>][m[K’
[01m[K/usr/include/boost/python/init.hpp:310:66:[m[K   required from ‘[01m[Kvoid boost::python::detail::def_init_aux(ClassT&, const Signature&, NArgs, const CallPoliciesT&, const char*, const keyword_range&) [with ClassT = boost::python::class_<aslam::backend::CovarianceReprojectionError<aslam::Frame<aslam::cameras::CameraGeometry<aslam::cameras::PinholeProjection<aslam::cameras::NoDistortion>, aslam::cameras::RollingShutter, aslam::cameras::NoMask> > >, boost::shared_ptr<aslam::backend::CovarianceReprojectionError<aslam::Frame<aslam::cameras::CameraGeometry<aslam::cameras::PinholeProjection<aslam::cameras::NoDistortion>, aslam::cameras::RollingShutter, aslam::cameras::NoMask> > > >, boost::python::bases<aslam::backend::ErrorTerm>, boost::python::detail::not_specified>; CallPoliciesT = boost::python::default_call_policies; Signature = boost::mpl::vector5<const aslam::Frame<aslam::cameras::CameraGeometry<aslam::cameras::PinholeProjection<aslam::cameras::NoDistortion>, aslam::cameras::RollingShutter, aslam::cameras::NoMask> >*, int, aslam::backend::HomogeneousExpression, aslam::backend::CameraDesignVariable<aslam::cameras::CameraGeometry<aslam::cameras::PinholeProjection<aslam::cameras::NoDistortion>, aslam::cameras::RollingShutter, aslam::cameras::NoMask> >, aslam::splines::BSplinePoseDesignVariable*>; NArgs = boost::mpl::size<boost::mpl::vector5<const aslam::Frame<aslam::cameras::CameraGeometry<aslam::cameras::PinholeProjection<aslam::cameras::NoDistortion>, aslam::cameras::RollingShutter, aslam::cameras::NoMask> >*, int, aslam::backend::HomogeneousExpression, aslam::backend::CameraDesignVariable<aslam::cameras::CameraGeometry<aslam::cameras::PinholeProjection<aslam::cameras::NoDistortion>, aslam::cameras::RollingShutter, aslam::cameras::NoMask> >, aslam::splines::BSplinePoseDesignVariable*> >; boost::python::detail::keyword_range = std::pair<const boost::python::detail::keyword*, const boost::python::detail::keyword*>][m[K’
[01m[K/usr/include/boost/python/init.hpp:377:31:[m[K   required from ‘[01m[Kstatic void boost::python::detail::define_class_init_helper<0>::apply(ClassT&, const CallPoliciesT&, const Signature&, NArgs, const char*, const keyword_range&) [with ClassT = boost::python::class_<aslam::backend::CovarianceReprojectionError<aslam::Frame<aslam::cameras::CameraGeometry<aslam::cameras::PinholeProjection<aslam::cameras::NoDistortion>, aslam::cameras::RollingShutter, aslam::cameras::NoMask> > >, boost::shared_ptr<aslam::backend::CovarianceReprojectionError<aslam::Frame<aslam::cameras::CameraGeometry<aslam::cameras::PinholeProjection<aslam::cameras::NoDistortion>, aslam::cameras::RollingShutter, aslam::cameras::NoMask> > > >, boost::python::bases<aslam::backend::ErrorTerm>, boost::python::detail::not_specified>; CallPoliciesT = boost::python::default_call_policies; Signature = boost::mpl::vector5<const aslam::Frame<aslam::cameras::CameraGeometry<aslam::cameras::PinholeProjection<aslam::cameras::NoDistortion>, aslam::cameras::RollingShutter, aslam::cameras::NoMask> >*, int, aslam::backend::HomogeneousExpression, aslam::backend::CameraDesignVariable<aslam::cameras::CameraGeometry<aslam::cameras::PinholeProjection<aslam::cameras::NoDistortion>, aslam::cameras::RollingShutter, aslam::cameras::NoMask> >, aslam::splines::BSplinePoseDesignVariable*>; NArgs = boost::mpl::size<boost::mpl::vector5<const aslam::Frame<aslam::cameras::CameraGeometry<aslam::cameras::PinholeProjection<aslam::cameras::NoDistortion>, aslam::cameras::RollingShutter, aslam::cameras::NoMask> >*, int, aslam::backend::HomogeneousExpression, aslam::backend::CameraDesignVariable<aslam::cameras::CameraGeometry<aslam::cameras::PinholeProjection<aslam::cameras::NoDistortion>, aslam::cameras::RollingShutter, aslam::cameras::NoMask> >, aslam::splines::BSplinePoseDesignVariable*> >; boost::python::detail::keyword_range = std::pair<const boost::python::detail::keyword*, const boost::python::detail::keyword*>][m[K’
[01m[K/usr/include/boost/python/init.hpp:149:67:[m[K   [ skipping 2 instantiation contexts, use -ftemplate-backtrace-limit=0 to disable ]
[01m[K/usr/include/boost/python/def_visitor.hpp:67:34:[m[K   required from ‘[01m[Kvoid boost::python::def_visitor<DerivedVisitor>::visit(classT&) const [with classT = boost::python::class_<aslam::backend::CovarianceReprojectionError<aslam::Frame<aslam::cameras::CameraGeometry<aslam::cameras::PinholeProjection<aslam::cameras::NoDistortion>, aslam::cameras::RollingShutter, aslam::cameras::NoMask> > >, boost::shared_ptr<aslam::backend::CovarianceReprojectionError<aslam::Frame<aslam::cameras::CameraGeometry<aslam::cameras::PinholeProjection<aslam::cameras::NoDistortion>, aslam::cameras::RollingShutter, aslam::cameras::NoMask> > > >, boost::python::bases<aslam::backend::ErrorTerm>, boost::python::detail::not_specified>; DerivedVisitor = boost::python::init<const aslam::Frame<aslam::cameras::CameraGeometry<aslam::cameras::PinholeProjection<aslam::cameras::NoDistortion>, aslam::cameras::RollingShutter, aslam::cameras::NoMask> >*, int, aslam::backend::HomogeneousExpression, aslam::backend::CameraDesignVariable<aslam::cameras::CameraGeometry<aslam::cameras::PinholeProjection<aslam::cameras::NoDistortion>, aslam::cameras::RollingShutter, aslam::cameras::NoMask> >, aslam::splines::BSplinePoseDesignVariable*, mpl_::void_, mpl_::void_, mpl_::void_, mpl_::void_, mpl_::void_, mpl_::void_, mpl_::void_, mpl_::void_, mpl_::void_, mpl_::void_>][m[K’
[01m[K/usr/include/boost/python/class.hpp:221:9:[m[K   required from ‘[01m[Kboost::python::class_<T, X1, X2, X3>::self& boost::python::class_<T, X1, X2, X3>::def(const boost::python::def_visitor<Derived>&) [with Derived = boost::python::init<const aslam::Frame<aslam::cameras::CameraGeometry<aslam::cameras::PinholeProjection<aslam::cameras::NoDistortion>, aslam::cameras::RollingShutter, aslam::cameras::NoMask> >*, int, aslam::backend::HomogeneousExpression, aslam::backend::CameraDesignVariable<aslam::cameras::CameraGeometry<aslam::cameras::PinholeProjection<aslam::cameras::NoDistortion>, aslam::cameras::RollingShutter, aslam::cameras::NoMask> >, aslam::splines::BSplinePoseDesignVariable*, mpl_::void_, mpl_::void_, mpl_::void_, mpl_::void_, mpl_::void_, mpl_::void_, mpl_::void_, mpl_::void_, mpl_::void_, mpl_::void_>; W = aslam::backend::CovarianceReprojectionError<aslam::Frame<aslam::cameras::CameraGeometry<aslam::cameras::PinholeProjection<aslam::cameras::NoDistortion>, aslam::cameras::RollingShutter, aslam::cameras::NoMask> > >; X1 = boost::shared_ptr<aslam::backend::CovarianceReprojectionError<aslam::Frame<aslam::cameras::CameraGeometry<aslam::cameras::PinholeProjection<aslam::cameras::NoDistortion>, aslam::cameras::RollingShutter, aslam::cameras::NoMask> > > >; X2 = boost::python::bases<aslam::backend::ErrorTerm>; X3 = boost::python::detail::not_specified; boost::python::class_<T, X1, X2, X3>::self = boost::python::class_<aslam::backend::CovarianceReprojectionError<aslam::Frame<aslam::cameras::CameraGeometry<aslam::cameras::PinholeProjection<aslam::cameras::NoDistortion>, aslam::cameras::RollingShutter, aslam::cameras::NoMask> > >, boost::shared_ptr<aslam::backend::CovarianceReprojectionError<aslam::Frame<aslam::cameras::CameraGeometry<aslam::cameras::PinholeProjection<aslam::cameras::NoDistortion>, aslam::cameras::RollingShutter, aslam::cameras::NoMask> > > >, boost::python::bases<aslam::backend::ErrorTerm>, boost::python::detail::not_specified>][m[K’
[01m[K/usr/include/boost/python/class.hpp:455:9:[m[K   required from ‘[01m[Kvoid boost::python::class_<T, X1, X2, X3>::initialize(const DefVisitor&) [with DefVisitor = boost::python::init_base<boost::python::init<const aslam::Frame<aslam::cameras::CameraGeometry<aslam::cameras::PinholeProjection<aslam::cameras::NoDistortion>, aslam::cameras::RollingShutter, aslam::cameras::NoMask> >*, int, aslam::backend::HomogeneousExpression, aslam::backend::CameraDesignVariable<aslam::cameras::CameraGeometry<aslam::cameras::PinholeProjection<aslam::cameras::NoDistortion>, aslam::cameras::RollingShutter, aslam::cameras::NoMask> >, aslam::splines::BSplinePoseDesignVariable*, mpl_::void_, mpl_::void_, mpl_::void_, mpl_::void_, mpl_::void_, mpl_::void_, mpl_::void_, mpl_::void_, mpl_::void_, mpl_::void_> >; W = aslam::backend::CovarianceReprojectionError<aslam::Frame<aslam::cameras::CameraGeometry<aslam::cameras::PinholeProjection<aslam::cameras::NoDistortion>, aslam::cameras::RollingShutter, aslam::cameras::NoMask> > >; X1 = boost::shared_ptr<aslam::backend::CovarianceReprojectionError<aslam::Frame<aslam::cameras::CameraGeometry<aslam::cameras::PinholeProjection<aslam::cameras::NoDistortion>, aslam::cameras::RollingShutter, aslam::cameras::NoMask> > > >; X2 = boost::python::bases<aslam::backend::ErrorTerm>; X3 = boost::python::detail::not_specified][m[K’
[01m[K/usr/include/boost/python/class.hpp:204:9:[m[K   required from ‘[01m[Kboost::python::class_<T, X1, X2, X3>::class_(const char*, const boost::python::init_base<DerivedT>&) [with DerivedT = boost::python::init<const aslam::Frame<aslam::cameras::CameraGeometry<aslam::cameras::PinholeProjection<aslam::cameras::NoDistortion>, aslam::cameras::RollingShutter, aslam::cameras::NoMask> >*, int, aslam::backend::HomogeneousExpression, aslam::backend::CameraDesignVariable<aslam::cameras::CameraGeometry<aslam::cameras::PinholeProjection<aslam::cameras::NoDistortion>, aslam::cameras::RollingShutter, aslam::cameras::NoMask> >, aslam::splines::BSplinePoseDesignVariable*, mpl_::void_, mpl_::void_, mpl_::void_, mpl_::void_, mpl_::void_, mpl_::void_, mpl_::void_, mpl_::void_, mpl_::void_, mpl_::void_>; W = aslam::backend::CovarianceReprojectionError<aslam::Frame<aslam::cameras::CameraGeometry<aslam::cameras::PinholeProjection<aslam::cameras::NoDistortion>, aslam::cameras::RollingShutter, aslam::cameras::NoMask> > >; X1 = boost::shared_ptr<aslam::backend::CovarianceReprojectionError<aslam::Frame<aslam::cameras::CameraGeometry<aslam::cameras::PinholeProjection<aslam::cameras::NoDistortion>, aslam::cameras::RollingShutter, aslam::cameras::NoMask> > > >; X2 = boost::python::bases<aslam::backend::ErrorTerm>; X3 = boost::python::detail::not_specified][m[K’
[01m[K/calibration_ws/src/kalibr/aslam_cv/aslam_cv_backend_python/include/aslam/ExportReprojectionError.hpp:75:3:[m[K   required from ‘[01m[Kvoid aslam::python::exportCovarianceReprojectionError(const string&) [with CAMERA_GEOMETRY_T = aslam::cameras::CameraGeometry<aslam::cameras::PinholeProjection<aslam::cameras::NoDistortion>, aslam::cameras::RollingShutter, aslam::cameras::NoMask>; std::string = std::__cxx11::basic_string<char>][m[K’
[01m[K/calibration_ws/src/kalibr/aslam_cv/aslam_cv_backend_python/src/module.cpp:28:88:[m[K   required from here
[01m[K/calibration_ws/src/kalibr/aslam_cv/aslam_cv_error_terms/include/aslam/backend/implementation/CovarianceReprojectionError.hpp:27:56:[m[K [01;35m[Kwarning: [m[Kcomparison of integer expressions of different signedness: ‘[01m[Ksize_t[m[K’ {aka ‘[01m[Klong unsigned int[m[K’} and ‘[01m[Kint[m[K’ [[01;35m[K-Wsign-compare[m[K]
   27 |       SM_ASSERT_TRUE(Exception, _frame->numKeypoints() > _keypointIndex, "Keypoint index must be in bounds of frame.");
[01m[K/calibration_ws/src/kalibr/Schweizer-Messer/sm_common/include/sm/assert_macros.hpp:85:8:[m[K [01;36m[Knote: [m[Kin definition of macro ‘[01m[KSM_ASSERT_TRUE[m[K’
   85 |   if(!([01;36m[Kcondition[m[K))              \
      |        [01;36m[K^~~~~~~~~[m[K
/calibration_ws/src/kalibr/aslam_cv/aslam_cv_error_terms/include/aslam/backend/implementation/CovarianceReprojectionError.hpp: In instantiation of ‘[01m[Kaslam::backend::CovarianceReprojectionError<FRAME_T>::CovarianceReprojectionError(const frame_t*, int, const aslam::backend::HomogeneousExpression&, aslam::backend::CameraDesignVariable<typename FRAME_T::camera_geometry_t>, aslam::backend::CovarianceReprojectionError<FRAME_T>::spline_t*) [with FRAME_T = aslam::Frame<aslam::cameras::CameraGeometry<aslam::cameras::PinholeProjection<aslam::cameras::RadialTangentialDistortion>, aslam::cameras::RollingShutter, aslam::cameras::NoMask> >; aslam::backend::CovarianceReprojectionError<FRAME_T>::frame_t = aslam::Frame<aslam::cameras::CameraGeometry<aslam::cameras::PinholeProjection<aslam::cameras::RadialTangentialDistortion>, aslam::cameras::RollingShutter, aslam::cameras::NoMask> >; typename FRAME_T::camera_geometry_t = aslam::cameras::CameraGeometry<aslam::cameras::PinholeProjection<aslam::cameras::RadialTangentialDistortion>, aslam::cameras::RollingShutter, aslam::cameras::NoMask>; aslam::backend::CovarianceReprojectionError<FRAME_T>::spline_t = aslam::splines::BSplinePoseDesignVariable][m[K’:
[01m[K/usr/include/boost/python/object/pointer_holder.hpp:195:15:[m[K   required from ‘[01m[Kboost::python::objects::pointer_holder<Pointer, Value>::pointer_holder(PyObject*, A0, A1, A2, A3, A4) [with A0 = const aslam::Frame<aslam::cameras::CameraGeometry<aslam::cameras::PinholeProjection<aslam::cameras::RadialTangentialDistortion>, aslam::cameras::RollingShutter, aslam::cameras::NoMask> >*; A1 = int; A2 = boost::python::objects::reference_to_value<aslam::backend::HomogeneousExpression>; A3 = boost::python::objects::reference_to_value<aslam::backend::CameraDesignVariable<aslam::cameras::CameraGeometry<aslam::cameras::PinholeProjection<aslam::cameras::RadialTangentialDistortion>, aslam::cameras::RollingShutter, aslam::cameras::NoMask> > >; A4 = aslam::splines::BSplinePoseDesignVariable*; Pointer = boost::shared_ptr<aslam::backend::CovarianceReprojectionError<aslam::Frame<aslam::cameras::CameraGeometry<aslam::cameras::PinholeProjection<aslam::cameras::RadialTangentialDistortion>, aslam::cameras::RollingShutter, aslam::cameras::NoMask> > > >; Value = aslam::backend::CovarianceReprojectionError<aslam::Frame<aslam::cameras::CameraGeometry<aslam::cameras::PinholeProjection<aslam::cameras::RadialTangentialDistortion>, aslam::cameras::RollingShutter, aslam::cameras::NoMask> > >; PyObject = _object][m[K’
[01m[K/usr/include/boost/python/object/make_holder.hpp:94:18:[m[K   required from ‘[01m[Kstatic void boost::python::objects::make_holder<5>::apply<Holder, ArgList>::execute(PyObject*, boost::python::objects::make_holder<5>::apply<Holder, ArgList>::t0, boost::python::objects::make_holder<5>::apply<Holder, ArgList>::t1, boost::python::objects::make_holder<5>::apply<Holder, ArgList>::t2, boost::python::objects::make_holder<5>::apply<Holder, ArgList>::t3, boost::python::objects::make_holder<5>::apply<Holder, ArgList>::t4) [with Holder = boost::python::objects::pointer_holder<boost::shared_ptr<aslam::backend::CovarianceReprojectionError<aslam::Frame<aslam::cameras::CameraGeometry<aslam::cameras::PinholeProjection<aslam::cameras::RadialTangentialDistortion>, aslam::cameras::RollingShutter, aslam::cameras::NoMask> > > >, aslam::backend::CovarianceReprojectionError<aslam::Frame<aslam::cameras::CameraGeometry<aslam::cameras::PinholeProjection<aslam::cameras::RadialTangentialDistortion>, aslam::cameras::RollingShutter, aslam::cameras::NoMask> > > >; ArgList = boost::mpl::vector5<const aslam::Frame<aslam::cameras::CameraGeometry<aslam::cameras::PinholeProjection<aslam::cameras::RadialTangentialDistortion>, aslam::cameras::RollingShutter, aslam::cameras::NoMask> >*, int, aslam::backend::HomogeneousExpression, aslam::backend::CameraDesignVariable<aslam::cameras::CameraGeometry<aslam::cameras::PinholeProjection<aslam::cameras::RadialTangentialDistortion>, aslam::cameras::RollingShutter, aslam::cameras::NoMask> >, aslam::splines::BSplinePoseDesignVariable*>; PyObject = _object; boost::python::objects::make_holder<5>::apply<Holder, ArgList>::t0 = const aslam::Frame<aslam::cameras::CameraGeometry<aslam::cameras::PinholeProjection<aslam::cameras::RadialTangentialDistortion>, aslam::cameras::RollingShutter, aslam::cameras::NoMask> >*; boost::python::objects::make_holder<5>::apply<Holder, ArgList>::t1 = int; boost::python::objects::make_holder<5>::apply<Holder, ArgList>::t2 = aslam::backend::HomogeneousExpression; boost::python::objects::make_holder<5>::apply<Holder, ArgList>::t3 = aslam::backend::CameraDesignVariable<aslam::cameras::CameraGeometry<aslam::cameras::PinholeProjection<aslam::cameras::RadialTangentialDistortion>, aslam::cameras::RollingShutter, aslam::cameras::NoMask> >; boost::python::objects::make_holder<5>::apply<Holder, ArgList>::t4 = aslam::splines::BSplinePoseDesignVariable*][m[K’
[01m[K/usr/include/boost/python/detail/make_keyword_range_fn.hpp:63:47:[m[K   required from ‘[01m[Kboost::python::api::object boost::python::detail::make_keyword_range_constructor(const CallPolicies&, const keyword_range&, Holder*, ArgList*, Arity*) [with ArgList = boost::mpl::vector5<const aslam::Frame<aslam::cameras::CameraGeometry<aslam::cameras::PinholeProjection<aslam::cameras::RadialTangentialDistortion>, aslam::cameras::RollingShutter, aslam::cameras::NoMask> >*, int, aslam::backend::HomogeneousExpression, aslam::backend::CameraDesignVariable<aslam::cameras::CameraGeometry<aslam::cameras::PinholeProjection<aslam::cameras::RadialTangentialDistortion>, aslam::cameras::RollingShutter, aslam::cameras::NoMask> >, aslam::splines::BSplinePoseDesignVariable*>; Arity = boost::mpl::size<boost::mpl::vector5<const aslam::Frame<aslam::cameras::CameraGeometry<aslam::cameras::PinholeProjection<aslam::cameras::RadialTangentialDistortion>, aslam::cameras::RollingShutter, aslam::cameras::NoMask> >*, int, aslam::backend::HomogeneousExpression, aslam::backend::CameraDesignVariable<aslam::cameras::CameraGeometry<aslam::cameras::PinholeProjection<aslam::cameras::RadialTangentialDistortion>, aslam::cameras::RollingShutter, aslam::cameras::NoMask> >, aslam::splines::BSplinePoseDesignVariable*> >; Holder = boost::python::objects::pointer_holder<boost::shared_ptr<aslam::backend::CovarianceReprojectionError<aslam::Frame<aslam::cameras::CameraGeometry<aslam::cameras::PinholeProjection<aslam::cameras::RadialTangentialDistortion>, aslam::cameras::RollingShutter, aslam::cameras::NoMask> > > >, aslam::backend::CovarianceReprojectionError<aslam::Frame<aslam::cameras::CameraGeometry<aslam::cameras::PinholeProjection<aslam::cameras::RadialTangentialDistortion>, aslam::cameras::RollingShutter, aslam::cameras::NoMask> > > >; CallPolicies = boost::python::default_call_policies; boost::python::detail::keyword_range = std::pair<const boost::python::detail::keyword*, const boost::python::detail::keyword*>][m[K’
[01m[K/usr/include/boost/python/init.hpp:310:66:[m[K   required from ‘[01m[Kvoid boost::python::detail::def_init_aux(ClassT&, const Signature&, NArgs, const CallPoliciesT&, const char*, const keyword_range&) [with ClassT = boost::python::class_<aslam::backend::CovarianceReprojectionError<aslam::Frame<aslam::cameras::CameraGeometry<aslam::cameras::PinholeProjection<aslam::cameras::RadialTangentialDistortion>, aslam::cameras::RollingShutter, aslam::cameras::NoMask> > >, boost::shared_ptr<aslam::backend::CovarianceReprojectionError<aslam::Frame<aslam::cameras::CameraGeometry<aslam::cameras::PinholeProjection<aslam::cameras::RadialTangentialDistortion>, aslam::cameras::RollingShutter, aslam::cameras::NoMask> > > >, boost::python::bases<aslam::backend::ErrorTerm>, boost::python::detail::not_specified>; CallPoliciesT = boost::python::default_call_policies; Signature = boost::mpl::vector5<const aslam::Frame<aslam::cameras::CameraGeometry<aslam::cameras::PinholeProjection<aslam::cameras::RadialTangentialDistortion>, aslam::cameras::RollingShutter, aslam::cameras::NoMask> >*, int, aslam::backend::HomogeneousExpression, aslam::backend::CameraDesignVariable<aslam::cameras::CameraGeometry<aslam::cameras::PinholeProjection<aslam::cameras::RadialTangentialDistortion>, aslam::cameras::RollingShutter, aslam::cameras::NoMask> >, aslam::splines::BSplinePoseDesignVariable*>; NArgs = boost::mpl::size<boost::mpl::vector5<const aslam::Frame<aslam::cameras::CameraGeometry<aslam::cameras::PinholeProjection<aslam::cameras::RadialTangentialDistortion>, aslam::cameras::RollingShutter, aslam::cameras::NoMask> >*, int, aslam::backend::HomogeneousExpression, aslam::backend::CameraDesignVariable<aslam::cameras::CameraGeometry<aslam::cameras::PinholeProjection<aslam::cameras::RadialTangentialDistortion>, aslam::cameras::RollingShutter, aslam::cameras::NoMask> >, aslam::splines::BSplinePoseDesignVariable*> >; boost::python::detail::keyword_range = std::pair<const boost::python::detail::keyword*, const boost::python::detail::keyword*>][m[K’
[01m[K/usr/include/boost/python/init.hpp:377:31:[m[K   required from ‘[01m[Kstatic void boost::python::detail::define_class_init_helper<0>::apply(ClassT&, const CallPoliciesT&, const Signature&, NArgs, const char*, const keyword_range&) [with ClassT = boost::python::class_<aslam::backend::CovarianceReprojectionError<aslam::Frame<aslam::cameras::CameraGeometry<aslam::cameras::PinholeProjection<aslam::cameras::RadialTangentialDistortion>, aslam::cameras::RollingShutter, aslam::cameras::NoMask> > >, boost::shared_ptr<aslam::backend::CovarianceReprojectionError<aslam::Frame<aslam::cameras::CameraGeometry<aslam::cameras::PinholeProjection<aslam::cameras::RadialTangentialDistortion>, aslam::cameras::RollingShutter, aslam::cameras::NoMask> > > >, boost::python::bases<aslam::backend::ErrorTerm>, boost::python::detail::not_specified>; CallPoliciesT = boost::python::default_call_policies; Signature = boost::mpl::vector5<const aslam::Frame<aslam::cameras::CameraGeometry<aslam::cameras::PinholeProjection<aslam::cameras::RadialTangentialDistortion>, aslam::cameras::RollingShutter, aslam::cameras::NoMask> >*, int, aslam::backend::HomogeneousExpression, aslam::backend::CameraDesignVariable<aslam::cameras::CameraGeometry<aslam::cameras::PinholeProjection<aslam::cameras::RadialTangentialDistortion>, aslam::cameras::RollingShutter, aslam::cameras::NoMask> >, aslam::splines::BSplinePoseDesignVariable*>; NArgs = boost::mpl::size<boost::mpl::vector5<const aslam::Frame<aslam::cameras::CameraGeometry<aslam::cameras::PinholeProjection<aslam::cameras::RadialTangentialDistortion>, aslam::cameras::RollingShutter, aslam::cameras::NoMask> >*, int, aslam::backend::HomogeneousExpression, aslam::backend::CameraDesignVariable<aslam::cameras::CameraGeometry<aslam::cameras::PinholeProjection<aslam::cameras::RadialTangentialDistortion>, aslam::cameras::RollingShutter, aslam::cameras::NoMask> >, aslam::splines::BSplinePoseDesignVariable*> >; boost::python::detail::keyword_range = std::pair<const boost::python::detail::keyword*, const boost::python::detail::keyword*>][m[K’
[01m[K/usr/include/boost/python/init.hpp:149:67:[m[K   [ skipping 2 instantiation contexts, use -ftemplate-backtrace-limit=0 to disable ]
[01m[K/usr/include/boost/python/def_visitor.hpp:67:34:[m[K   required from ‘[01m[Kvoid boost::python::def_visitor<DerivedVisitor>::visit(classT&) const [with classT = boost::python::class_<aslam::backend::CovarianceReprojectionError<aslam::Frame<aslam::cameras::CameraGeometry<aslam::cameras::PinholeProjection<aslam::cameras::RadialTangentialDistortion>, aslam::cameras::RollingShutter, aslam::cameras::NoMask> > >, boost::shared_ptr<aslam::backend::CovarianceReprojectionError<aslam::Frame<aslam::cameras::CameraGeometry<aslam::cameras::PinholeProjection<aslam::cameras::RadialTangentialDistortion>, aslam::cameras::RollingShutter, aslam::cameras::NoMask> > > >, boost::python::bases<aslam::backend::ErrorTerm>, boost::python::detail::not_specified>; DerivedVisitor = boost::python::init<const aslam::Frame<aslam::cameras::CameraGeometry<aslam::cameras::PinholeProjection<aslam::cameras::RadialTangentialDistortion>, aslam::cameras::RollingShutter, aslam::cameras::NoMask> >*, int, aslam::backend::HomogeneousExpression, aslam::backend::CameraDesignVariable<aslam::cameras::CameraGeometry<aslam::cameras::PinholeProjection<aslam::cameras::RadialTangentialDistortion>, aslam::cameras::RollingShutter, aslam::cameras::NoMask> >, aslam::splines::BSplinePoseDesignVariable*, mpl_::void_, mpl_::void_, mpl_::void_, mpl_::void_, mpl_::void_, mpl_::void_, mpl_::void_, mpl_::void_, mpl_::void_, mpl_::void_>][m[K’
[01m[K/usr/include/boost/python/class.hpp:221:9:[m[K   required from ‘[01m[Kboost::python::class_<T, X1, X2, X3>::self& boost::python::class_<T, X1, X2, X3>::def(const boost::python::def_visitor<Derived>&) [with Derived = boost::python::init<const aslam::Frame<aslam::cameras::CameraGeometry<aslam::cameras::PinholeProjection<aslam::cameras::RadialTangentialDistortion>, aslam::cameras::RollingShutter, aslam::cameras::NoMask> >*, int, aslam::backend::HomogeneousExpression, aslam::backend::CameraDesignVariable<aslam::cameras::CameraGeometry<aslam::cameras::PinholeProjection<aslam::cameras::RadialTangentialDistortion>, aslam::cameras::RollingShutter, aslam::cameras::NoMask> >, aslam::splines::BSplinePoseDesignVariable*, mpl_::void_, mpl_::void_, mpl_::void_, mpl_::void_, mpl_::void_, mpl_::void_, mpl_::void_, mpl_::void_, mpl_::void_, mpl_::void_>; W = aslam::backend::CovarianceReprojectionError<aslam::Frame<aslam::cameras::CameraGeometry<aslam::cameras::PinholeProjection<aslam::cameras::RadialTangentialDistortion>, aslam::cameras::RollingShutter, aslam::cameras::NoMask> > >; X1 = boost::shared_ptr<aslam::backend::CovarianceReprojectionError<aslam::Frame<aslam::cameras::CameraGeometry<aslam::cameras::PinholeProjection<aslam::cameras::RadialTangentialDistortion>, aslam::cameras::RollingShutter, aslam::cameras::NoMask> > > >; X2 = boost::python::bases<aslam::backend::ErrorTerm>; X3 = boost::python::detail::not_specified; boost::python::class_<T, X1, X2, X3>::self = boost::python::class_<aslam::backend::CovarianceReprojectionError<aslam::Frame<aslam::cameras::CameraGeometry<aslam::cameras::PinholeProjection<aslam::cameras::RadialTangentialDistortion>, aslam::cameras::RollingShutter, aslam::cameras::NoMask> > >, boost::shared_ptr<aslam::backend::CovarianceReprojectionError<aslam::Frame<aslam::cameras::CameraGeometry<aslam::cameras::PinholeProjection<aslam::cameras::RadialTangentialDistortion>, aslam::cameras::RollingShutter, aslam::cameras::NoMask> > > >, boost::python::bases<aslam::backend::ErrorTerm>, boost::python::detail::not_specified>][m[K’
[01m[K/usr/include/boost/python/class.hpp:455:9:[m[K   required from ‘[01m[Kvoid boost::python::class_<T, X1, X2, X3>::initialize(const DefVisitor&) [with DefVisitor = boost::python::init_base<boost::python::init<const aslam::Frame<aslam::cameras::CameraGeometry<aslam::cameras::PinholeProjection<aslam::cameras::RadialTangentialDistortion>, aslam::cameras::RollingShutter, aslam::cameras::NoMask> >*, int, aslam::backend::HomogeneousExpression, aslam::backend::CameraDesignVariable<aslam::cameras::CameraGeometry<aslam::cameras::PinholeProjection<aslam::cameras::RadialTangentialDistortion>, aslam::cameras::RollingShutter, aslam::cameras::NoMask> >, aslam::splines::BSplinePoseDesignVariable*, mpl_::void_, mpl_::void_, mpl_::void_, mpl_::void_, mpl_::void_, mpl_::void_, mpl_::void_, mpl_::void_, mpl_::void_, mpl_::void_> >; W = aslam::backend::CovarianceReprojectionError<aslam::Frame<aslam::cameras::CameraGeometry<aslam::cameras::PinholeProjection<aslam::cameras::RadialTangentialDistortion>, aslam::cameras::RollingShutter, aslam::cameras::NoMask> > >; X1 = boost::shared_ptr<aslam::backend::CovarianceReprojectionError<aslam::Frame<aslam::cameras::CameraGeometry<aslam::cameras::PinholeProjection<aslam::cameras::RadialTangentialDistortion>, aslam::cameras::RollingShutter, aslam::cameras::NoMask> > > >; X2 = boost::python::bases<aslam::backend::ErrorTerm>; X3 = boost::python::detail::not_specified][m[K’
[01m[K/usr/include/boost/python/class.hpp:204:9:[m[K   required from ‘[01m[Kboost::python::class_<T, X1, X2, X3>::class_(const char*, const boost::python::init_base<DerivedT>&) [with DerivedT = boost::python::init<const aslam::Frame<aslam::cameras::CameraGeometry<aslam::cameras::PinholeProjection<aslam::cameras::RadialTangentialDistortion>, aslam::cameras::RollingShutter, aslam::cameras::NoMask> >*, int, aslam::backend::HomogeneousExpression, aslam::backend::CameraDesignVariable<aslam::cameras::CameraGeometry<aslam::cameras::PinholeProjection<aslam::cameras::RadialTangentialDistortion>, aslam::cameras::RollingShutter, aslam::cameras::NoMask> >, aslam::splines::BSplinePoseDesignVariable*, mpl_::void_, mpl_::void_, mpl_::void_, mpl_::void_, mpl_::void_, mpl_::void_, mpl_::void_, mpl_::void_, mpl_::void_, mpl_::void_>; W = aslam::backend::CovarianceReprojectionError<aslam::Frame<aslam::cameras::CameraGeometry<aslam::cameras::PinholeProjection<aslam::cameras::RadialTangentialDistortion>, aslam::cameras::RollingShutter, aslam::cameras::NoMask> > >; X1 = boost::shared_ptr<aslam::backend::CovarianceReprojectionError<aslam::Frame<aslam::cameras::CameraGeometry<aslam::cameras::PinholeProjection<aslam::cameras::RadialTangentialDistortion>, aslam::cameras::RollingShutter, aslam::cameras::NoMask> > > >; X2 = boost::python::bases<aslam::backend::ErrorTerm>; X3 = boost::python::detail::not_specified][m[K’
[01m[K/calibration_ws/src/kalibr/aslam_cv/aslam_cv_backend_python/include/aslam/ExportReprojectionError.hpp:75:3:[m[K   required from ‘[01m[Kvoid aslam::python::exportCovarianceReprojectionError(const string&) [with CAMERA_GEOMETRY_T = aslam::cameras::CameraGeometry<aslam::cameras::PinholeProjection<aslam::cameras::RadialTangentialDistortion>, aslam::cameras::RollingShutter, aslam::cameras::NoMask>; std::string = std::__cxx11::basic_string<char>][m[K’
[01m[K/calibration_ws/src/kalibr/aslam_cv/aslam_cv_backend_python/src/module.cpp:32:106:[m[K   required from here
[01m[K/calibration_ws/src/kalibr/aslam_cv/aslam_cv_error_terms/include/aslam/backend/implementation/CovarianceReprojectionError.hpp:27:56:[m[K [01;35m[Kwarning: [m[Kcomparison of integer expressions of different signedness: ‘[01m[Ksize_t[m[K’ {aka ‘[01m[Klong unsigned int[m[K’} and ‘[01m[Kint[m[K’ [[01;35m[K-Wsign-compare[m[K]
   27 |       SM_ASSERT_TRUE(Exception, _frame->numKeypoints() > _keypointIndex, "Keypoint index must be in bounds of frame.");
[01m[K/calibration_ws/src/kalibr/Schweizer-Messer/sm_common/include/sm/assert_macros.hpp:85:8:[m[K [01;36m[Knote: [m[Kin definition of macro ‘[01m[KSM_ASSERT_TRUE[m[K’
   85 |   if(!([01;36m[Kcondition[m[K))              \
      |        [01;36m[K^~~~~~~~~[m[K
/calibration_ws/src/kalibr/aslam_cv/aslam_cv_error_terms/include/aslam/backend/implementation/CovarianceReprojectionError.hpp: In instantiation of ‘[01m[Kaslam::backend::CovarianceReprojectionError<FRAME_T>::CovarianceReprojectionError(const frame_t*, int, const aslam::backend::HomogeneousExpression&, aslam::backend::CameraDesignVariable<typename FRAME_T::camera_geometry_t>, aslam::backend::CovarianceReprojectionError<FRAME_T>::spline_t*) [with FRAME_T = aslam::Frame<aslam::cameras::CameraGeometry<aslam::cameras::PinholeProjection<aslam::cameras::EquidistantDistortion>, aslam::cameras::RollingShutter, aslam::cameras::NoMask> >; aslam::backend::CovarianceReprojectionError<FRAME_T>::frame_t = aslam::Frame<aslam::cameras::CameraGeometry<aslam::cameras::PinholeProjection<aslam::cameras::EquidistantDistortion>, aslam::cameras::RollingShutter, aslam::cameras::NoMask> >; typename FRAME_T::camera_geometry_t = aslam::cameras::CameraGeometry<aslam::cameras::PinholeProjection<aslam::cameras::EquidistantDistortion>, aslam::cameras::RollingShutter, aslam::cameras::NoMask>; aslam::backend::CovarianceReprojectionError<FRAME_T>::spline_t = aslam::splines::BSplinePoseDesignVariable][m[K’:
[01m[K/usr/include/boost/python/object/pointer_holder.hpp:195:15:[m[K   required from ‘[01m[Kboost::python::objects::pointer_holder<Pointer, Value>::pointer_holder(PyObject*, A0, A1, A2, A3, A4) [with A0 = const aslam::Frame<aslam::cameras::CameraGeometry<aslam::cameras::PinholeProjection<aslam::cameras::EquidistantDistortion>, aslam::cameras::RollingShutter, aslam::cameras::NoMask> >*; A1 = int; A2 = boost::python::objects::reference_to_value<aslam::backend::HomogeneousExpression>; A3 = boost::python::objects::reference_to_value<aslam::backend::CameraDesignVariable<aslam::cameras::CameraGeometry<aslam::cameras::PinholeProjection<aslam::cameras::EquidistantDistortion>, aslam::cameras::RollingShutter, aslam::cameras::NoMask> > >; A4 = aslam::splines::BSplinePoseDesignVariable*; Pointer = boost::shared_ptr<aslam::backend::CovarianceReprojectionError<aslam::Frame<aslam::cameras::CameraGeometry<aslam::cameras::PinholeProjection<aslam::cameras::EquidistantDistortion>, aslam::cameras::RollingShutter, aslam::cameras::NoMask> > > >; Value = aslam::backend::CovarianceReprojectionError<aslam::Frame<aslam::cameras::CameraGeometry<aslam::cameras::PinholeProjection<aslam::cameras::EquidistantDistortion>, aslam::cameras::RollingShutter, aslam::cameras::NoMask> > >; PyObject = _object][m[K’
[01m[K/usr/include/boost/python/object/make_holder.hpp:94:18:[m[K   required from ‘[01m[Kstatic void boost::python::objects::make_holder<5>::apply<Holder, ArgList>::execute(PyObject*, boost::python::objects::make_holder<5>::apply<Holder, ArgList>::t0, boost::python::objects::make_holder<5>::apply<Holder, ArgList>::t1, boost::python::objects::make_holder<5>::apply<Holder, ArgList>::t2, boost::python::objects::make_holder<5>::apply<Holder, ArgList>::t3, boost::python::objects::make_holder<5>::apply<Holder, ArgList>::t4) [with Holder = boost::python::objects::pointer_holder<boost::shared_ptr<aslam::backend::CovarianceReprojectionError<aslam::Frame<aslam::cameras::CameraGeometry<aslam::cameras::PinholeProjection<aslam::cameras::EquidistantDistortion>, aslam::cameras::RollingShutter, aslam::cameras::NoMask> > > >, aslam::backend::CovarianceReprojectionError<aslam::Frame<aslam::cameras::CameraGeometry<aslam::cameras::PinholeProjection<aslam::cameras::EquidistantDistortion>, aslam::cameras::RollingShutter, aslam::cameras::NoMask> > > >; ArgList = boost::mpl::vector5<const aslam::Frame<aslam::cameras::CameraGeometry<aslam::cameras::PinholeProjection<aslam::cameras::EquidistantDistortion>, aslam::cameras::RollingShutter, aslam::cameras::NoMask> >*, int, aslam::backend::HomogeneousExpression, aslam::backend::CameraDesignVariable<aslam::cameras::CameraGeometry<aslam::cameras::PinholeProjection<aslam::cameras::EquidistantDistortion>, aslam::cameras::RollingShutter, aslam::cameras::NoMask> >, aslam::splines::BSplinePoseDesignVariable*>; PyObject = _object; boost::python::objects::make_holder<5>::apply<Holder, ArgList>::t0 = const aslam::Frame<aslam::cameras::CameraGeometry<aslam::cameras::PinholeProjection<aslam::cameras::EquidistantDistortion>, aslam::cameras::RollingShutter, aslam::cameras::NoMask> >*; boost::python::objects::make_holder<5>::apply<Holder, ArgList>::t1 = int; boost::python::objects::make_holder<5>::apply<Holder, ArgList>::t2 = aslam::backend::HomogeneousExpression; boost::python::objects::make_holder<5>::apply<Holder, ArgList>::t3 = aslam::backend::CameraDesignVariable<aslam::cameras::CameraGeometry<aslam::cameras::PinholeProjection<aslam::cameras::EquidistantDistortion>, aslam::cameras::RollingShutter, aslam::cameras::NoMask> >; boost::python::objects::make_holder<5>::apply<Holder, ArgList>::t4 = aslam::splines::BSplinePoseDesignVariable*][m[K’
[01m[K/usr/include/boost/python/detail/make_keyword_range_fn.hpp:63:47:[m[K   required from ‘[01m[Kboost::python::api::object boost::python::detail::make_keyword_range_constructor(const CallPolicies&, const keyword_range&, Holder*, ArgList*, Arity*) [with ArgList = boost::mpl::vector5<const aslam::Frame<aslam::cameras::CameraGeometry<aslam::cameras::PinholeProjection<aslam::cameras::EquidistantDistortion>, aslam::cameras::RollingShutter, aslam::cameras::NoMask> >*, int, aslam::backend::HomogeneousExpression, aslam::backend::CameraDesignVariable<aslam::cameras::CameraGeometry<aslam::cameras::PinholeProjection<aslam::cameras::EquidistantDistortion>, aslam::cameras::RollingShutter, aslam::cameras::NoMask> >, aslam::splines::BSplinePoseDesignVariable*>; Arity = boost::mpl::size<boost::mpl::vector5<const aslam::Frame<aslam::cameras::CameraGeometry<aslam::cameras::PinholeProjection<aslam::cameras::EquidistantDistortion>, aslam::cameras::RollingShutter, aslam::cameras::NoMask> >*, int, aslam::backend::HomogeneousExpression, aslam::backend::CameraDesignVariable<aslam::cameras::CameraGeometry<aslam::cameras::PinholeProjection<aslam::cameras::EquidistantDistortion>, aslam::cameras::RollingShutter, aslam::cameras::NoMask> >, aslam::splines::BSplinePoseDesignVariable*> >; Holder = boost::python::objects::pointer_holder<boost::shared_ptr<aslam::backend::CovarianceReprojectionError<aslam::Frame<aslam::cameras::CameraGeometry<aslam::cameras::PinholeProjection<aslam::cameras::EquidistantDistortion>, aslam::cameras::RollingShutter, aslam::cameras::NoMask> > > >, aslam::backend::CovarianceReprojectionError<aslam::Frame<aslam::cameras::CameraGeometry<aslam::cameras::PinholeProjection<aslam::cameras::EquidistantDistortion>, aslam::cameras::RollingShutter, aslam::cameras::NoMask> > > >; CallPolicies = boost::python::default_call_policies; boost::python::detail::keyword_range = std::pair<const boost::python::detail::keyword*, const boost::python::detail::keyword*>][m[K’
[01m[K/usr/include/boost/python/init.hpp:310:66:[m[K   required from ‘[01m[Kvoid boost::python::detail::def_init_aux(ClassT&, const Signature&, NArgs, const CallPoliciesT&, const char*, const keyword_range&) [with ClassT = boost::python::class_<aslam::backend::CovarianceReprojectionError<aslam::Frame<aslam::cameras::CameraGeometry<aslam::cameras::PinholeProjection<aslam::cameras::EquidistantDistortion>, aslam::cameras::RollingShutter, aslam::cameras::NoMask> > >, boost::shared_ptr<aslam::backend::CovarianceReprojectionError<aslam::Frame<aslam::cameras::CameraGeometry<aslam::cameras::PinholeProjection<aslam::cameras::EquidistantDistortion>, aslam::cameras::RollingShutter, aslam::cameras::NoMask> > > >, boost::python::bases<aslam::backend::ErrorTerm>, boost::python::detail::not_specified>; CallPoliciesT = boost::python::default_call_policies; Signature = boost::mpl::vector5<const aslam::Frame<aslam::cameras::CameraGeometry<aslam::cameras::PinholeProjection<aslam::cameras::EquidistantDistortion>, aslam::cameras::RollingShutter, aslam::cameras::NoMask> >*, int, aslam::backend::HomogeneousExpression, aslam::backend::CameraDesignVariable<aslam::cameras::CameraGeometry<aslam::cameras::PinholeProjection<aslam::cameras::EquidistantDistortion>, aslam::cameras::RollingShutter, aslam::cameras::NoMask> >, aslam::splines::BSplinePoseDesignVariable*>; NArgs = boost::mpl::size<boost::mpl::vector5<const aslam::Frame<aslam::cameras::CameraGeometry<aslam::cameras::PinholeProjection<aslam::cameras::EquidistantDistortion>, aslam::cameras::RollingShutter, aslam::cameras::NoMask> >*, int, aslam::backend::HomogeneousExpression, aslam::backend::CameraDesignVariable<aslam::cameras::CameraGeometry<aslam::cameras::PinholeProjection<aslam::cameras::EquidistantDistortion>, aslam::cameras::RollingShutter, aslam::cameras::NoMask> >, aslam::splines::BSplinePoseDesignVariable*> >; boost::python::detail::keyword_range = std::pair<const boost::python::detail::keyword*, const boost::python::detail::keyword*>][m[K’
[01m[K/usr/include/boost/python/init.hpp:377:31:[m[K   required from ‘[01m[Kstatic void boost::python::detail::define_class_init_helper<0>::apply(ClassT&, const CallPoliciesT&, const Signature&, NArgs, const char*, const keyword_range&) [with ClassT = boost::python::class_<aslam::backend::CovarianceReprojectionError<aslam::Frame<aslam::cameras::CameraGeometry<aslam::cameras::PinholeProjection<aslam::cameras::EquidistantDistortion>, aslam::cameras::RollingShutter, aslam::cameras::NoMask> > >, boost::shared_ptr<aslam::backend::CovarianceReprojectionError<aslam::Frame<aslam::cameras::CameraGeometry<aslam::cameras::PinholeProjection<aslam::cameras::EquidistantDistortion>, aslam::cameras::RollingShutter, aslam::cameras::NoMask> > > >, boost::python::bases<aslam::backend::ErrorTerm>, boost::python::detail::not_specified>; CallPoliciesT = boost::python::default_call_policies; Signature = boost::mpl::vector5<const aslam::Frame<aslam::cameras::CameraGeometry<aslam::cameras::PinholeProjection<aslam::cameras::EquidistantDistortion>, aslam::cameras::RollingShutter, aslam::cameras::NoMask> >*, int, aslam::backend::HomogeneousExpression, aslam::backend::CameraDesignVariable<aslam::cameras::CameraGeometry<aslam::cameras::PinholeProjection<aslam::cameras::EquidistantDistortion>, aslam::cameras::RollingShutter, aslam::cameras::NoMask> >, aslam::splines::BSplinePoseDesignVariable*>; NArgs = boost::mpl::size<boost::mpl::vector5<const aslam::Frame<aslam::cameras::CameraGeometry<aslam::cameras::PinholeProjection<aslam::cameras::EquidistantDistortion>, aslam::cameras::RollingShutter, aslam::cameras::NoMask> >*, int, aslam::backend::HomogeneousExpression, aslam::backend::CameraDesignVariable<aslam::cameras::CameraGeometry<aslam::cameras::PinholeProjection<aslam::cameras::EquidistantDistortion>, aslam::cameras::RollingShutter, aslam::cameras::NoMask> >, aslam::splines::BSplinePoseDesignVariable*> >; boost::python::detail::keyword_range = std::pair<const boost::python::detail::keyword*, const boost::python::detail::keyword*>][m[K’
[01m[K/usr/include/boost/python/init.hpp:149:67:[m[K   [ skipping 2 instantiation contexts, use -ftemplate-backtrace-limit=0 to disable ]
[01m[K/usr/include/boost/python/def_visitor.hpp:67:34:[m[K   required from ‘[01m[Kvoid boost::python::def_visitor<DerivedVisitor>::visit(classT&) const [with classT = boost::python::class_<aslam::backend::CovarianceReprojectionError<aslam::Frame<aslam::cameras::CameraGeometry<aslam::cameras::PinholeProjection<aslam::cameras::EquidistantDistortion>, aslam::cameras::RollingShutter, aslam::cameras::NoMask> > >, boost::shared_ptr<aslam::backend::CovarianceReprojectionError<aslam::Frame<aslam::cameras::CameraGeometry<aslam::cameras::PinholeProjection<aslam::cameras::EquidistantDistortion>, aslam::cameras::RollingShutter, aslam::cameras::NoMask> > > >, boost::python::bases<aslam::backend::ErrorTerm>, boost::python::detail::not_specified>; DerivedVisitor = boost::python::init<const aslam::Frame<aslam::cameras::CameraGeometry<aslam::cameras::PinholeProjection<aslam::cameras::EquidistantDistortion>, aslam::cameras::RollingShutter, aslam::cameras::NoMask> >*, int, aslam::backend::HomogeneousExpression, aslam::backend::CameraDesignVariable<aslam::cameras::CameraGeometry<aslam::cameras::PinholeProjection<aslam::cameras::EquidistantDistortion>, aslam::cameras::RollingShutter, aslam::cameras::NoMask> >, aslam::splines::BSplinePoseDesignVariable*, mpl_::void_, mpl_::void_, mpl_::void_, mpl_::void_, mpl_::void_, mpl_::void_, mpl_::void_, mpl_::void_, mpl_::void_, mpl_::void_>][m[K’
[01m[K/usr/include/boost/python/class.hpp:221:9:[m[K   required from ‘[01m[Kboost::python::class_<T, X1, X2, X3>::self& boost::python::class_<T, X1, X2, X3>::def(const boost::python::def_visitor<Derived>&) [with Derived = boost::python::init<const aslam::Frame<aslam::cameras::CameraGeometry<aslam::cameras::PinholeProjection<aslam::cameras::EquidistantDistortion>, aslam::cameras::RollingShutter, aslam::cameras::NoMask> >*, int, aslam::backend::HomogeneousExpression, aslam::backend::CameraDesignVariable<aslam::cameras::CameraGeometry<aslam::cameras::PinholeProjection<aslam::cameras::EquidistantDistortion>, aslam::cameras::RollingShutter, aslam::cameras::NoMask> >, aslam::splines::BSplinePoseDesignVariable*, mpl_::void_, mpl_::void_, mpl_::void_, mpl_::void_, mpl_::void_, mpl_::void_, mpl_::void_, mpl_::void_, mpl_::void_, mpl_::void_>; W = aslam::backend::CovarianceReprojectionError<aslam::Frame<aslam::cameras::CameraGeometry<aslam::cameras::PinholeProjection<aslam::cameras::EquidistantDistortion>, aslam::cameras::RollingShutter, aslam::cameras::NoMask> > >; X1 = boost::shared_ptr<aslam::backend::CovarianceReprojectionError<aslam::Frame<aslam::cameras::CameraGeometry<aslam::cameras::PinholeProjection<aslam::cameras::EquidistantDistortion>, aslam::cameras::RollingShutter, aslam::cameras::NoMask> > > >; X2 = boost::python::bases<aslam::backend::ErrorTerm>; X3 = boost::python::detail::not_specified; boost::python::class_<T, X1, X2, X3>::self = boost::python::class_<aslam::backend::CovarianceReprojectionError<aslam::Frame<aslam::cameras::CameraGeometry<aslam::cameras::PinholeProjection<aslam::cameras::EquidistantDistortion>, aslam::cameras::RollingShutter, aslam::cameras::NoMask> > >, boost::shared_ptr<aslam::backend::CovarianceReprojectionError<aslam::Frame<aslam::cameras::CameraGeometry<aslam::cameras::PinholeProjection<aslam::cameras::EquidistantDistortion>, aslam::cameras::RollingShutter, aslam::cameras::NoMask> > > >, boost::python::bases<aslam::backend::ErrorTerm>, boost::python::detail::not_specified>][m[K’
[01m[K/usr/include/boost/python/class.hpp:455:9:[m[K   required from ‘[01m[Kvoid boost::python::class_<T, X1, X2, X3>::initialize(const DefVisitor&) [with DefVisitor = boost::python::init_base<boost::python::init<const aslam::Frame<aslam::cameras::CameraGeometry<aslam::cameras::PinholeProjection<aslam::cameras::EquidistantDistortion>, aslam::cameras::RollingShutter, aslam::cameras::NoMask> >*, int, aslam::backend::HomogeneousExpression, aslam::backend::CameraDesignVariable<aslam::cameras::CameraGeometry<aslam::cameras::PinholeProjection<aslam::cameras::EquidistantDistortion>, aslam::cameras::RollingShutter, aslam::cameras::NoMask> >, aslam::splines::BSplinePoseDesignVariable*, mpl_::void_, mpl_::void_, mpl_::void_, mpl_::void_, mpl_::void_, mpl_::void_, mpl_::void_, mpl_::void_, mpl_::void_, mpl_::void_> >; W = aslam::backend::CovarianceReprojectionError<aslam::Frame<aslam::cameras::CameraGeometry<aslam::cameras::PinholeProjection<aslam::cameras::EquidistantDistortion>, aslam::cameras::RollingShutter, aslam::cameras::NoMask> > >; X1 = boost::shared_ptr<aslam::backend::CovarianceReprojectionError<aslam::Frame<aslam::cameras::CameraGeometry<aslam::cameras::PinholeProjection<aslam::cameras::EquidistantDistortion>, aslam::cameras::RollingShutter, aslam::cameras::NoMask> > > >; X2 = boost::python::bases<aslam::backend::ErrorTerm>; X3 = boost::python::detail::not_specified][m[K’
[01m[K/usr/include/boost/python/class.hpp:204:9:[m[K   required from ‘[01m[Kboost::python::class_<T, X1, X2, X3>::class_(const char*, const boost::python::init_base<DerivedT>&) [with DerivedT = boost::python::init<const aslam::Frame<aslam::cameras::CameraGeometry<aslam::cameras::PinholeProjection<aslam::cameras::EquidistantDistortion>, aslam::cameras::RollingShutter, aslam::cameras::NoMask> >*, int, aslam::backend::HomogeneousExpression, aslam::backend::CameraDesignVariable<aslam::cameras::CameraGeometry<aslam::cameras::PinholeProjection<aslam::cameras::EquidistantDistortion>, aslam::cameras::RollingShutter, aslam::cameras::NoMask> >, aslam::splines::BSplinePoseDesignVariable*, mpl_::void_, mpl_::void_, mpl_::void_, mpl_::void_, mpl_::void_, mpl_::void_, mpl_::void_, mpl_::void_, mpl_::void_, mpl_::void_>; W = aslam::backend::CovarianceReprojectionError<aslam::Frame<aslam::cameras::CameraGeometry<aslam::cameras::PinholeProjection<aslam::cameras::EquidistantDistortion>, aslam::cameras::RollingShutter, aslam::cameras::NoMask> > >; X1 = boost::shared_ptr<aslam::backend::CovarianceReprojectionError<aslam::Frame<aslam::cameras::CameraGeometry<aslam::cameras::PinholeProjection<aslam::cameras::EquidistantDistortion>, aslam::cameras::RollingShutter, aslam::cameras::NoMask> > > >; X2 = boost::python::bases<aslam::backend::ErrorTerm>; X3 = boost::python::detail::not_specified][m[K’
[01m[K/calibration_ws/src/kalibr/aslam_cv/aslam_cv_backend_python/include/aslam/ExportReprojectionError.hpp:75:3:[m[K   required from ‘[01m[Kvoid aslam::python::exportCovarianceReprojectionError(const string&) [with CAMERA_GEOMETRY_T = aslam::cameras::CameraGeometry<aslam::cameras::PinholeProjection<aslam::cameras::EquidistantDistortion>, aslam::cameras::RollingShutter, aslam::cameras::NoMask>; std::string = std::__cxx11::basic_string<char>][m[K’
[01m[K/calibration_ws/src/kalibr/aslam_cv/aslam_cv_backend_python/src/module.cpp:36:128:[m[K   required from here
[01m[K/calibration_ws/src/kalibr/aslam_cv/aslam_cv_error_terms/include/aslam/backend/implementation/CovarianceReprojectionError.hpp:27:56:[m[K [01;35m[Kwarning: [m[Kcomparison of integer expressions of different signedness: ‘[01m[Ksize_t[m[K’ {aka ‘[01m[Klong unsigned int[m[K’} and ‘[01m[Kint[m[K’ [[01;35m[K-Wsign-compare[m[K]
   27 |       SM_ASSERT_TRUE(Exception, _frame->numKeypoints() > _keypointIndex, "Keypoint index must be in bounds of frame.");
[01m[K/calibration_ws/src/kalibr/Schweizer-Messer/sm_common/include/sm/assert_macros.hpp:85:8:[m[K [01;36m[Knote: [m[Kin definition of macro ‘[01m[KSM_ASSERT_TRUE[m[K’
   85 |   if(!([01;36m[Kcondition[m[K))              \
      |        [01;36m[K^~~~~~~~~[m[K
/calibration_ws/src/kalibr/aslam_cv/aslam_cv_error_terms/include/aslam/backend/implementation/CovarianceReprojectionError.hpp: In instantiation of ‘[01m[Kaslam::backend::CovarianceReprojectionError<FRAME_T>::CovarianceReprojectionError(const frame_t*, int, const aslam::backend::HomogeneousExpression&, aslam::backend::CameraDesignVariable<typename FRAME_T::camera_geometry_t>, aslam::backend::CovarianceReprojectionError<FRAME_T>::spline_t*) [with FRAME_T = aslam::Frame<aslam::cameras::CameraGeometry<aslam::cameras::PinholeProjection<aslam::cameras::FovDistortion>, aslam::cameras::RollingShutter, aslam::cameras::NoMask> >; aslam::backend::CovarianceReprojectionError<FRAME_T>::frame_t = aslam::Frame<aslam::cameras::CameraGeometry<aslam::cameras::PinholeProjection<aslam::cameras::FovDistortion>, aslam::cameras::RollingShutter, aslam::cameras::NoMask> >; typename FRAME_T::camera_geometry_t = aslam::cameras::CameraGeometry<aslam::cameras::PinholeProjection<aslam::cameras::FovDistortion>, aslam::cameras::RollingShutter, aslam::cameras::NoMask>; aslam::backend::CovarianceReprojectionError<FRAME_T>::spline_t = aslam::splines::BSplinePoseDesignVariable][m[K’:
[01m[K/usr/include/boost/python/object/pointer_holder.hpp:195:15:[m[K   required from ‘[01m[Kboost::python::objects::pointer_holder<Pointer, Value>::pointer_holder(PyObject*, A0, A1, A2, A3, A4) [with A0 = const aslam::Frame<aslam::cameras::CameraGeometry<aslam::cameras::PinholeProjection<aslam::cameras::FovDistortion>, aslam::cameras::RollingShutter, aslam::cameras::NoMask> >*; A1 = int; A2 = boost::python::objects::reference_to_value<aslam::backend::HomogeneousExpression>; A3 = boost::python::objects::reference_to_value<aslam::backend::CameraDesignVariable<aslam::cameras::CameraGeometry<aslam::cameras::PinholeProjection<aslam::cameras::FovDistortion>, aslam::cameras::RollingShutter, aslam::cameras::NoMask> > >; A4 = aslam::splines::BSplinePoseDesignVariable*; Pointer = boost::shared_ptr<aslam::backend::CovarianceReprojectionError<aslam::Frame<aslam::cameras::CameraGeometry<aslam::cameras::PinholeProjection<aslam::cameras::FovDistortion>, aslam::cameras::RollingShutter, aslam::cameras::NoMask> > > >; Value = aslam::backend::CovarianceReprojectionError<aslam::Frame<aslam::cameras::CameraGeometry<aslam::cameras::PinholeProjection<aslam::cameras::FovDistortion>, aslam::cameras::RollingShutter, aslam::cameras::NoMask> > >; PyObject = _object][m[K’
[01m[K/usr/include/boost/python/object/make_holder.hpp:94:18:[m[K   required from ‘[01m[Kstatic void boost::python::objects::make_holder<5>::apply<Holder, ArgList>::execute(PyObject*, boost::python::objects::make_holder<5>::apply<Holder, ArgList>::t0, boost::python::objects::make_holder<5>::apply<Holder, ArgList>::t1, boost::python::objects::make_holder<5>::apply<Holder, ArgList>::t2, boost::python::objects::make_holder<5>::apply<Holder, ArgList>::t3, boost::python::objects::make_holder<5>::apply<Holder, ArgList>::t4) [with Holder = boost::python::objects::pointer_holder<boost::shared_ptr<aslam::backend::CovarianceReprojectionError<aslam::Frame<aslam::cameras::CameraGeometry<aslam::cameras::PinholeProjection<aslam::cameras::FovDistortion>, aslam::cameras::RollingShutter, aslam::cameras::NoMask> > > >, aslam::backend::CovarianceReprojectionError<aslam::Frame<aslam::cameras::CameraGeometry<aslam::cameras::PinholeProjection<aslam::cameras::FovDistortion>, aslam::cameras::RollingShutter, aslam::cameras::NoMask> > > >; ArgList = boost::mpl::vector5<const aslam::Frame<aslam::cameras::CameraGeometry<aslam::cameras::PinholeProjection<aslam::cameras::FovDistortion>, aslam::cameras::RollingShutter, aslam::cameras::NoMask> >*, int, aslam::backend::HomogeneousExpression, aslam::backend::CameraDesignVariable<aslam::cameras::CameraGeometry<aslam::cameras::PinholeProjection<aslam::cameras::FovDistortion>, aslam::cameras::RollingShutter, aslam::cameras::NoMask> >, aslam::splines::BSplinePoseDesignVariable*>; PyObject = _object; boost::python::objects::make_holder<5>::apply<Holder, ArgList>::t0 = const aslam::Frame<aslam::cameras::CameraGeometry<aslam::cameras::PinholeProjection<aslam::cameras::FovDistortion>, aslam::cameras::RollingShutter, aslam::cameras::NoMask> >*; boost::python::objects::make_holder<5>::apply<Holder, ArgList>::t1 = int; boost::python::objects::make_holder<5>::apply<Holder, ArgList>::t2 = aslam::backend::HomogeneousExpression; boost::python::objects::make_holder<5>::apply<Holder, ArgList>::t3 = aslam::backend::CameraDesignVariable<aslam::cameras::CameraGeometry<aslam::cameras::PinholeProjection<aslam::cameras::FovDistortion>, aslam::cameras::RollingShutter, aslam::cameras::NoMask> >; boost::python::objects::make_holder<5>::apply<Holder, ArgList>::t4 = aslam::splines::BSplinePoseDesignVariable*][m[K’
[01m[K/usr/include/boost/python/detail/make_keyword_range_fn.hpp:63:47:[m[K   required from ‘[01m[Kboost::python::api::object boost::python::detail::make_keyword_range_constructor(const CallPolicies&, const keyword_range&, Holder*, ArgList*, Arity*) [with ArgList = boost::mpl::vector5<const aslam::Frame<aslam::cameras::CameraGeometry<aslam::cameras::PinholeProjection<aslam::cameras::FovDistortion>, aslam::cameras::RollingShutter, aslam::cameras::NoMask> >*, int, aslam::backend::HomogeneousExpression, aslam::backend::CameraDesignVariable<aslam::cameras::CameraGeometry<aslam::cameras::PinholeProjection<aslam::cameras::FovDistortion>, aslam::cameras::RollingShutter, aslam::cameras::NoMask> >, aslam::splines::BSplinePoseDesignVariable*>; Arity = boost::mpl::size<boost::mpl::vector5<const aslam::Frame<aslam::cameras::CameraGeometry<aslam::cameras::PinholeProjection<aslam::cameras::FovDistortion>, aslam::cameras::RollingShutter, aslam::cameras::NoMask> >*, int, aslam::backend::HomogeneousExpression, aslam::backend::CameraDesignVariable<aslam::cameras::CameraGeometry<aslam::cameras::PinholeProjection<aslam::cameras::FovDistortion>, aslam::cameras::RollingShutter, aslam::cameras::NoMask> >, aslam::splines::BSplinePoseDesignVariable*> >; Holder = boost::python::objects::pointer_holder<boost::shared_ptr<aslam::backend::CovarianceReprojectionError<aslam::Frame<aslam::cameras::CameraGeometry<aslam::cameras::PinholeProjection<aslam::cameras::FovDistortion>, aslam::cameras::RollingShutter, aslam::cameras::NoMask> > > >, aslam::backend::CovarianceReprojectionError<aslam::Frame<aslam::cameras::CameraGeometry<aslam::cameras::PinholeProjection<aslam::cameras::FovDistortion>, aslam::cameras::RollingShutter, aslam::cameras::NoMask> > > >; CallPolicies = boost::python::default_call_policies; boost::python::detail::keyword_range = std::pair<const boost::python::detail::keyword*, const boost::python::detail::keyword*>][m[K’
[01m[K/usr/include/boost/python/init.hpp:310:66:[m[K   required from ‘[01m[Kvoid boost::python::detail::def_init_aux(ClassT&, const Signature&, NArgs, const CallPoliciesT&, const char*, const keyword_range&) [with ClassT = boost::python::class_<aslam::backend::CovarianceReprojectionError<aslam::Frame<aslam::cameras::CameraGeometry<aslam::cameras::PinholeProjection<aslam::cameras::FovDistortion>, aslam::cameras::RollingShutter, aslam::cameras::NoMask> > >, boost::shared_ptr<aslam::backend::CovarianceReprojectionError<aslam::Frame<aslam::cameras::CameraGeometry<aslam::cameras::PinholeProjection<aslam::cameras::FovDistortion>, aslam::cameras::RollingShutter, aslam::cameras::NoMask> > > >, boost::python::bases<aslam::backend::ErrorTerm>, boost::python::detail::not_specified>; CallPoliciesT = boost::python::default_call_policies; Signature = boost::mpl::vector5<const aslam::Frame<aslam::cameras::CameraGeometry<aslam::cameras::PinholeProjection<aslam::cameras::FovDistortion>, aslam::cameras::RollingShutter, aslam::cameras::NoMask> >*, int, aslam::backend::HomogeneousExpression, aslam::backend::CameraDesignVariable<aslam::cameras::CameraGeometry<aslam::cameras::PinholeProjection<aslam::cameras::FovDistortion>, aslam::cameras::RollingShutter, aslam::cameras::NoMask> >, aslam::splines::BSplinePoseDesignVariable*>; NArgs = boost::mpl::size<boost::mpl::vector5<const aslam::Frame<aslam::cameras::CameraGeometry<aslam::cameras::PinholeProjection<aslam::cameras::FovDistortion>, aslam::cameras::RollingShutter, aslam::cameras::NoMask> >*, int, aslam::backend::HomogeneousExpression, aslam::backend::CameraDesignVariable<aslam::cameras::CameraGeometry<aslam::cameras::PinholeProjection<aslam::cameras::FovDistortion>, aslam::cameras::RollingShutter, aslam::cameras::NoMask> >, aslam::splines::BSplinePoseDesignVariable*> >; boost::python::detail::keyword_range = std::pair<const boost::python::detail::keyword*, const boost::python::detail::keyword*>][m[K’
[01m[K/usr/include/boost/python/init.hpp:377:31:[m[K   required from ‘[01m[Kstatic void boost::python::detail::define_class_init_helper<0>::apply(ClassT&, const CallPoliciesT&, const Signature&, NArgs, const char*, const keyword_range&) [with ClassT = boost::python::class_<aslam::backend::CovarianceReprojectionError<aslam::Frame<aslam::cameras::CameraGeometry<aslam::cameras::PinholeProjection<aslam::cameras::FovDistortion>, aslam::cameras::RollingShutter, aslam::cameras::NoMask> > >, boost::shared_ptr<aslam::backend::CovarianceReprojectionError<aslam::Frame<aslam::cameras::CameraGeometry<aslam::cameras::PinholeProjection<aslam::cameras::FovDistortion>, aslam::cameras::RollingShutter, aslam::cameras::NoMask> > > >, boost::python::bases<aslam::backend::ErrorTerm>, boost::python::detail::not_specified>; CallPoliciesT = boost::python::default_call_policies; Signature = boost::mpl::vector5<const aslam::Frame<aslam::cameras::CameraGeometry<aslam::cameras::PinholeProjection<aslam::cameras::FovDistortion>, aslam::cameras::RollingShutter, aslam::cameras::NoMask> >*, int, aslam::backend::HomogeneousExpression, aslam::backend::CameraDesignVariable<aslam::cameras::CameraGeometry<aslam::cameras::PinholeProjection<aslam::cameras::FovDistortion>, aslam::cameras::RollingShutter, aslam::cameras::NoMask> >, aslam::splines::BSplinePoseDesignVariable*>; NArgs = boost::mpl::size<boost::mpl::vector5<const aslam::Frame<aslam::cameras::CameraGeometry<aslam::cameras::PinholeProjection<aslam::cameras::FovDistortion>, aslam::cameras::RollingShutter, aslam::cameras::NoMask> >*, int, aslam::backend::HomogeneousExpression, aslam::backend::CameraDesignVariable<aslam::cameras::CameraGeometry<aslam::cameras::PinholeProjection<aslam::cameras::FovDistortion>, aslam::cameras::RollingShutter, aslam::cameras::NoMask> >, aslam::splines::BSplinePoseDesignVariable*> >; boost::python::detail::keyword_range = std::pair<const boost::python::detail::keyword*, const boost::python::detail::keyword*>][m[K’
[01m[K/usr/include/boost/python/init.hpp:149:67:[m[K   [ skipping 2 instantiation contexts, use -ftemplate-backtrace-limit=0 to disable ]
[01m[K/usr/include/boost/python/def_visitor.hpp:67:34:[m[K   required from ‘[01m[Kvoid boost::python::def_visitor<DerivedVisitor>::visit(classT&) const [with classT = boost::python::class_<aslam::backend::CovarianceReprojectionError<aslam::Frame<aslam::cameras::CameraGeometry<aslam::cameras::PinholeProjection<aslam::cameras::FovDistortion>, aslam::cameras::RollingShutter, aslam::cameras::NoMask> > >, boost::shared_ptr<aslam::backend::CovarianceReprojectionError<aslam::Frame<aslam::cameras::CameraGeometry<aslam::cameras::PinholeProjection<aslam::cameras::FovDistortion>, aslam::cameras::RollingShutter, aslam::cameras::NoMask> > > >, boost::python::bases<aslam::backend::ErrorTerm>, boost::python::detail::not_specified>; DerivedVisitor = boost::python::init<const aslam::Frame<aslam::cameras::CameraGeometry<aslam::cameras::PinholeProjection<aslam::cameras::FovDistortion>, aslam::cameras::RollingShutter, aslam::cameras::NoMask> >*, int, aslam::backend::HomogeneousExpression, aslam::backend::CameraDesignVariable<aslam::cameras::CameraGeometry<aslam::cameras::PinholeProjection<aslam::cameras::FovDistortion>, aslam::cameras::RollingShutter, aslam::cameras::NoMask> >, aslam::splines::BSplinePoseDesignVariable*, mpl_::void_, mpl_::void_, mpl_::void_, mpl_::void_, mpl_::void_, mpl_::void_, mpl_::void_, mpl_::void_, mpl_::void_, mpl_::void_>][m[K’
[01m[K/usr/include/boost/python/class.hpp:221:9:[m[K   required from ‘[01m[Kboost::python::class_<T, X1, X2, X3>::self& boost::python::class_<T, X1, X2, X3>::def(const boost::python::def_visitor<Derived>&) [with Derived = boost::python::init<const aslam::Frame<aslam::cameras::CameraGeometry<aslam::cameras::PinholeProjection<aslam::cameras::FovDistortion>, aslam::cameras::RollingShutter, aslam::cameras::NoMask> >*, int, aslam::backend::HomogeneousExpression, aslam::backend::CameraDesignVariable<aslam::cameras::CameraGeometry<aslam::cameras::PinholeProjection<aslam::cameras::FovDistortion>, aslam::cameras::RollingShutter, aslam::cameras::NoMask> >, aslam::splines::BSplinePoseDesignVariable*, mpl_::void_, mpl_::void_, mpl_::void_, mpl_::void_, mpl_::void_, mpl_::void_, mpl_::void_, mpl_::void_, mpl_::void_, mpl_::void_>; W = aslam::backend::CovarianceReprojectionError<aslam::Frame<aslam::cameras::CameraGeometry<aslam::cameras::PinholeProjection<aslam::cameras::FovDistortion>, aslam::cameras::RollingShutter, aslam::cameras::NoMask> > >; X1 = boost::shared_ptr<aslam::backend::CovarianceReprojectionError<aslam::Frame<aslam::cameras::CameraGeometry<aslam::cameras::PinholeProjection<aslam::cameras::FovDistortion>, aslam::cameras::RollingShutter, aslam::cameras::NoMask> > > >; X2 = boost::python::bases<aslam::backend::ErrorTerm>; X3 = boost::python::detail::not_specified; boost::python::class_<T, X1, X2, X3>::self = boost::python::class_<aslam::backend::CovarianceReprojectionError<aslam::Frame<aslam::cameras::CameraGeometry<aslam::cameras::PinholeProjection<aslam::cameras::FovDistortion>, aslam::cameras::RollingShutter, aslam::cameras::NoMask> > >, boost::shared_ptr<aslam::backend::CovarianceReprojectionError<aslam::Frame<aslam::cameras::CameraGeometry<aslam::cameras::PinholeProjection<aslam::cameras::FovDistortion>, aslam::cameras::RollingShutter, aslam::cameras::NoMask> > > >, boost::python::bases<aslam::backend::ErrorTerm>, boost::python::detail::not_specified>][m[K’
[01m[K/usr/include/boost/python/class.hpp:455:9:[m[K   required from ‘[01m[Kvoid boost::python::class_<T, X1, X2, X3>::initialize(const DefVisitor&) [with DefVisitor = boost::python::init_base<boost::python::init<const aslam::Frame<aslam::cameras::CameraGeometry<aslam::cameras::PinholeProjection<aslam::cameras::FovDistortion>, aslam::cameras::RollingShutter, aslam::cameras::NoMask> >*, int, aslam::backend::HomogeneousExpression, aslam::backend::CameraDesignVariable<aslam::cameras::CameraGeometry<aslam::cameras::PinholeProjection<aslam::cameras::FovDistortion>, aslam::cameras::RollingShutter, aslam::cameras::NoMask> >, aslam::splines::BSplinePoseDesignVariable*, mpl_::void_, mpl_::void_, mpl_::void_, mpl_::void_, mpl_::void_, mpl_::void_, mpl_::void_, mpl_::void_, mpl_::void_, mpl_::void_> >; W = aslam::backend::CovarianceReprojectionError<aslam::Frame<aslam::cameras::CameraGeometry<aslam::cameras::PinholeProjection<aslam::cameras::FovDistortion>, aslam::cameras::RollingShutter, aslam::cameras::NoMask> > >; X1 = boost::shared_ptr<aslam::backend::CovarianceReprojectionError<aslam::Frame<aslam::cameras::CameraGeometry<aslam::cameras::PinholeProjection<aslam::cameras::FovDistortion>, aslam::cameras::RollingShutter, aslam::cameras::NoMask> > > >; X2 = boost::python::bases<aslam::backend::ErrorTerm>; X3 = boost::python::detail::not_specified][m[K’
[01m[K/usr/include/boost/python/class.hpp:204:9:[m[K   required from ‘[01m[Kboost::python::class_<T, X1, X2, X3>::class_(const char*, const boost::python::init_base<DerivedT>&) [with DerivedT = boost::python::init<const aslam::Frame<aslam::cameras::CameraGeometry<aslam::cameras::PinholeProjection<aslam::cameras::FovDistortion>, aslam::cameras::RollingShutter, aslam::cameras::NoMask> >*, int, aslam::backend::HomogeneousExpression, aslam::backend::CameraDesignVariable<aslam::cameras::CameraGeometry<aslam::cameras::PinholeProjection<aslam::cameras::FovDistortion>, aslam::cameras::RollingShutter, aslam::cameras::NoMask> >, aslam::splines::BSplinePoseDesignVariable*, mpl_::void_, mpl_::void_, mpl_::void_, mpl_::void_, mpl_::void_, mpl_::void_, mpl_::void_, mpl_::void_, mpl_::void_, mpl_::void_>; W = aslam::backend::CovarianceReprojectionError<aslam::Frame<aslam::cameras::CameraGeometry<aslam::cameras::PinholeProjection<aslam::cameras::FovDistortion>, aslam::cameras::RollingShutter, aslam::cameras::NoMask> > >; X1 = boost::shared_ptr<aslam::backend::CovarianceReprojectionError<aslam::Frame<aslam::cameras::CameraGeometry<aslam::cameras::PinholeProjection<aslam::cameras::FovDistortion>, aslam::cameras::RollingShutter, aslam::cameras::NoMask> > > >; X2 = boost::python::bases<aslam::backend::ErrorTerm>; X3 = boost::python::detail::not_specified][m[K’
[01m[K/calibration_ws/src/kalibr/aslam_cv/aslam_cv_backend_python/include/aslam/ExportReprojectionError.hpp:75:3:[m[K   required from ‘[01m[Kvoid aslam::python::exportCovarianceReprojectionError(const string&) [with CAMERA_GEOMETRY_T = aslam::cameras::CameraGeometry<aslam::cameras::PinholeProjection<aslam::cameras::FovDistortion>, aslam::cameras::RollingShutter, aslam::cameras::NoMask>; std::string = std::__cxx11::basic_string<char>][m[K’
[01m[K/calibration_ws/src/kalibr/aslam_cv/aslam_cv_backend_python/src/module.cpp:40:112:[m[K   required from here
[01m[K/calibration_ws/src/kalibr/aslam_cv/aslam_cv_error_terms/include/aslam/backend/implementation/CovarianceReprojectionError.hpp:27:56:[m[K [01;35m[Kwarning: [m[Kcomparison of integer expressions of different signedness: ‘[01m[Ksize_t[m[K’ {aka ‘[01m[Klong unsigned int[m[K’} and ‘[01m[Kint[m[K’ [[01;35m[K-Wsign-compare[m[K]
   27 |       SM_ASSERT_TRUE(Exception, _frame->numKeypoints() > _keypointIndex, "Keypoint index must be in bounds of frame.");
[01m[K/calibration_ws/src/kalibr/Schweizer-Messer/sm_common/include/sm/assert_macros.hpp:85:8:[m[K [01;36m[Knote: [m[Kin definition of macro ‘[01m[KSM_ASSERT_TRUE[m[K’
   85 |   if(!([01;36m[Kcondition[m[K))              \
      |        [01;36m[K^~~~~~~~~[m[K
/calibration_ws/src/kalibr/aslam_cv/aslam_cv_error_terms/include/aslam/backend/implementation/CovarianceReprojectionError.hpp: In instantiation of ‘[01m[Kaslam::backend::CovarianceReprojectionError<FRAME_T>::CovarianceReprojectionError(const frame_t*, int, const aslam::backend::HomogeneousExpression&, aslam::backend::CameraDesignVariable<typename FRAME_T::camera_geometry_t>, aslam::backend::CovarianceReprojectionError<FRAME_T>::spline_t*) [with FRAME_T = aslam::Frame<aslam::cameras::CameraGeometry<aslam::cameras::OmniProjection<aslam::cameras::NoDistortion>, aslam::cameras::RollingShutter, aslam::cameras::NoMask> >; aslam::backend::CovarianceReprojectionError<FRAME_T>::frame_t = aslam::Frame<aslam::cameras::CameraGeometry<aslam::cameras::OmniProjection<aslam::cameras::NoDistortion>, aslam::cameras::RollingShutter, aslam::cameras::NoMask> >; typename FRAME_T::camera_geometry_t = aslam::cameras::CameraGeometry<aslam::cameras::OmniProjection<aslam::cameras::NoDistortion>, aslam::cameras::RollingShutter, aslam::cameras::NoMask>; aslam::backend::CovarianceReprojectionError<FRAME_T>::spline_t = aslam::splines::BSplinePoseDesignVariable][m[K’:
[01m[K/usr/include/boost/python/object/pointer_holder.hpp:195:15:[m[K   required from ‘[01m[Kboost::python::objects::pointer_holder<Pointer, Value>::pointer_holder(PyObject*, A0, A1, A2, A3, A4) [with A0 = const aslam::Frame<aslam::cameras::CameraGeometry<aslam::cameras::OmniProjection<aslam::cameras::NoDistortion>, aslam::cameras::RollingShutter, aslam::cameras::NoMask> >*; A1 = int; A2 = boost::python::objects::reference_to_value<aslam::backend::HomogeneousExpression>; A3 = boost::python::objects::reference_to_value<aslam::backend::CameraDesignVariable<aslam::cameras::CameraGeometry<aslam::cameras::OmniProjection<aslam::cameras::NoDistortion>, aslam::cameras::RollingShutter, aslam::cameras::NoMask> > >; A4 = aslam::splines::BSplinePoseDesignVariable*; Pointer = boost::shared_ptr<aslam::backend::CovarianceReprojectionError<aslam::Frame<aslam::cameras::CameraGeometry<aslam::cameras::OmniProjection<aslam::cameras::NoDistortion>, aslam::cameras::RollingShutter, aslam::cameras::NoMask> > > >; Value = aslam::backend::CovarianceReprojectionError<aslam::Frame<aslam::cameras::CameraGeometry<aslam::cameras::OmniProjection<aslam::cameras::NoDistortion>, aslam::cameras::RollingShutter, aslam::cameras::NoMask> > >; PyObject = _object][m[K’
[01m[K/usr/include/boost/python/object/make_holder.hpp:94:18:[m[K   required from ‘[01m[Kstatic void boost::python::objects::make_holder<5>::apply<Holder, ArgList>::execute(PyObject*, boost::python::objects::make_holder<5>::apply<Holder, ArgList>::t0, boost::python::objects::make_holder<5>::apply<Holder, ArgList>::t1, boost::python::objects::make_holder<5>::apply<Holder, ArgList>::t2, boost::python::objects::make_holder<5>::apply<Holder, ArgList>::t3, boost::python::objects::make_holder<5>::apply<Holder, ArgList>::t4) [with Holder = boost::python::objects::pointer_holder<boost::shared_ptr<aslam::backend::CovarianceReprojectionError<aslam::Frame<aslam::cameras::CameraGeometry<aslam::cameras::OmniProjection<aslam::cameras::NoDistortion>, aslam::cameras::RollingShutter, aslam::cameras::NoMask> > > >, aslam::backend::CovarianceReprojectionError<aslam::Frame<aslam::cameras::CameraGeometry<aslam::cameras::OmniProjection<aslam::cameras::NoDistortion>, aslam::cameras::RollingShutter, aslam::cameras::NoMask> > > >; ArgList = boost::mpl::vector5<const aslam::Frame<aslam::cameras::CameraGeometry<aslam::cameras::OmniProjection<aslam::cameras::NoDistortion>, aslam::cameras::RollingShutter, aslam::cameras::NoMask> >*, int, aslam::backend::HomogeneousExpression, aslam::backend::CameraDesignVariable<aslam::cameras::CameraGeometry<aslam::cameras::OmniProjection<aslam::cameras::NoDistortion>, aslam::cameras::RollingShutter, aslam::cameras::NoMask> >, aslam::splines::BSplinePoseDesignVariable*>; PyObject = _object; boost::python::objects::make_holder<5>::apply<Holder, ArgList>::t0 = const aslam::Frame<aslam::cameras::CameraGeometry<aslam::cameras::OmniProjection<aslam::cameras::NoDistortion>, aslam::cameras::RollingShutter, aslam::cameras::NoMask> >*; boost::python::objects::make_holder<5>::apply<Holder, ArgList>::t1 = int; boost::python::objects::make_holder<5>::apply<Holder, ArgList>::t2 = aslam::backend::HomogeneousExpression; boost::python::objects::make_holder<5>::apply<Holder, ArgList>::t3 = aslam::backend::CameraDesignVariable<aslam::cameras::CameraGeometry<aslam::cameras::OmniProjection<aslam::cameras::NoDistortion>, aslam::cameras::RollingShutter, aslam::cameras::NoMask> >; boost::python::objects::make_holder<5>::apply<Holder, ArgList>::t4 = aslam::splines::BSplinePoseDesignVariable*][m[K’
[01m[K/usr/include/boost/python/detail/make_keyword_range_fn.hpp:63:47:[m[K   required from ‘[01m[Kboost::python::api::object boost::python::detail::make_keyword_range_constructor(const CallPolicies&, const keyword_range&, Holder*, ArgList*, Arity*) [with ArgList = boost::mpl::vector5<const aslam::Frame<aslam::cameras::CameraGeometry<aslam::cameras::OmniProjection<aslam::cameras::NoDistortion>, aslam::cameras::RollingShutter, aslam::cameras::NoMask> >*, int, aslam::backend::HomogeneousExpression, aslam::backend::CameraDesignVariable<aslam::cameras::CameraGeometry<aslam::cameras::OmniProjection<aslam::cameras::NoDistortion>, aslam::cameras::RollingShutter, aslam::cameras::NoMask> >, aslam::splines::BSplinePoseDesignVariable*>; Arity = boost::mpl::size<boost::mpl::vector5<const aslam::Frame<aslam::cameras::CameraGeometry<aslam::cameras::OmniProjection<aslam::cameras::NoDistortion>, aslam::cameras::RollingShutter, aslam::cameras::NoMask> >*, int, aslam::backend::HomogeneousExpression, aslam::backend::CameraDesignVariable<aslam::cameras::CameraGeometry<aslam::cameras::OmniProjection<aslam::cameras::NoDistortion>, aslam::cameras::RollingShutter, aslam::cameras::NoMask> >, aslam::splines::BSplinePoseDesignVariable*> >; Holder = boost::python::objects::pointer_holder<boost::shared_ptr<aslam::backend::CovarianceReprojectionError<aslam::Frame<aslam::cameras::CameraGeometry<aslam::cameras::OmniProjection<aslam::cameras::NoDistortion>, aslam::cameras::RollingShutter, aslam::cameras::NoMask> > > >, aslam::backend::CovarianceReprojectionError<aslam::Frame<aslam::cameras::CameraGeometry<aslam::cameras::OmniProjection<aslam::cameras::NoDistortion>, aslam::cameras::RollingShutter, aslam::cameras::NoMask> > > >; CallPolicies = boost::python::default_call_policies; boost::python::detail::keyword_range = std::pair<const boost::python::detail::keyword*, const boost::python::detail::keyword*>][m[K’
[01m[K/usr/include/boost/python/init.hpp:310:66:[m[K   required from ‘[01m[Kvoid boost::python::detail::def_init_aux(ClassT&, const Signature&, NArgs, const CallPoliciesT&, const char*, const keyword_range&) [with ClassT = boost::python::class_<aslam::backend::CovarianceReprojectionError<aslam::Frame<aslam::cameras::CameraGeometry<aslam::cameras::OmniProjection<aslam::cameras::NoDistortion>, aslam::cameras::RollingShutter, aslam::cameras::NoMask> > >, boost::shared_ptr<aslam::backend::CovarianceReprojectionError<aslam::Frame<aslam::cameras::CameraGeometry<aslam::cameras::OmniProjection<aslam::cameras::NoDistortion>, aslam::cameras::RollingShutter, aslam::cameras::NoMask> > > >, boost::python::bases<aslam::backend::ErrorTerm>, boost::python::detail::not_specified>; CallPoliciesT = boost::python::default_call_policies; Signature = boost::mpl::vector5<const aslam::Frame<aslam::cameras::CameraGeometry<aslam::cameras::OmniProjection<aslam::cameras::NoDistortion>, aslam::cameras::RollingShutter, aslam::cameras::NoMask> >*, int, aslam::backend::HomogeneousExpression, aslam::backend::CameraDesignVariable<aslam::cameras::CameraGeometry<aslam::cameras::OmniProjection<aslam::cameras::NoDistortion>, aslam::cameras::RollingShutter, aslam::cameras::NoMask> >, aslam::splines::BSplinePoseDesignVariable*>; NArgs = boost::mpl::size<boost::mpl::vector5<const aslam::Frame<aslam::cameras::CameraGeometry<aslam::cameras::OmniProjection<aslam::cameras::NoDistortion>, aslam::cameras::RollingShutter, aslam::cameras::NoMask> >*, int, aslam::backend::HomogeneousExpression, aslam::backend::CameraDesignVariable<aslam::cameras::CameraGeometry<aslam::cameras::OmniProjection<aslam::cameras::NoDistortion>, aslam::cameras::RollingShutter, aslam::cameras::NoMask> >, aslam::splines::BSplinePoseDesignVariable*> >; boost::python::detail::keyword_range = std::pair<const boost::python::detail::keyword*, const boost::python::detail::keyword*>][m[K’
[01m[K/usr/include/boost/python/init.hpp:377:31:[m[K   required from ‘[01m[Kstatic void boost::python::detail::define_class_init_helper<0>::apply(ClassT&, const CallPoliciesT&, const Signature&, NArgs, const char*, const keyword_range&) [with ClassT = boost::python::class_<aslam::backend::CovarianceReprojectionError<aslam::Frame<aslam::cameras::CameraGeometry<aslam::cameras::OmniProjection<aslam::cameras::NoDistortion>, aslam::cameras::RollingShutter, aslam::cameras::NoMask> > >, boost::shared_ptr<aslam::backend::CovarianceReprojectionError<aslam::Frame<aslam::cameras::CameraGeometry<aslam::cameras::OmniProjection<aslam::cameras::NoDistortion>, aslam::cameras::RollingShutter, aslam::cameras::NoMask> > > >, boost::python::bases<aslam::backend::ErrorTerm>, boost::python::detail::not_specified>; CallPoliciesT = boost::python::default_call_policies; Signature = boost::mpl::vector5<const aslam::Frame<aslam::cameras::CameraGeometry<aslam::cameras::OmniProjection<aslam::cameras::NoDistortion>, aslam::cameras::RollingShutter, aslam::cameras::NoMask> >*, int, aslam::backend::HomogeneousExpression, aslam::backend::CameraDesignVariable<aslam::cameras::CameraGeometry<aslam::cameras::OmniProjection<aslam::cameras::NoDistortion>, aslam::cameras::RollingShutter, aslam::cameras::NoMask> >, aslam::splines::BSplinePoseDesignVariable*>; NArgs = boost::mpl::size<boost::mpl::vector5<const aslam::Frame<aslam::cameras::CameraGeometry<aslam::cameras::OmniProjection<aslam::cameras::NoDistortion>, aslam::cameras::RollingShutter, aslam::cameras::NoMask> >*, int, aslam::backend::HomogeneousExpression, aslam::backend::CameraDesignVariable<aslam::cameras::CameraGeometry<aslam::cameras::OmniProjection<aslam::cameras::NoDistortion>, aslam::cameras::RollingShutter, aslam::cameras::NoMask> >, aslam::splines::BSplinePoseDesignVariable*> >; boost::python::detail::keyword_range = std::pair<const boost::python::detail::keyword*, const boost::python::detail::keyword*>][m[K’
[01m[K/usr/include/boost/python/init.hpp:149:67:[m[K   [ skipping 2 instantiation contexts, use -ftemplate-backtrace-limit=0 to disable ]
[01m[K/usr/include/boost/python/def_visitor.hpp:67:34:[m[K   required from ‘[01m[Kvoid boost::python::def_visitor<DerivedVisitor>::visit(classT&) const [with classT = boost::python::class_<aslam::backend::CovarianceReprojectionError<aslam::Frame<aslam::cameras::CameraGeometry<aslam::cameras::OmniProjection<aslam::cameras::NoDistortion>, aslam::cameras::RollingShutter, aslam::cameras::NoMask> > >, boost::shared_ptr<aslam::backend::CovarianceReprojectionError<aslam::Frame<aslam::cameras::CameraGeometry<aslam::cameras::OmniProjection<aslam::cameras::NoDistortion>, aslam::cameras::RollingShutter, aslam::cameras::NoMask> > > >, boost::python::bases<aslam::backend::ErrorTerm>, boost::python::detail::not_specified>; DerivedVisitor = boost::python::init<const aslam::Frame<aslam::cameras::CameraGeometry<aslam::cameras::OmniProjection<aslam::cameras::NoDistortion>, aslam::cameras::RollingShutter, aslam::cameras::NoMask> >*, int, aslam::backend::HomogeneousExpression, aslam::backend::CameraDesignVariable<aslam::cameras::CameraGeometry<aslam::cameras::OmniProjection<aslam::cameras::NoDistortion>, aslam::cameras::RollingShutter, aslam::cameras::NoMask> >, aslam::splines::BSplinePoseDesignVariable*, mpl_::void_, mpl_::void_, mpl_::void_, mpl_::void_, mpl_::void_, mpl_::void_, mpl_::void_, mpl_::void_, mpl_::void_, mpl_::void_>][m[K’
[01m[K/usr/include/boost/python/class.hpp:221:9:[m[K   required from ‘[01m[Kboost::python::class_<T, X1, X2, X3>::self& boost::python::class_<T, X1, X2, X3>::def(const boost::python::def_visitor<Derived>&) [with Derived = boost::python::init<const aslam::Frame<aslam::cameras::CameraGeometry<aslam::cameras::OmniProjection<aslam::cameras::NoDistortion>, aslam::cameras::RollingShutter, aslam::cameras::NoMask> >*, int, aslam::backend::HomogeneousExpression, aslam::backend::CameraDesignVariable<aslam::cameras::CameraGeometry<aslam::cameras::OmniProjection<aslam::cameras::NoDistortion>, aslam::cameras::RollingShutter, aslam::cameras::NoMask> >, aslam::splines::BSplinePoseDesignVariable*, mpl_::void_, mpl_::void_, mpl_::void_, mpl_::void_, mpl_::void_, mpl_::void_, mpl_::void_, mpl_::void_, mpl_::void_, mpl_::void_>; W = aslam::backend::CovarianceReprojectionError<aslam::Frame<aslam::cameras::CameraGeometry<aslam::cameras::OmniProjection<aslam::cameras::NoDistortion>, aslam::cameras::RollingShutter, aslam::cameras::NoMask> > >; X1 = boost::shared_ptr<aslam::backend::CovarianceReprojectionError<aslam::Frame<aslam::cameras::CameraGeometry<aslam::cameras::OmniProjection<aslam::cameras::NoDistortion>, aslam::cameras::RollingShutter, aslam::cameras::NoMask> > > >; X2 = boost::python::bases<aslam::backend::ErrorTerm>; X3 = boost::python::detail::not_specified; boost::python::class_<T, X1, X2, X3>::self = boost::python::class_<aslam::backend::CovarianceReprojectionError<aslam::Frame<aslam::cameras::CameraGeometry<aslam::cameras::OmniProjection<aslam::cameras::NoDistortion>, aslam::cameras::RollingShutter, aslam::cameras::NoMask> > >, boost::shared_ptr<aslam::backend::CovarianceReprojectionError<aslam::Frame<aslam::cameras::CameraGeometry<aslam::cameras::OmniProjection<aslam::cameras::NoDistortion>, aslam::cameras::RollingShutter, aslam::cameras::NoMask> > > >, boost::python::bases<aslam::backend::ErrorTerm>, boost::python::detail::not_specified>][m[K’
[01m[K/usr/include/boost/python/class.hpp:455:9:[m[K   required from ‘[01m[Kvoid boost::python::class_<T, X1, X2, X3>::initialize(const DefVisitor&) [with DefVisitor = boost::python::init_base<boost::python::init<const aslam::Frame<aslam::cameras::CameraGeometry<aslam::cameras::OmniProjection<aslam::cameras::NoDistortion>, aslam::cameras::RollingShutter, aslam::cameras::NoMask> >*, int, aslam::backend::HomogeneousExpression, aslam::backend::CameraDesignVariable<aslam::cameras::CameraGeometry<aslam::cameras::OmniProjection<aslam::cameras::NoDistortion>, aslam::cameras::RollingShutter, aslam::cameras::NoMask> >, aslam::splines::BSplinePoseDesignVariable*, mpl_::void_, mpl_::void_, mpl_::void_, mpl_::void_, mpl_::void_, mpl_::void_, mpl_::void_, mpl_::void_, mpl_::void_, mpl_::void_> >; W = aslam::backend::CovarianceReprojectionError<aslam::Frame<aslam::cameras::CameraGeometry<aslam::cameras::OmniProjection<aslam::cameras::NoDistortion>, aslam::cameras::RollingShutter, aslam::cameras::NoMask> > >; X1 = boost::shared_ptr<aslam::backend::CovarianceReprojectionError<aslam::Frame<aslam::cameras::CameraGeometry<aslam::cameras::OmniProjection<aslam::cameras::NoDistortion>, aslam::cameras::RollingShutter, aslam::cameras::NoMask> > > >; X2 = boost::python::bases<aslam::backend::ErrorTerm>; X3 = boost::python::detail::not_specified][m[K’
[01m[K/usr/include/boost/python/class.hpp:204:9:[m[K   required from ‘[01m[Kboost::python::class_<T, X1, X2, X3>::class_(const char*, const boost::python::init_base<DerivedT>&) [with DerivedT = boost::python::init<const aslam::Frame<aslam::cameras::CameraGeometry<aslam::cameras::OmniProjection<aslam::cameras::NoDistortion>, aslam::cameras::RollingShutter, aslam::cameras::NoMask> >*, int, aslam::backend::HomogeneousExpression, aslam::backend::CameraDesignVariable<aslam::cameras::CameraGeometry<aslam::cameras::OmniProjection<aslam::cameras::NoDistortion>, aslam::cameras::RollingShutter, aslam::cameras::NoMask> >, aslam::splines::BSplinePoseDesignVariable*, mpl_::void_, mpl_::void_, mpl_::void_, mpl_::void_, mpl_::void_, mpl_::void_, mpl_::void_, mpl_::void_, mpl_::void_, mpl_::void_>; W = aslam::backend::CovarianceReprojectionError<aslam::Frame<aslam::cameras::CameraGeometry<aslam::cameras::OmniProjection<aslam::cameras::NoDistortion>, aslam::cameras::RollingShutter, aslam::cameras::NoMask> > >; X1 = boost::shared_ptr<aslam::backend::CovarianceReprojectionError<aslam::Frame<aslam::cameras::CameraGeometry<aslam::cameras::OmniProjection<aslam::cameras::NoDistortion>, aslam::cameras::RollingShutter, aslam::cameras::NoMask> > > >; X2 = boost::python::bases<aslam::backend::ErrorTerm>; X3 = boost::python::detail::not_specified][m[K’
[01m[K/calibration_ws/src/kalibr/aslam_cv/aslam_cv_backend_python/include/aslam/ExportReprojectionError.hpp:75:3:[m[K   required from ‘[01m[Kvoid aslam::python::exportCovarianceReprojectionError(const string&) [with CAMERA_GEOMETRY_T = aslam::cameras::CameraGeometry<aslam::cameras::OmniProjection<aslam::cameras::NoDistortion>, aslam::cameras::RollingShutter, aslam::cameras::NoMask>; std::string = std::__cxx11::basic_string<char>][m[K’
[01m[K/calibration_ws/src/kalibr/aslam_cv/aslam_cv_backend_python/src/module.cpp:47:82:[m[K   required from here
[01m[K/calibration_ws/src/kalibr/aslam_cv/aslam_cv_error_terms/include/aslam/backend/implementation/CovarianceReprojectionError.hpp:27:56:[m[K [01;35m[Kwarning: [m[Kcomparison of integer expressions of different signedness: ‘[01m[Ksize_t[m[K’ {aka ‘[01m[Klong unsigned int[m[K’} and ‘[01m[Kint[m[K’ [[01;35m[K-Wsign-compare[m[K]
   27 |       SM_ASSERT_TRUE(Exception, _frame->numKeypoints() > _keypointIndex, "Keypoint index must be in bounds of frame.");
[01m[K/calibration_ws/src/kalibr/Schweizer-Messer/sm_common/include/sm/assert_macros.hpp:85:8:[m[K [01;36m[Knote: [m[Kin definition of macro ‘[01m[KSM_ASSERT_TRUE[m[K’
   85 |   if(!([01;36m[Kcondition[m[K))              \
      |        [01;36m[K^~~~~~~~~[m[K
/calibration_ws/src/kalibr/aslam_cv/aslam_cv_error_terms/include/aslam/backend/implementation/CovarianceReprojectionError.hpp: In instantiation of ‘[01m[Kaslam::backend::CovarianceReprojectionError<FRAME_T>::CovarianceReprojectionError(const frame_t*, int, const aslam::backend::HomogeneousExpression&, aslam::backend::CameraDesignVariable<typename FRAME_T::camera_geometry_t>, aslam::backend::CovarianceReprojectionError<FRAME_T>::spline_t*) [with FRAME_T = aslam::Frame<aslam::cameras::CameraGeometry<aslam::cameras::OmniProjection<aslam::cameras::RadialTangentialDistortion>, aslam::cameras::RollingShutter, aslam::cameras::NoMask> >; aslam::backend::CovarianceReprojectionError<FRAME_T>::frame_t = aslam::Frame<aslam::cameras::CameraGeometry<aslam::cameras::OmniProjection<aslam::cameras::RadialTangentialDistortion>, aslam::cameras::RollingShutter, aslam::cameras::NoMask> >; typename FRAME_T::camera_geometry_t = aslam::cameras::CameraGeometry<aslam::cameras::OmniProjection<aslam::cameras::RadialTangentialDistortion>, aslam::cameras::RollingShutter, aslam::cameras::NoMask>; aslam::backend::CovarianceReprojectionError<FRAME_T>::spline_t = aslam::splines::BSplinePoseDesignVariable][m[K’:
[01m[K/usr/include/boost/python/object/pointer_holder.hpp:195:15:[m[K   required from ‘[01m[Kboost::python::objects::pointer_holder<Pointer, Value>::pointer_holder(PyObject*, A0, A1, A2, A3, A4) [with A0 = const aslam::Frame<aslam::cameras::CameraGeometry<aslam::cameras::OmniProjection<aslam::cameras::RadialTangentialDistortion>, aslam::cameras::RollingShutter, aslam::cameras::NoMask> >*; A1 = int; A2 = boost::python::objects::reference_to_value<aslam::backend::HomogeneousExpression>; A3 = boost::python::objects::reference_to_value<aslam::backend::CameraDesignVariable<aslam::cameras::CameraGeometry<aslam::cameras::OmniProjection<aslam::cameras::RadialTangentialDistortion>, aslam::cameras::RollingShutter, aslam::cameras::NoMask> > >; A4 = aslam::splines::BSplinePoseDesignVariable*; Pointer = boost::shared_ptr<aslam::backend::CovarianceReprojectionError<aslam::Frame<aslam::cameras::CameraGeometry<aslam::cameras::OmniProjection<aslam::cameras::RadialTangentialDistortion>, aslam::cameras::RollingShutter, aslam::cameras::NoMask> > > >; Value = aslam::backend::CovarianceReprojectionError<aslam::Frame<aslam::cameras::CameraGeometry<aslam::cameras::OmniProjection<aslam::cameras::RadialTangentialDistortion>, aslam::cameras::RollingShutter, aslam::cameras::NoMask> > >; PyObject = _object][m[K’
[01m[K/usr/include/boost/python/object/make_holder.hpp:94:18:[m[K   required from ‘[01m[Kstatic void boost::python::objects::make_holder<5>::apply<Holder, ArgList>::execute(PyObject*, boost::python::objects::make_holder<5>::apply<Holder, ArgList>::t0, boost::python::objects::make_holder<5>::apply<Holder, ArgList>::t1, boost::python::objects::make_holder<5>::apply<Holder, ArgList>::t2, boost::python::objects::make_holder<5>::apply<Holder, ArgList>::t3, boost::python::objects::make_holder<5>::apply<Holder, ArgList>::t4) [with Holder = boost::python::objects::pointer_holder<boost::shared_ptr<aslam::backend::CovarianceReprojectionError<aslam::Frame<aslam::cameras::CameraGeometry<aslam::cameras::OmniProjection<aslam::cameras::RadialTangentialDistortion>, aslam::cameras::RollingShutter, aslam::cameras::NoMask> > > >, aslam::backend::CovarianceReprojectionError<aslam::Frame<aslam::cameras::CameraGeometry<aslam::cameras::OmniProjection<aslam::cameras::RadialTangentialDistortion>, aslam::cameras::RollingShutter, aslam::cameras::NoMask> > > >; ArgList = boost::mpl::vector5<const aslam::Frame<aslam::cameras::CameraGeometry<aslam::cameras::OmniProjection<aslam::cameras::RadialTangentialDistortion>, aslam::cameras::RollingShutter, aslam::cameras::NoMask> >*, int, aslam::backend::HomogeneousExpression, aslam::backend::CameraDesignVariable<aslam::cameras::CameraGeometry<aslam::cameras::OmniProjection<aslam::cameras::RadialTangentialDistortion>, aslam::cameras::RollingShutter, aslam::cameras::NoMask> >, aslam::splines::BSplinePoseDesignVariable*>; PyObject = _object; boost::python::objects::make_holder<5>::apply<Holder, ArgList>::t0 = const aslam::Frame<aslam::cameras::CameraGeometry<aslam::cameras::OmniProjection<aslam::cameras::RadialTangentialDistortion>, aslam::cameras::RollingShutter, aslam::cameras::NoMask> >*; boost::python::objects::make_holder<5>::apply<Holder, ArgList>::t1 = int; boost::python::objects::make_holder<5>::apply<Holder, ArgList>::t2 = aslam::backend::HomogeneousExpression; boost::python::objects::make_holder<5>::apply<Holder, ArgList>::t3 = aslam::backend::CameraDesignVariable<aslam::cameras::CameraGeometry<aslam::cameras::OmniProjection<aslam::cameras::RadialTangentialDistortion>, aslam::cameras::RollingShutter, aslam::cameras::NoMask> >; boost::python::objects::make_holder<5>::apply<Holder, ArgList>::t4 = aslam::splines::BSplinePoseDesignVariable*][m[K’
[01m[K/usr/include/boost/python/detail/make_keyword_range_fn.hpp:63:47:[m[K   required from ‘[01m[Kboost::python::api::object boost::python::detail::make_keyword_range_constructor(const CallPolicies&, const keyword_range&, Holder*, ArgList*, Arity*) [with ArgList = boost::mpl::vector5<const aslam::Frame<aslam::cameras::CameraGeometry<aslam::cameras::OmniProjection<aslam::cameras::RadialTangentialDistortion>, aslam::cameras::RollingShutter, aslam::cameras::NoMask> >*, int, aslam::backend::HomogeneousExpression, aslam::backend::CameraDesignVariable<aslam::cameras::CameraGeometry<aslam::cameras::OmniProjection<aslam::cameras::RadialTangentialDistortion>, aslam::cameras::RollingShutter, aslam::cameras::NoMask> >, aslam::splines::BSplinePoseDesignVariable*>; Arity = boost::mpl::size<boost::mpl::vector5<const aslam::Frame<aslam::cameras::CameraGeometry<aslam::cameras::OmniProjection<aslam::cameras::RadialTangentialDistortion>, aslam::cameras::RollingShutter, aslam::cameras::NoMask> >*, int, aslam::backend::HomogeneousExpression, aslam::backend::CameraDesignVariable<aslam::cameras::CameraGeometry<aslam::cameras::OmniProjection<aslam::cameras::RadialTangentialDistortion>, aslam::cameras::RollingShutter, aslam::cameras::NoMask> >, aslam::splines::BSplinePoseDesignVariable*> >; Holder = boost::python::objects::pointer_holder<boost::shared_ptr<aslam::backend::CovarianceReprojectionError<aslam::Frame<aslam::cameras::CameraGeometry<aslam::cameras::OmniProjection<aslam::cameras::RadialTangentialDistortion>, aslam::cameras::RollingShutter, aslam::cameras::NoMask> > > >, aslam::backend::CovarianceReprojectionError<aslam::Frame<aslam::cameras::CameraGeometry<aslam::cameras::OmniProjection<aslam::cameras::RadialTangentialDistortion>, aslam::cameras::RollingShutter, aslam::cameras::NoMask> > > >; CallPolicies = boost::python::default_call_policies; boost::python::detail::keyword_range = std::pair<const boost::python::detail::keyword*, const boost::python::detail::keyword*>][m[K’
[01m[K/usr/include/boost/python/init.hpp:310:66:[m[K   required from ‘[01m[Kvoid boost::python::detail::def_init_aux(ClassT&, const Signature&, NArgs, const CallPoliciesT&, const char*, const keyword_range&) [with ClassT = boost::python::class_<aslam::backend::CovarianceReprojectionError<aslam::Frame<aslam::cameras::CameraGeometry<aslam::cameras::OmniProjection<aslam::cameras::RadialTangentialDistortion>, aslam::cameras::RollingShutter, aslam::cameras::NoMask> > >, boost::shared_ptr<aslam::backend::CovarianceReprojectionError<aslam::Frame<aslam::cameras::CameraGeometry<aslam::cameras::OmniProjection<aslam::cameras::RadialTangentialDistortion>, aslam::cameras::RollingShutter, aslam::cameras::NoMask> > > >, boost::python::bases<aslam::backend::ErrorTerm>, boost::python::detail::not_specified>; CallPoliciesT = boost::python::default_call_policies; Signature = boost::mpl::vector5<const aslam::Frame<aslam::cameras::CameraGeometry<aslam::cameras::OmniProjection<aslam::cameras::RadialTangentialDistortion>, aslam::cameras::RollingShutter, aslam::cameras::NoMask> >*, int, aslam::backend::HomogeneousExpression, aslam::backend::CameraDesignVariable<aslam::cameras::CameraGeometry<aslam::cameras::OmniProjection<aslam::cameras::RadialTangentialDistortion>, aslam::cameras::RollingShutter, aslam::cameras::NoMask> >, aslam::splines::BSplinePoseDesignVariable*>; NArgs = boost::mpl::size<boost::mpl::vector5<const aslam::Frame<aslam::cameras::CameraGeometry<aslam::cameras::OmniProjection<aslam::cameras::RadialTangentialDistortion>, aslam::cameras::RollingShutter, aslam::cameras::NoMask> >*, int, aslam::backend::HomogeneousExpression, aslam::backend::CameraDesignVariable<aslam::cameras::CameraGeometry<aslam::cameras::OmniProjection<aslam::cameras::RadialTangentialDistortion>, aslam::cameras::RollingShutter, aslam::cameras::NoMask> >, aslam::splines::BSplinePoseDesignVariable*> >; boost::python::detail::keyword_range = std::pair<const boost::python::detail::keyword*, const boost::python::detail::keyword*>][m[K’
[01m[K/usr/include/boost/python/init.hpp:377:31:[m[K   required from ‘[01m[Kstatic void boost::python::detail::define_class_init_helper<0>::apply(ClassT&, const CallPoliciesT&, const Signature&, NArgs, const char*, const keyword_range&) [with ClassT = boost::python::class_<aslam::backend::CovarianceReprojectionError<aslam::Frame<aslam::cameras::CameraGeometry<aslam::cameras::OmniProjection<aslam::cameras::RadialTangentialDistortion>, aslam::cameras::RollingShutter, aslam::cameras::NoMask> > >, boost::shared_ptr<aslam::backend::CovarianceReprojectionError<aslam::Frame<aslam::cameras::CameraGeometry<aslam::cameras::OmniProjection<aslam::cameras::RadialTangentialDistortion>, aslam::cameras::RollingShutter, aslam::cameras::NoMask> > > >, boost::python::bases<aslam::backend::ErrorTerm>, boost::python::detail::not_specified>; CallPoliciesT = boost::python::default_call_policies; Signature = boost::mpl::vector5<const aslam::Frame<aslam::cameras::CameraGeometry<aslam::cameras::OmniProjection<aslam::cameras::RadialTangentialDistortion>, aslam::cameras::RollingShutter, aslam::cameras::NoMask> >*, int, aslam::backend::HomogeneousExpression, aslam::backend::CameraDesignVariable<aslam::cameras::CameraGeometry<aslam::cameras::OmniProjection<aslam::cameras::RadialTangentialDistortion>, aslam::cameras::RollingShutter, aslam::cameras::NoMask> >, aslam::splines::BSplinePoseDesignVariable*>; NArgs = boost::mpl::size<boost::mpl::vector5<const aslam::Frame<aslam::cameras::CameraGeometry<aslam::cameras::OmniProjection<aslam::cameras::RadialTangentialDistortion>, aslam::cameras::RollingShutter, aslam::cameras::NoMask> >*, int, aslam::backend::HomogeneousExpression, aslam::backend::CameraDesignVariable<aslam::cameras::CameraGeometry<aslam::cameras::OmniProjection<aslam::cameras::RadialTangentialDistortion>, aslam::cameras::RollingShutter, aslam::cameras::NoMask> >, aslam::splines::BSplinePoseDesignVariable*> >; boost::python::detail::keyword_range = std::pair<const boost::python::detail::keyword*, const boost::python::detail::keyword*>][m[K’
[01m[K/usr/include/boost/python/init.hpp:149:67:[m[K   [ skipping 2 instantiation contexts, use -ftemplate-backtrace-limit=0 to disable ]
[01m[K/usr/include/boost/python/def_visitor.hpp:67:34:[m[K   required from ‘[01m[Kvoid boost::python::def_visitor<DerivedVisitor>::visit(classT&) const [with classT = boost::python::class_<aslam::backend::CovarianceReprojectionError<aslam::Frame<aslam::cameras::CameraGeometry<aslam::cameras::OmniProjection<aslam::cameras::RadialTangentialDistortion>, aslam::cameras::RollingShutter, aslam::cameras::NoMask> > >, boost::shared_ptr<aslam::backend::CovarianceReprojectionError<aslam::Frame<aslam::cameras::CameraGeometry<aslam::cameras::OmniProjection<aslam::cameras::RadialTangentialDistortion>, aslam::cameras::RollingShutter, aslam::cameras::NoMask> > > >, boost::python::bases<aslam::backend::ErrorTerm>, boost::python::detail::not_specified>; DerivedVisitor = boost::python::init<const aslam::Frame<aslam::cameras::CameraGeometry<aslam::cameras::OmniProjection<aslam::cameras::RadialTangentialDistortion>, aslam::cameras::RollingShutter, aslam::cameras::NoMask> >*, int, aslam::backend::HomogeneousExpression, aslam::backend::CameraDesignVariable<aslam::cameras::CameraGeometry<aslam::cameras::OmniProjection<aslam::cameras::RadialTangentialDistortion>, aslam::cameras::RollingShutter, aslam::cameras::NoMask> >, aslam::splines::BSplinePoseDesignVariable*, mpl_::void_, mpl_::void_, mpl_::void_, mpl_::void_, mpl_::void_, mpl_::void_, mpl_::void_, mpl_::void_, mpl_::void_, mpl_::void_>][m[K’
[01m[K/usr/include/boost/python/class.hpp:221:9:[m[K   required from ‘[01m[Kboost::python::class_<T, X1, X2, X3>::self& boost::python::class_<T, X1, X2, X3>::def(const boost::python::def_visitor<Derived>&) [with Derived = boost::python::init<const aslam::Frame<aslam::cameras::CameraGeometry<aslam::cameras::OmniProjection<aslam::cameras::RadialTangentialDistortion>, aslam::cameras::RollingShutter, aslam::cameras::NoMask> >*, int, aslam::backend::HomogeneousExpression, aslam::backend::CameraDesignVariable<aslam::cameras::CameraGeometry<aslam::cameras::OmniProjection<aslam::cameras::RadialTangentialDistortion>, aslam::cameras::RollingShutter, aslam::cameras::NoMask> >, aslam::splines::BSplinePoseDesignVariable*, mpl_::void_, mpl_::void_, mpl_::void_, mpl_::void_, mpl_::void_, mpl_::void_, mpl_::void_, mpl_::void_, mpl_::void_, mpl_::void_>; W = aslam::backend::CovarianceReprojectionError<aslam::Frame<aslam::cameras::CameraGeometry<aslam::cameras::OmniProjection<aslam::cameras::RadialTangentialDistortion>, aslam::cameras::RollingShutter, aslam::cameras::NoMask> > >; X1 = boost::shared_ptr<aslam::backend::CovarianceReprojectionError<aslam::Frame<aslam::cameras::CameraGeometry<aslam::cameras::OmniProjection<aslam::cameras::RadialTangentialDistortion>, aslam::cameras::RollingShutter, aslam::cameras::NoMask> > > >; X2 = boost::python::bases<aslam::backend::ErrorTerm>; X3 = boost::python::detail::not_specified; boost::python::class_<T, X1, X2, X3>::self = boost::python::class_<aslam::backend::CovarianceReprojectionError<aslam::Frame<aslam::cameras::CameraGeometry<aslam::cameras::OmniProjection<aslam::cameras::RadialTangentialDistortion>, aslam::cameras::RollingShutter, aslam::cameras::NoMask> > >, boost::shared_ptr<aslam::backend::CovarianceReprojectionError<aslam::Frame<aslam::cameras::CameraGeometry<aslam::cameras::OmniProjection<aslam::cameras::RadialTangentialDistortion>, aslam::cameras::RollingShutter, aslam::cameras::NoMask> > > >, boost::python::bases<aslam::backend::ErrorTerm>, boost::python::detail::not_specified>][m[K’
[01m[K/usr/include/boost/python/class.hpp:455:9:[m[K   required from ‘[01m[Kvoid boost::python::class_<T, X1, X2, X3>::initialize(const DefVisitor&) [with DefVisitor = boost::python::init_base<boost::python::init<const aslam::Frame<aslam::cameras::CameraGeometry<aslam::cameras::OmniProjection<aslam::cameras::RadialTangentialDistortion>, aslam::cameras::RollingShutter, aslam::cameras::NoMask> >*, int, aslam::backend::HomogeneousExpression, aslam::backend::CameraDesignVariable<aslam::cameras::CameraGeometry<aslam::cameras::OmniProjection<aslam::cameras::RadialTangentialDistortion>, aslam::cameras::RollingShutter, aslam::cameras::NoMask> >, aslam::splines::BSplinePoseDesignVariable*, mpl_::void_, mpl_::void_, mpl_::void_, mpl_::void_, mpl_::void_, mpl_::void_, mpl_::void_, mpl_::void_, mpl_::void_, mpl_::void_> >; W = aslam::backend::CovarianceReprojectionError<aslam::Frame<aslam::cameras::CameraGeometry<aslam::cameras::OmniProjection<aslam::cameras::RadialTangentialDistortion>, aslam::cameras::RollingShutter, aslam::cameras::NoMask> > >; X1 = boost::shared_ptr<aslam::backend::CovarianceReprojectionError<aslam::Frame<aslam::cameras::CameraGeometry<aslam::cameras::OmniProjection<aslam::cameras::RadialTangentialDistortion>, aslam::cameras::RollingShutter, aslam::cameras::NoMask> > > >; X2 = boost::python::bases<aslam::backend::ErrorTerm>; X3 = boost::python::detail::not_specified][m[K’
[01m[K/usr/include/boost/python/class.hpp:204:9:[m[K   required from ‘[01m[Kboost::python::class_<T, X1, X2, X3>::class_(const char*, const boost::python::init_base<DerivedT>&) [with DerivedT = boost::python::init<const aslam::Frame<aslam::cameras::CameraGeometry<aslam::cameras::OmniProjection<aslam::cameras::RadialTangentialDistortion>, aslam::cameras::RollingShutter, aslam::cameras::NoMask> >*, int, aslam::backend::HomogeneousExpression, aslam::backend::CameraDesignVariable<aslam::cameras::CameraGeometry<aslam::cameras::OmniProjection<aslam::cameras::RadialTangentialDistortion>, aslam::cameras::RollingShutter, aslam::cameras::NoMask> >, aslam::splines::BSplinePoseDesignVariable*, mpl_::void_, mpl_::void_, mpl_::void_, mpl_::void_, mpl_::void_, mpl_::void_, mpl_::void_, mpl_::void_, mpl_::void_, mpl_::void_>; W = aslam::backend::CovarianceReprojectionError<aslam::Frame<aslam::cameras::CameraGeometry<aslam::cameras::OmniProjection<aslam::cameras::RadialTangentialDistortion>, aslam::cameras::RollingShutter, aslam::cameras::NoMask> > >; X1 = boost::shared_ptr<aslam::backend::CovarianceReprojectionError<aslam::Frame<aslam::cameras::CameraGeometry<aslam::cameras::OmniProjection<aslam::cameras::RadialTangentialDistortion>, aslam::cameras::RollingShutter, aslam::cameras::NoMask> > > >; X2 = boost::python::bases<aslam::backend::ErrorTerm>; X3 = boost::python::detail::not_specified][m[K’
[01m[K/calibration_ws/src/kalibr/aslam_cv/aslam_cv_backend_python/include/aslam/ExportReprojectionError.hpp:75:3:[m[K   required from ‘[01m[Kvoid aslam::python::exportCovarianceReprojectionError(const string&) [with CAMERA_GEOMETRY_T = aslam::cameras::CameraGeometry<aslam::cameras::OmniProjection<aslam::cameras::RadialTangentialDistortion>, aslam::cameras::RollingShutter, aslam::cameras::NoMask>; std::string = std::__cxx11::basic_string<char>][m[K’
[01m[K/calibration_ws/src/kalibr/aslam_cv/aslam_cv_backend_python/src/module.cpp:51:100:[m[K   required from here
[01m[K/calibration_ws/src/kalibr/aslam_cv/aslam_cv_error_terms/include/aslam/backend/implementation/CovarianceReprojectionError.hpp:27:56:[m[K [01;35m[Kwarning: [m[Kcomparison of integer expressions of different signedness: ‘[01m[Ksize_t[m[K’ {aka ‘[01m[Klong unsigned int[m[K’} and ‘[01m[Kint[m[K’ [[01;35m[K-Wsign-compare[m[K]
   27 |       SM_ASSERT_TRUE(Exception, _frame->numKeypoints() > _keypointIndex, "Keypoint index must be in bounds of frame.");
[01m[K/calibration_ws/src/kalibr/Schweizer-Messer/sm_common/include/sm/assert_macros.hpp:85:8:[m[K [01;36m[Knote: [m[Kin definition of macro ‘[01m[KSM_ASSERT_TRUE[m[K’
   85 |   if(!([01;36m[Kcondition[m[K))              \
      |        [01;36m[K^~~~~~~~~[m[K
/calibration_ws/src/kalibr/aslam_cv/aslam_cv_error_terms/include/aslam/backend/implementation/CovarianceReprojectionError.hpp: In instantiation of ‘[01m[Kaslam::backend::CovarianceReprojectionError<FRAME_T>::CovarianceReprojectionError(const frame_t*, int, const aslam::backend::HomogeneousExpression&, aslam::backend::CameraDesignVariable<typename FRAME_T::camera_geometry_t>, aslam::backend::CovarianceReprojectionError<FRAME_T>::spline_t*) [with FRAME_T = aslam::Frame<aslam::cameras::CameraGeometry<aslam::cameras::OmniProjection<aslam::cameras::EquidistantDistortion>, aslam::cameras::RollingShutter, aslam::cameras::NoMask> >; aslam::backend::CovarianceReprojectionError<FRAME_T>::frame_t = aslam::Frame<aslam::cameras::CameraGeometry<aslam::cameras::OmniProjection<aslam::cameras::EquidistantDistortion>, aslam::cameras::RollingShutter, aslam::cameras::NoMask> >; typename FRAME_T::camera_geometry_t = aslam::cameras::CameraGeometry<aslam::cameras::OmniProjection<aslam::cameras::EquidistantDistortion>, aslam::cameras::RollingShutter, aslam::cameras::NoMask>; aslam::backend::CovarianceReprojectionError<FRAME_T>::spline_t = aslam::splines::BSplinePoseDesignVariable][m[K’:
[01m[K/usr/include/boost/python/object/pointer_holder.hpp:195:15:[m[K   required from ‘[01m[Kboost::python::objects::pointer_holder<Pointer, Value>::pointer_holder(PyObject*, A0, A1, A2, A3, A4) [with A0 = const aslam::Frame<aslam::cameras::CameraGeometry<aslam::cameras::OmniProjection<aslam::cameras::EquidistantDistortion>, aslam::cameras::RollingShutter, aslam::cameras::NoMask> >*; A1 = int; A2 = boost::python::objects::reference_to_value<aslam::backend::HomogeneousExpression>; A3 = boost::python::objects::reference_to_value<aslam::backend::CameraDesignVariable<aslam::cameras::CameraGeometry<aslam::cameras::OmniProjection<aslam::cameras::EquidistantDistortion>, aslam::cameras::RollingShutter, aslam::cameras::NoMask> > >; A4 = aslam::splines::BSplinePoseDesignVariable*; Pointer = boost::shared_ptr<aslam::backend::CovarianceReprojectionError<aslam::Frame<aslam::cameras::CameraGeometry<aslam::cameras::OmniProjection<aslam::cameras::EquidistantDistortion>, aslam::cameras::RollingShutter, aslam::cameras::NoMask> > > >; Value = aslam::backend::CovarianceReprojectionError<aslam::Frame<aslam::cameras::CameraGeometry<aslam::cameras::OmniProjection<aslam::cameras::EquidistantDistortion>, aslam::cameras::RollingShutter, aslam::cameras::NoMask> > >; PyObject = _object][m[K’
[01m[K/usr/include/boost/python/object/make_holder.hpp:94:18:[m[K   required from ‘[01m[Kstatic void boost::python::objects::make_holder<5>::apply<Holder, ArgList>::execute(PyObject*, boost::python::objects::make_holder<5>::apply<Holder, ArgList>::t0, boost::python::objects::make_holder<5>::apply<Holder, ArgList>::t1, boost::python::objects::make_holder<5>::apply<Holder, ArgList>::t2, boost::python::objects::make_holder<5>::apply<Holder, ArgList>::t3, boost::python::objects::make_holder<5>::apply<Holder, ArgList>::t4) [with Holder = boost::python::objects::pointer_holder<boost::shared_ptr<aslam::backend::CovarianceReprojectionError<aslam::Frame<aslam::cameras::CameraGeometry<aslam::cameras::OmniProjection<aslam::cameras::EquidistantDistortion>, aslam::cameras::RollingShutter, aslam::cameras::NoMask> > > >, aslam::backend::CovarianceReprojectionError<aslam::Frame<aslam::cameras::CameraGeometry<aslam::cameras::OmniProjection<aslam::cameras::EquidistantDistortion>, aslam::cameras::RollingShutter, aslam::cameras::NoMask> > > >; ArgList = boost::mpl::vector5<const aslam::Frame<aslam::cameras::CameraGeometry<aslam::cameras::OmniProjection<aslam::cameras::EquidistantDistortion>, aslam::cameras::RollingShutter, aslam::cameras::NoMask> >*, int, aslam::backend::HomogeneousExpression, aslam::backend::CameraDesignVariable<aslam::cameras::CameraGeometry<aslam::cameras::OmniProjection<aslam::cameras::EquidistantDistortion>, aslam::cameras::RollingShutter, aslam::cameras::NoMask> >, aslam::splines::BSplinePoseDesignVariable*>; PyObject = _object; boost::python::objects::make_holder<5>::apply<Holder, ArgList>::t0 = const aslam::Frame<aslam::cameras::CameraGeometry<aslam::cameras::OmniProjection<aslam::cameras::EquidistantDistortion>, aslam::cameras::RollingShutter, aslam::cameras::NoMask> >*; boost::python::objects::make_holder<5>::apply<Holder, ArgList>::t1 = int; boost::python::objects::make_holder<5>::apply<Holder, ArgList>::t2 = aslam::backend::HomogeneousExpression; boost::python::objects::make_holder<5>::apply<Holder, ArgList>::t3 = aslam::backend::CameraDesignVariable<aslam::cameras::CameraGeometry<aslam::cameras::OmniProjection<aslam::cameras::EquidistantDistortion>, aslam::cameras::RollingShutter, aslam::cameras::NoMask> >; boost::python::objects::make_holder<5>::apply<Holder, ArgList>::t4 = aslam::splines::BSplinePoseDesignVariable*][m[K’
[01m[K/usr/include/boost/python/detail/make_keyword_range_fn.hpp:63:47:[m[K   required from ‘[01m[Kboost::python::api::object boost::python::detail::make_keyword_range_constructor(const CallPolicies&, const keyword_range&, Holder*, ArgList*, Arity*) [with ArgList = boost::mpl::vector5<const aslam::Frame<aslam::cameras::CameraGeometry<aslam::cameras::OmniProjection<aslam::cameras::EquidistantDistortion>, aslam::cameras::RollingShutter, aslam::cameras::NoMask> >*, int, aslam::backend::HomogeneousExpression, aslam::backend::CameraDesignVariable<aslam::cameras::CameraGeometry<aslam::cameras::OmniProjection<aslam::cameras::EquidistantDistortion>, aslam::cameras::RollingShutter, aslam::cameras::NoMask> >, aslam::splines::BSplinePoseDesignVariable*>; Arity = boost::mpl::size<boost::mpl::vector5<const aslam::Frame<aslam::cameras::CameraGeometry<aslam::cameras::OmniProjection<aslam::cameras::EquidistantDistortion>, aslam::cameras::RollingShutter, aslam::cameras::NoMask> >*, int, aslam::backend::HomogeneousExpression, aslam::backend::CameraDesignVariable<aslam::cameras::CameraGeometry<aslam::cameras::OmniProjection<aslam::cameras::EquidistantDistortion>, aslam::cameras::RollingShutter, aslam::cameras::NoMask> >, aslam::splines::BSplinePoseDesignVariable*> >; Holder = boost::python::objects::pointer_holder<boost::shared_ptr<aslam::backend::CovarianceReprojectionError<aslam::Frame<aslam::cameras::CameraGeometry<aslam::cameras::OmniProjection<aslam::cameras::EquidistantDistortion>, aslam::cameras::RollingShutter, aslam::cameras::NoMask> > > >, aslam::backend::CovarianceReprojectionError<aslam::Frame<aslam::cameras::CameraGeometry<aslam::cameras::OmniProjection<aslam::cameras::EquidistantDistortion>, aslam::cameras::RollingShutter, aslam::cameras::NoMask> > > >; CallPolicies = boost::python::default_call_policies; boost::python::detail::keyword_range = std::pair<const boost::python::detail::keyword*, const boost::python::detail::keyword*>][m[K’
[01m[K/usr/include/boost/python/init.hpp:310:66:[m[K   required from ‘[01m[Kvoid boost::python::detail::def_init_aux(ClassT&, const Signature&, NArgs, const CallPoliciesT&, const char*, const keyword_range&) [with ClassT = boost::python::class_<aslam::backend::CovarianceReprojectionError<aslam::Frame<aslam::cameras::CameraGeometry<aslam::cameras::OmniProjection<aslam::cameras::EquidistantDistortion>, aslam::cameras::RollingShutter, aslam::cameras::NoMask> > >, boost::shared_ptr<aslam::backend::CovarianceReprojectionError<aslam::Frame<aslam::cameras::CameraGeometry<aslam::cameras::OmniProjection<aslam::cameras::EquidistantDistortion>, aslam::cameras::RollingShutter, aslam::cameras::NoMask> > > >, boost::python::bases<aslam::backend::ErrorTerm>, boost::python::detail::not_specified>; CallPoliciesT = boost::python::default_call_policies; Signature = boost::mpl::vector5<const aslam::Frame<aslam::cameras::CameraGeometry<aslam::cameras::OmniProjection<aslam::cameras::EquidistantDistortion>, aslam::cameras::RollingShutter, aslam::cameras::NoMask> >*, int, aslam::backend::HomogeneousExpression, aslam::backend::CameraDesignVariable<aslam::cameras::CameraGeometry<aslam::cameras::OmniProjection<aslam::cameras::EquidistantDistortion>, aslam::cameras::RollingShutter, aslam::cameras::NoMask> >, aslam::splines::BSplinePoseDesignVariable*>; NArgs = boost::mpl::size<boost::mpl::vector5<const aslam::Frame<aslam::cameras::CameraGeometry<aslam::cameras::OmniProjection<aslam::cameras::EquidistantDistortion>, aslam::cameras::RollingShutter, aslam::cameras::NoMask> >*, int, aslam::backend::HomogeneousExpression, aslam::backend::CameraDesignVariable<aslam::cameras::CameraGeometry<aslam::cameras::OmniProjection<aslam::cameras::EquidistantDistortion>, aslam::cameras::RollingShutter, aslam::cameras::NoMask> >, aslam::splines::BSplinePoseDesignVariable*> >; boost::python::detail::keyword_range = std::pair<const boost::python::detail::keyword*, const boost::python::detail::keyword*>][m[K’
[01m[K/usr/include/boost/python/init.hpp:377:31:[m[K   required from ‘[01m[Kstatic void boost::python::detail::define_class_init_helper<0>::apply(ClassT&, const CallPoliciesT&, const Signature&, NArgs, const char*, const keyword_range&) [with ClassT = boost::python::class_<aslam::backend::CovarianceReprojectionError<aslam::Frame<aslam::cameras::CameraGeometry<aslam::cameras::OmniProjection<aslam::cameras::EquidistantDistortion>, aslam::cameras::RollingShutter, aslam::cameras::NoMask> > >, boost::shared_ptr<aslam::backend::CovarianceReprojectionError<aslam::Frame<aslam::cameras::CameraGeometry<aslam::cameras::OmniProjection<aslam::cameras::EquidistantDistortion>, aslam::cameras::RollingShutter, aslam::cameras::NoMask> > > >, boost::python::bases<aslam::backend::ErrorTerm>, boost::python::detail::not_specified>; CallPoliciesT = boost::python::default_call_policies; Signature = boost::mpl::vector5<const aslam::Frame<aslam::cameras::CameraGeometry<aslam::cameras::OmniProjection<aslam::cameras::EquidistantDistortion>, aslam::cameras::RollingShutter, aslam::cameras::NoMask> >*, int, aslam::backend::HomogeneousExpression, aslam::backend::CameraDesignVariable<aslam::cameras::CameraGeometry<aslam::cameras::OmniProjection<aslam::cameras::EquidistantDistortion>, aslam::cameras::RollingShutter, aslam::cameras::NoMask> >, aslam::splines::BSplinePoseDesignVariable*>; NArgs = boost::mpl::size<boost::mpl::vector5<const aslam::Frame<aslam::cameras::CameraGeometry<aslam::cameras::OmniProjection<aslam::cameras::EquidistantDistortion>, aslam::cameras::RollingShutter, aslam::cameras::NoMask> >*, int, aslam::backend::HomogeneousExpression, aslam::backend::CameraDesignVariable<aslam::cameras::CameraGeometry<aslam::cameras::OmniProjection<aslam::cameras::EquidistantDistortion>, aslam::cameras::RollingShutter, aslam::cameras::NoMask> >, aslam::splines::BSplinePoseDesignVariable*> >; boost::python::detail::keyword_range = std::pair<const boost::python::detail::keyword*, const boost::python::detail::keyword*>][m[K’
[01m[K/usr/include/boost/python/init.hpp:149:67:[m[K   [ skipping 2 instantiation contexts, use -ftemplate-backtrace-limit=0 to disable ]
[01m[K/usr/include/boost/python/def_visitor.hpp:67:34:[m[K   required from ‘[01m[Kvoid boost::python::def_visitor<DerivedVisitor>::visit(classT&) const [with classT = boost::python::class_<aslam::backend::CovarianceReprojectionError<aslam::Frame<aslam::cameras::CameraGeometry<aslam::cameras::OmniProjection<aslam::cameras::EquidistantDistortion>, aslam::cameras::RollingShutter, aslam::cameras::NoMask> > >, boost::shared_ptr<aslam::backend::CovarianceReprojectionError<aslam::Frame<aslam::cameras::CameraGeometry<aslam::cameras::OmniProjection<aslam::cameras::EquidistantDistortion>, aslam::cameras::RollingShutter, aslam::cameras::NoMask> > > >, boost::python::bases<aslam::backend::ErrorTerm>, boost::python::detail::not_specified>; DerivedVisitor = boost::python::init<const aslam::Frame<aslam::cameras::CameraGeometry<aslam::cameras::OmniProjection<aslam::cameras::EquidistantDistortion>, aslam::cameras::RollingShutter, aslam::cameras::NoMask> >*, int, aslam::backend::HomogeneousExpression, aslam::backend::CameraDesignVariable<aslam::cameras::CameraGeometry<aslam::cameras::OmniProjection<aslam::cameras::EquidistantDistortion>, aslam::cameras::RollingShutter, aslam::cameras::NoMask> >, aslam::splines::BSplinePoseDesignVariable*, mpl_::void_, mpl_::void_, mpl_::void_, mpl_::void_, mpl_::void_, mpl_::void_, mpl_::void_, mpl_::void_, mpl_::void_, mpl_::void_>][m[K’
[01m[K/usr/include/boost/python/class.hpp:221:9:[m[K   required from ‘[01m[Kboost::python::class_<T, X1, X2, X3>::self& boost::python::class_<T, X1, X2, X3>::def(const boost::python::def_visitor<Derived>&) [with Derived = boost::python::init<const aslam::Frame<aslam::cameras::CameraGeometry<aslam::cameras::OmniProjection<aslam::cameras::EquidistantDistortion>, aslam::cameras::RollingShutter, aslam::cameras::NoMask> >*, int, aslam::backend::HomogeneousExpression, aslam::backend::CameraDesignVariable<aslam::cameras::CameraGeometry<aslam::cameras::OmniProjection<aslam::cameras::EquidistantDistortion>, aslam::cameras::RollingShutter, aslam::cameras::NoMask> >, aslam::splines::BSplinePoseDesignVariable*, mpl_::void_, mpl_::void_, mpl_::void_, mpl_::void_, mpl_::void_, mpl_::void_, mpl_::void_, mpl_::void_, mpl_::void_, mpl_::void_>; W = aslam::backend::CovarianceReprojectionError<aslam::Frame<aslam::cameras::CameraGeometry<aslam::cameras::OmniProjection<aslam::cameras::EquidistantDistortion>, aslam::cameras::RollingShutter, aslam::cameras::NoMask> > >; X1 = boost::shared_ptr<aslam::backend::CovarianceReprojectionError<aslam::Frame<aslam::cameras::CameraGeometry<aslam::cameras::OmniProjection<aslam::cameras::EquidistantDistortion>, aslam::cameras::RollingShutter, aslam::cameras::NoMask> > > >; X2 = boost::python::bases<aslam::backend::ErrorTerm>; X3 = boost::python::detail::not_specified; boost::python::class_<T, X1, X2, X3>::self = boost::python::class_<aslam::backend::CovarianceReprojectionError<aslam::Frame<aslam::cameras::CameraGeometry<aslam::cameras::OmniProjection<aslam::cameras::EquidistantDistortion>, aslam::cameras::RollingShutter, aslam::cameras::NoMask> > >, boost::shared_ptr<aslam::backend::CovarianceReprojectionError<aslam::Frame<aslam::cameras::CameraGeometry<aslam::cameras::OmniProjection<aslam::cameras::EquidistantDistortion>, aslam::cameras::RollingShutter, aslam::cameras::NoMask> > > >, boost::python::bases<aslam::backend::ErrorTerm>, boost::python::detail::not_specified>][m[K’
[01m[K/usr/include/boost/python/class.hpp:455:9:[m[K   required from ‘[01m[Kvoid boost::python::class_<T, X1, X2, X3>::initialize(const DefVisitor&) [with DefVisitor = boost::python::init_base<boost::python::init<const aslam::Frame<aslam::cameras::CameraGeometry<aslam::cameras::OmniProjection<aslam::cameras::EquidistantDistortion>, aslam::cameras::RollingShutter, aslam::cameras::NoMask> >*, int, aslam::backend::HomogeneousExpression, aslam::backend::CameraDesignVariable<aslam::cameras::CameraGeometry<aslam::cameras::OmniProjection<aslam::cameras::EquidistantDistortion>, aslam::cameras::RollingShutter, aslam::cameras::NoMask> >, aslam::splines::BSplinePoseDesignVariable*, mpl_::void_, mpl_::void_, mpl_::void_, mpl_::void_, mpl_::void_, mpl_::void_, mpl_::void_, mpl_::void_, mpl_::void_, mpl_::void_> >; W = aslam::backend::CovarianceReprojectionError<aslam::Frame<aslam::cameras::CameraGeometry<aslam::cameras::OmniProjection<aslam::cameras::EquidistantDistortion>, aslam::cameras::RollingShutter, aslam::cameras::NoMask> > >; X1 = boost::shared_ptr<aslam::backend::CovarianceReprojectionError<aslam::Frame<aslam::cameras::CameraGeometry<aslam::cameras::OmniProjection<aslam::cameras::EquidistantDistortion>, aslam::cameras::RollingShutter, aslam::cameras::NoMask> > > >; X2 = boost::python::bases<aslam::backend::ErrorTerm>; X3 = boost::python::detail::not_specified][m[K’
[01m[K/usr/include/boost/python/class.hpp:204:9:[m[K   required from ‘[01m[Kboost::python::class_<T, X1, X2, X3>::class_(const char*, const boost::python::init_base<DerivedT>&) [with DerivedT = boost::python::init<const aslam::Frame<aslam::cameras::CameraGeometry<aslam::cameras::OmniProjection<aslam::cameras::EquidistantDistortion>, aslam::cameras::RollingShutter, aslam::cameras::NoMask> >*, int, aslam::backend::HomogeneousExpression, aslam::backend::CameraDesignVariable<aslam::cameras::CameraGeometry<aslam::cameras::OmniProjection<aslam::cameras::EquidistantDistortion>, aslam::cameras::RollingShutter, aslam::cameras::NoMask> >, aslam::splines::BSplinePoseDesignVariable*, mpl_::void_, mpl_::void_, mpl_::void_, mpl_::void_, mpl_::void_, mpl_::void_, mpl_::void_, mpl_::void_, mpl_::void_, mpl_::void_>; W = aslam::backend::CovarianceReprojectionError<aslam::Frame<aslam::cameras::CameraGeometry<aslam::cameras::OmniProjection<aslam::cameras::EquidistantDistortion>, aslam::cameras::RollingShutter, aslam::cameras::NoMask> > >; X1 = boost::shared_ptr<aslam::backend::CovarianceReprojectionError<aslam::Frame<aslam::cameras::CameraGeometry<aslam::cameras::OmniProjection<aslam::cameras::EquidistantDistortion>, aslam::cameras::RollingShutter, aslam::cameras::NoMask> > > >; X2 = boost::python::bases<aslam::backend::ErrorTerm>; X3 = boost::python::detail::not_specified][m[K’
[01m[K/calibration_ws/src/kalibr/aslam_cv/aslam_cv_backend_python/include/aslam/ExportReprojectionError.hpp:75:3:[m[K   required from ‘[01m[Kvoid aslam::python::exportCovarianceReprojectionError(const string&) [with CAMERA_GEOMETRY_T = aslam::cameras::CameraGeometry<aslam::cameras::OmniProjection<aslam::cameras::EquidistantDistortion>, aslam::cameras::RollingShutter, aslam::cameras::NoMask>; std::string = std::__cxx11::basic_string<char>][m[K’
[01m[K/calibration_ws/src/kalibr/aslam_cv/aslam_cv_backend_python/src/module.cpp:55:122:[m[K   required from here
[01m[K/calibration_ws/src/kalibr/aslam_cv/aslam_cv_error_terms/include/aslam/backend/implementation/CovarianceReprojectionError.hpp:27:56:[m[K [01;35m[Kwarning: [m[Kcomparison of integer expressions of different signedness: ‘[01m[Ksize_t[m[K’ {aka ‘[01m[Klong unsigned int[m[K’} and ‘[01m[Kint[m[K’ [[01;35m[K-Wsign-compare[m[K]
   27 |       SM_ASSERT_TRUE(Exception, _frame->numKeypoints() > _keypointIndex, "Keypoint index must be in bounds of frame.");
[01m[K/calibration_ws/src/kalibr/Schweizer-Messer/sm_common/include/sm/assert_macros.hpp:85:8:[m[K [01;36m[Knote: [m[Kin definition of macro ‘[01m[KSM_ASSERT_TRUE[m[K’
   85 |   if(!([01;36m[Kcondition[m[K))              \
      |        [01;36m[K^~~~~~~~~[m[K
/calibration_ws/src/kalibr/aslam_cv/aslam_cv_error_terms/include/aslam/backend/implementation/CovarianceReprojectionError.hpp: In instantiation of ‘[01m[Kaslam::backend::CovarianceReprojectionError<FRAME_T>::CovarianceReprojectionError(const frame_t*, int, const aslam::backend::HomogeneousExpression&, aslam::backend::CameraDesignVariable<typename FRAME_T::camera_geometry_t>, aslam::backend::CovarianceReprojectionError<FRAME_T>::spline_t*) [with FRAME_T = aslam::Frame<aslam::cameras::CameraGeometry<aslam::cameras::OmniProjection<aslam::cameras::FovDistortion>, aslam::cameras::RollingShutter, aslam::cameras::NoMask> >; aslam::backend::CovarianceReprojectionError<FRAME_T>::frame_t = aslam::Frame<aslam::cameras::CameraGeometry<aslam::cameras::OmniProjection<aslam::cameras::FovDistortion>, aslam::cameras::RollingShutter, aslam::cameras::NoMask> >; typename FRAME_T::camera_geometry_t = aslam::cameras::CameraGeometry<aslam::cameras::OmniProjection<aslam::cameras::FovDistortion>, aslam::cameras::RollingShutter, aslam::cameras::NoMask>; aslam::backend::CovarianceReprojectionError<FRAME_T>::spline_t = aslam::splines::BSplinePoseDesignVariable][m[K’:
[01m[K/usr/include/boost/python/object/pointer_holder.hpp:195:15:[m[K   required from ‘[01m[Kboost::python::objects::pointer_holder<Pointer, Value>::pointer_holder(PyObject*, A0, A1, A2, A3, A4) [with A0 = const aslam::Frame<aslam::cameras::CameraGeometry<aslam::cameras::OmniProjection<aslam::cameras::FovDistortion>, aslam::cameras::RollingShutter, aslam::cameras::NoMask> >*; A1 = int; A2 = boost::python::objects::reference_to_value<aslam::backend::HomogeneousExpression>; A3 = boost::python::objects::reference_to_value<aslam::backend::CameraDesignVariable<aslam::cameras::CameraGeometry<aslam::cameras::OmniProjection<aslam::cameras::FovDistortion>, aslam::cameras::RollingShutter, aslam::cameras::NoMask> > >; A4 = aslam::splines::BSplinePoseDesignVariable*; Pointer = boost::shared_ptr<aslam::backend::CovarianceReprojectionError<aslam::Frame<aslam::cameras::CameraGeometry<aslam::cameras::OmniProjection<aslam::cameras::FovDistortion>, aslam::cameras::RollingShutter, aslam::cameras::NoMask> > > >; Value = aslam::backend::CovarianceReprojectionError<aslam::Frame<aslam::cameras::CameraGeometry<aslam::cameras::OmniProjection<aslam::cameras::FovDistortion>, aslam::cameras::RollingShutter, aslam::cameras::NoMask> > >; PyObject = _object][m[K’
[01m[K/usr/include/boost/python/object/make_holder.hpp:94:18:[m[K   required from ‘[01m[Kstatic void boost::python::objects::make_holder<5>::apply<Holder, ArgList>::execute(PyObject*, boost::python::objects::make_holder<5>::apply<Holder, ArgList>::t0, boost::python::objects::make_holder<5>::apply<Holder, ArgList>::t1, boost::python::objects::make_holder<5>::apply<Holder, ArgList>::t2, boost::python::objects::make_holder<5>::apply<Holder, ArgList>::t3, boost::python::objects::make_holder<5>::apply<Holder, ArgList>::t4) [with Holder = boost::python::objects::pointer_holder<boost::shared_ptr<aslam::backend::CovarianceReprojectionError<aslam::Frame<aslam::cameras::CameraGeometry<aslam::cameras::OmniProjection<aslam::cameras::FovDistortion>, aslam::cameras::RollingShutter, aslam::cameras::NoMask> > > >, aslam::backend::CovarianceReprojectionError<aslam::Frame<aslam::cameras::CameraGeometry<aslam::cameras::OmniProjection<aslam::cameras::FovDistortion>, aslam::cameras::RollingShutter, aslam::cameras::NoMask> > > >; ArgList = boost::mpl::vector5<const aslam::Frame<aslam::cameras::CameraGeometry<aslam::cameras::OmniProjection<aslam::cameras::FovDistortion>, aslam::cameras::RollingShutter, aslam::cameras::NoMask> >*, int, aslam::backend::HomogeneousExpression, aslam::backend::CameraDesignVariable<aslam::cameras::CameraGeometry<aslam::cameras::OmniProjection<aslam::cameras::FovDistortion>, aslam::cameras::RollingShutter, aslam::cameras::NoMask> >, aslam::splines::BSplinePoseDesignVariable*>; PyObject = _object; boost::python::objects::make_holder<5>::apply<Holder, ArgList>::t0 = const aslam::Frame<aslam::cameras::CameraGeometry<aslam::cameras::OmniProjection<aslam::cameras::FovDistortion>, aslam::cameras::RollingShutter, aslam::cameras::NoMask> >*; boost::python::objects::make_holder<5>::apply<Holder, ArgList>::t1 = int; boost::python::objects::make_holder<5>::apply<Holder, ArgList>::t2 = aslam::backend::HomogeneousExpression; boost::python::objects::make_holder<5>::apply<Holder, ArgList>::t3 = aslam::backend::CameraDesignVariable<aslam::cameras::CameraGeometry<aslam::cameras::OmniProjection<aslam::cameras::FovDistortion>, aslam::cameras::RollingShutter, aslam::cameras::NoMask> >; boost::python::objects::make_holder<5>::apply<Holder, ArgList>::t4 = aslam::splines::BSplinePoseDesignVariable*][m[K’
[01m[K/usr/include/boost/python/detail/make_keyword_range_fn.hpp:63:47:[m[K   required from ‘[01m[Kboost::python::api::object boost::python::detail::make_keyword_range_constructor(const CallPolicies&, const keyword_range&, Holder*, ArgList*, Arity*) [with ArgList = boost::mpl::vector5<const aslam::Frame<aslam::cameras::CameraGeometry<aslam::cameras::OmniProjection<aslam::cameras::FovDistortion>, aslam::cameras::RollingShutter, aslam::cameras::NoMask> >*, int, aslam::backend::HomogeneousExpression, aslam::backend::CameraDesignVariable<aslam::cameras::CameraGeometry<aslam::cameras::OmniProjection<aslam::cameras::FovDistortion>, aslam::cameras::RollingShutter, aslam::cameras::NoMask> >, aslam::splines::BSplinePoseDesignVariable*>; Arity = boost::mpl::size<boost::mpl::vector5<const aslam::Frame<aslam::cameras::CameraGeometry<aslam::cameras::OmniProjection<aslam::cameras::FovDistortion>, aslam::cameras::RollingShutter, aslam::cameras::NoMask> >*, int, aslam::backend::HomogeneousExpression, aslam::backend::CameraDesignVariable<aslam::cameras::CameraGeometry<aslam::cameras::OmniProjection<aslam::cameras::FovDistortion>, aslam::cameras::RollingShutter, aslam::cameras::NoMask> >, aslam::splines::BSplinePoseDesignVariable*> >; Holder = boost::python::objects::pointer_holder<boost::shared_ptr<aslam::backend::CovarianceReprojectionError<aslam::Frame<aslam::cameras::CameraGeometry<aslam::cameras::OmniProjection<aslam::cameras::FovDistortion>, aslam::cameras::RollingShutter, aslam::cameras::NoMask> > > >, aslam::backend::CovarianceReprojectionError<aslam::Frame<aslam::cameras::CameraGeometry<aslam::cameras::OmniProjection<aslam::cameras::FovDistortion>, aslam::cameras::RollingShutter, aslam::cameras::NoMask> > > >; CallPolicies = boost::python::default_call_policies; boost::python::detail::keyword_range = std::pair<const boost::python::detail::keyword*, const boost::python::detail::keyword*>][m[K’
[01m[K/usr/include/boost/python/init.hpp:310:66:[m[K   required from ‘[01m[Kvoid boost::python::detail::def_init_aux(ClassT&, const Signature&, NArgs, const CallPoliciesT&, const char*, const keyword_range&) [with ClassT = boost::python::class_<aslam::backend::CovarianceReprojectionError<aslam::Frame<aslam::cameras::CameraGeometry<aslam::cameras::OmniProjection<aslam::cameras::FovDistortion>, aslam::cameras::RollingShutter, aslam::cameras::NoMask> > >, boost::shared_ptr<aslam::backend::CovarianceReprojectionError<aslam::Frame<aslam::cameras::CameraGeometry<aslam::cameras::OmniProjection<aslam::cameras::FovDistortion>, aslam::cameras::RollingShutter, aslam::cameras::NoMask> > > >, boost::python::bases<aslam::backend::ErrorTerm>, boost::python::detail::not_specified>; CallPoliciesT = boost::python::default_call_policies; Signature = boost::mpl::vector5<const aslam::Frame<aslam::cameras::CameraGeometry<aslam::cameras::OmniProjection<aslam::cameras::FovDistortion>, aslam::cameras::RollingShutter, aslam::cameras::NoMask> >*, int, aslam::backend::HomogeneousExpression, aslam::backend::CameraDesignVariable<aslam::cameras::CameraGeometry<aslam::cameras::OmniProjection<aslam::cameras::FovDistortion>, aslam::cameras::RollingShutter, aslam::cameras::NoMask> >, aslam::splines::BSplinePoseDesignVariable*>; NArgs = boost::mpl::size<boost::mpl::vector5<const aslam::Frame<aslam::cameras::CameraGeometry<aslam::cameras::OmniProjection<aslam::cameras::FovDistortion>, aslam::cameras::RollingShutter, aslam::cameras::NoMask> >*, int, aslam::backend::HomogeneousExpression, aslam::backend::CameraDesignVariable<aslam::cameras::CameraGeometry<aslam::cameras::OmniProjection<aslam::cameras::FovDistortion>, aslam::cameras::RollingShutter, aslam::cameras::NoMask> >, aslam::splines::BSplinePoseDesignVariable*> >; boost::python::detail::keyword_range = std::pair<const boost::python::detail::keyword*, const boost::python::detail::keyword*>][m[K’
[01m[K/usr/include/boost/python/init.hpp:377:31:[m[K   required from ‘[01m[Kstatic void boost::python::detail::define_class_init_helper<0>::apply(ClassT&, const CallPoliciesT&, const Signature&, NArgs, const char*, const keyword_range&) [with ClassT = boost::python::class_<aslam::backend::CovarianceReprojectionError<aslam::Frame<aslam::cameras::CameraGeometry<aslam::cameras::OmniProjection<aslam::cameras::FovDistortion>, aslam::cameras::RollingShutter, aslam::cameras::NoMask> > >, boost::shared_ptr<aslam::backend::CovarianceReprojectionError<aslam::Frame<aslam::cameras::CameraGeometry<aslam::cameras::OmniProjection<aslam::cameras::FovDistortion>, aslam::cameras::RollingShutter, aslam::cameras::NoMask> > > >, boost::python::bases<aslam::backend::ErrorTerm>, boost::python::detail::not_specified>; CallPoliciesT = boost::python::default_call_policies; Signature = boost::mpl::vector5<const aslam::Frame<aslam::cameras::CameraGeometry<aslam::cameras::OmniProjection<aslam::cameras::FovDistortion>, aslam::cameras::RollingShutter, aslam::cameras::NoMask> >*, int, aslam::backend::HomogeneousExpression, aslam::backend::CameraDesignVariable<aslam::cameras::CameraGeometry<aslam::cameras::OmniProjection<aslam::cameras::FovDistortion>, aslam::cameras::RollingShutter, aslam::cameras::NoMask> >, aslam::splines::BSplinePoseDesignVariable*>; NArgs = boost::mpl::size<boost::mpl::vector5<const aslam::Frame<aslam::cameras::CameraGeometry<aslam::cameras::OmniProjection<aslam::cameras::FovDistortion>, aslam::cameras::RollingShutter, aslam::cameras::NoMask> >*, int, aslam::backend::HomogeneousExpression, aslam::backend::CameraDesignVariable<aslam::cameras::CameraGeometry<aslam::cameras::OmniProjection<aslam::cameras::FovDistortion>, aslam::cameras::RollingShutter, aslam::cameras::NoMask> >, aslam::splines::BSplinePoseDesignVariable*> >; boost::python::detail::keyword_range = std::pair<const boost::python::detail::keyword*, const boost::python::detail::keyword*>][m[K’
[01m[K/usr/include/boost/python/init.hpp:149:67:[m[K   [ skipping 2 instantiation contexts, use -ftemplate-backtrace-limit=0 to disable ]
[01m[K/usr/include/boost/python/def_visitor.hpp:67:34:[m[K   required from ‘[01m[Kvoid boost::python::def_visitor<DerivedVisitor>::visit(classT&) const [with classT = boost::python::class_<aslam::backend::CovarianceReprojectionError<aslam::Frame<aslam::cameras::CameraGeometry<aslam::cameras::OmniProjection<aslam::cameras::FovDistortion>, aslam::cameras::RollingShutter, aslam::cameras::NoMask> > >, boost::shared_ptr<aslam::backend::CovarianceReprojectionError<aslam::Frame<aslam::cameras::CameraGeometry<aslam::cameras::OmniProjection<aslam::cameras::FovDistortion>, aslam::cameras::RollingShutter, aslam::cameras::NoMask> > > >, boost::python::bases<aslam::backend::ErrorTerm>, boost::python::detail::not_specified>; DerivedVisitor = boost::python::init<const aslam::Frame<aslam::cameras::CameraGeometry<aslam::cameras::OmniProjection<aslam::cameras::FovDistortion>, aslam::cameras::RollingShutter, aslam::cameras::NoMask> >*, int, aslam::backend::HomogeneousExpression, aslam::backend::CameraDesignVariable<aslam::cameras::CameraGeometry<aslam::cameras::OmniProjection<aslam::cameras::FovDistortion>, aslam::cameras::RollingShutter, aslam::cameras::NoMask> >, aslam::splines::BSplinePoseDesignVariable*, mpl_::void_, mpl_::void_, mpl_::void_, mpl_::void_, mpl_::void_, mpl_::void_, mpl_::void_, mpl_::void_, mpl_::void_, mpl_::void_>][m[K’
[01m[K/usr/include/boost/python/class.hpp:221:9:[m[K   required from ‘[01m[Kboost::python::class_<T, X1, X2, X3>::self& boost::python::class_<T, X1, X2, X3>::def(const boost::python::def_visitor<Derived>&) [with Derived = boost::python::init<const aslam::Frame<aslam::cameras::CameraGeometry<aslam::cameras::OmniProjection<aslam::cameras::FovDistortion>, aslam::cameras::RollingShutter, aslam::cameras::NoMask> >*, int, aslam::backend::HomogeneousExpression, aslam::backend::CameraDesignVariable<aslam::cameras::CameraGeometry<aslam::cameras::OmniProjection<aslam::cameras::FovDistortion>, aslam::cameras::RollingShutter, aslam::cameras::NoMask> >, aslam::splines::BSplinePoseDesignVariable*, mpl_::void_, mpl_::void_, mpl_::void_, mpl_::void_, mpl_::void_, mpl_::void_, mpl_::void_, mpl_::void_, mpl_::void_, mpl_::void_>; W = aslam::backend::CovarianceReprojectionError<aslam::Frame<aslam::cameras::CameraGeometry<aslam::cameras::OmniProjection<aslam::cameras::FovDistortion>, aslam::cameras::RollingShutter, aslam::cameras::NoMask> > >; X1 = boost::shared_ptr<aslam::backend::CovarianceReprojectionError<aslam::Frame<aslam::cameras::CameraGeometry<aslam::cameras::OmniProjection<aslam::cameras::FovDistortion>, aslam::cameras::RollingShutter, aslam::cameras::NoMask> > > >; X2 = boost::python::bases<aslam::backend::ErrorTerm>; X3 = boost::python::detail::not_specified; boost::python::class_<T, X1, X2, X3>::self = boost::python::class_<aslam::backend::CovarianceReprojectionError<aslam::Frame<aslam::cameras::CameraGeometry<aslam::cameras::OmniProjection<aslam::cameras::FovDistortion>, aslam::cameras::RollingShutter, aslam::cameras::NoMask> > >, boost::shared_ptr<aslam::backend::CovarianceReprojectionError<aslam::Frame<aslam::cameras::CameraGeometry<aslam::cameras::OmniProjection<aslam::cameras::FovDistortion>, aslam::cameras::RollingShutter, aslam::cameras::NoMask> > > >, boost::python::bases<aslam::backend::ErrorTerm>, boost::python::detail::not_specified>][m[K’
[01m[K/usr/include/boost/python/class.hpp:455:9:[m[K   required from ‘[01m[Kvoid boost::python::class_<T, X1, X2, X3>::initialize(const DefVisitor&) [with DefVisitor = boost::python::init_base<boost::python::init<const aslam::Frame<aslam::cameras::CameraGeometry<aslam::cameras::OmniProjection<aslam::cameras::FovDistortion>, aslam::cameras::RollingShutter, aslam::cameras::NoMask> >*, int, aslam::backend::HomogeneousExpression, aslam::backend::CameraDesignVariable<aslam::cameras::CameraGeometry<aslam::cameras::OmniProjection<aslam::cameras::FovDistortion>, aslam::cameras::RollingShutter, aslam::cameras::NoMask> >, aslam::splines::BSplinePoseDesignVariable*, mpl_::void_, mpl_::void_, mpl_::void_, mpl_::void_, mpl_::void_, mpl_::void_, mpl_::void_, mpl_::void_, mpl_::void_, mpl_::void_> >; W = aslam::backend::CovarianceReprojectionError<aslam::Frame<aslam::cameras::CameraGeometry<aslam::cameras::OmniProjection<aslam::cameras::FovDistortion>, aslam::cameras::RollingShutter, aslam::cameras::NoMask> > >; X1 = boost::shared_ptr<aslam::backend::CovarianceReprojectionError<aslam::Frame<aslam::cameras::CameraGeometry<aslam::cameras::OmniProjection<aslam::cameras::FovDistortion>, aslam::cameras::RollingShutter, aslam::cameras::NoMask> > > >; X2 = boost::python::bases<aslam::backend::ErrorTerm>; X3 = boost::python::detail::not_specified][m[K’
[01m[K/usr/include/boost/python/class.hpp:204:9:[m[K   required from ‘[01m[Kboost::python::class_<T, X1, X2, X3>::class_(const char*, const boost::python::init_base<DerivedT>&) [with DerivedT = boost::python::init<const aslam::Frame<aslam::cameras::CameraGeometry<aslam::cameras::OmniProjection<aslam::cameras::FovDistortion>, aslam::cameras::RollingShutter, aslam::cameras::NoMask> >*, int, aslam::backend::HomogeneousExpression, aslam::backend::CameraDesignVariable<aslam::cameras::CameraGeometry<aslam::cameras::OmniProjection<aslam::cameras::FovDistortion>, aslam::cameras::RollingShutter, aslam::cameras::NoMask> >, aslam::splines::BSplinePoseDesignVariable*, mpl_::void_, mpl_::void_, mpl_::void_, mpl_::void_, mpl_::void_, mpl_::void_, mpl_::void_, mpl_::void_, mpl_::void_, mpl_::void_>; W = aslam::backend::CovarianceReprojectionError<aslam::Frame<aslam::cameras::CameraGeometry<aslam::cameras::OmniProjection<aslam::cameras::FovDistortion>, aslam::cameras::RollingShutter, aslam::cameras::NoMask> > >; X1 = boost::shared_ptr<aslam::backend::CovarianceReprojectionError<aslam::Frame<aslam::cameras::CameraGeometry<aslam::cameras::OmniProjection<aslam::cameras::FovDistortion>, aslam::cameras::RollingShutter, aslam::cameras::NoMask> > > >; X2 = boost::python::bases<aslam::backend::ErrorTerm>; X3 = boost::python::detail::not_specified][m[K’
[01m[K/calibration_ws/src/kalibr/aslam_cv/aslam_cv_backend_python/include/aslam/ExportReprojectionError.hpp:75:3:[m[K   required from ‘[01m[Kvoid aslam::python::exportCovarianceReprojectionError(const string&) [with CAMERA_GEOMETRY_T = aslam::cameras::CameraGeometry<aslam::cameras::OmniProjection<aslam::cameras::FovDistortion>, aslam::cameras::RollingShutter, aslam::cameras::NoMask>; std::string = std::__cxx11::basic_string<char>][m[K’
[01m[K/calibration_ws/src/kalibr/aslam_cv/aslam_cv_backend_python/src/module.cpp:59:106:[m[K   required from here
[01m[K/calibration_ws/src/kalibr/aslam_cv/aslam_cv_error_terms/include/aslam/backend/implementation/CovarianceReprojectionError.hpp:27:56:[m[K [01;35m[Kwarning: [m[Kcomparison of integer expressions of different signedness: ‘[01m[Ksize_t[m[K’ {aka ‘[01m[Klong unsigned int[m[K’} and ‘[01m[Kint[m[K’ [[01;35m[K-Wsign-compare[m[K]
   27 |       SM_ASSERT_TRUE(Exception, _frame->numKeypoints() > _keypointIndex, "Keypoint index must be in bounds of frame.");
[01m[K/calibration_ws/src/kalibr/Schweizer-Messer/sm_common/include/sm/assert_macros.hpp:85:8:[m[K [01;36m[Knote: [m[Kin definition of macro ‘[01m[KSM_ASSERT_TRUE[m[K’
   85 |   if(!([01;36m[Kcondition[m[K))              \
      |        [01;36m[K^~~~~~~~~[m[K
[100%] [32m[1mLinking CXX shared library /calibration_ws/devel/.private/aslam_cv_backend_python/lib/libaslam_cv_backend_python.so[0m
[34m[1mCopying library files to python directory[0m
'/calibration_ws/devel/.private/aslam_cv_backend_python/lib/libaslam_cv_backend_python.so' -> '/calibration_ws/devel/.private/aslam_cv_backend_python/lib/python3/dist-packages/aslam_cv_backend/libaslam_cv_backend_python.so'
[100%] Built target aslam_cv_backend_python
