[35m[1mScanning dependencies of target aslam_cv_serialization[0m
[  3%] [32mBuilding CXX object CMakeFiles/aslam_cv_serialization.dir/src/autogen/Camera-PinholeCameraGeometry.cpp.o[0m
[  6%] [32mBuilding CXX object CMakeFiles/aslam_cv_serialization.dir/src/autogen/Camera-EquidistantDistortedPinholeCameraGeometry.cpp.o[0m
[ 12%] [32mBuilding CXX object CMakeFiles/aslam_cv_serialization.dir/src/autogen/Camera-DistortedPinholeCameraGeometry.cpp.o[0m
[ 12%] [32mBuilding CXX object CMakeFiles/aslam_cv_serialization.dir/src/autogen/Camera-FovDistortedPinholeCameraGeometry.cpp.o[0m
[ 15%] [32mBuilding CXX object CMakeFiles/aslam_cv_serialization.dir/src/autogen/Camera-OmniCameraGeometry.cpp.o[0m
[ 18%] [32mBuilding CXX object CMakeFiles/aslam_cv_serialization.dir/src/autogen/Camera-EquidistantDistortedOmniCameraGeometry.cpp.o[0m
[ 21%] [32mBuilding CXX object CMakeFiles/aslam_cv_serialization.dir/src/autogen/Camera-DistortedOmniCameraGeometry.cpp.o[0m
[ 25%] [32mBuilding CXX object CMakeFiles/aslam_cv_serialization.dir/src/autogen/Camera-DoubleSphereCameraGeometry.cpp.o[0m
[ 28%] [32mBuilding CXX object CMakeFiles/aslam_cv_serialization.dir/src/autogen/Camera-ExtendedUnifiedCameraGeometry.cpp.o[0m
[ 31%] [32mBuilding CXX object CMakeFiles/aslam_cv_serialization.dir/src/autogen/Camera-DistortedPinholeRsCameraGeometry.cpp.o[0m
[ 34%] [32mBuilding CXX object CMakeFiles/aslam_cv_serialization.dir/src/autogen/Camera-EquidistantDistortedPinholeRsCameraGeometry.cpp.o[0m
[ 37%] [32mBuilding CXX object CMakeFiles/aslam_cv_serialization.dir/src/autogen/Camera-PinholeRsCameraGeometry.cpp.o[0m
In file included from [01m[K/calibration_ws/src/kalibr/aslam_cv/aslam_cameras/include/aslam/cameras/CameraGeometryBase.hpp:6[m[K,
                 from [01m[K/calibration_ws/src/kalibr/aslam_cv/aslam_cameras/include/aslam/cameras/CameraGeometry.hpp:4[m[K,
                 from [01m[K/calibration_ws/src/kalibr/aslam_cv/aslam_cameras/include/aslam/cameras.hpp:5[m[K,
                 from [01m[K/calibration_ws/src/kalibr/aslam_cv/aslam_cv_serialization/include/aslam/cameras/CameraBaseSerialization.hpp:15[m[K,
                 from [01m[K/calibration_ws/src/kalibr/aslam_cv/aslam_cv_serialization/src/autogen/Camera-FovDistortedPinholeCameraGeometry.cpp:1[m[K:
[01m[K/calibration_ws/src/kalibr/Schweizer-Messer/sm_common/include/sm/Id.hpp:[m[K In member function ‘[01m[Ksm::Id sm::Id::operator++(int)[m[K’:
[01m[K/calibration_ws/src/kalibr/Schweizer-Messer/sm_common/include/sm/Id.hpp:122:14:[m[K [01;35m[Kwarning: [m[Kimplicitly-declared ‘[01m[Kconstexpr sm::Id::Id(const sm::Id&)[m[K’ is deprecated [[01;35m[K-Wdeprecated-copy[m[K]
  122 |       return [01;35m[Krval[m[K;
      |              [01;35m[K^~~~[m[K
[01m[K/calibration_ws/src/kalibr/Schweizer-Messer/sm_common/include/sm/Id.hpp:132:9:[m[K [01;36m[Knote: [m[Kbecause ‘[01m[Ksm::Id[m[K’ has user-provided ‘[01m[Ksm::Id& sm::Id::operator=(const sm::Id&)[m[K’
  132 |     Id& [01;36m[Koperator[m[K= (const Id& other)
      |         [01;36m[K^~~~~~~~[m[K
In file included from [01m[K/calibration_ws/src/kalibr/aslam_cv/aslam_cameras/include/aslam/cameras/CameraGeometryBase.hpp:6[m[K,
                 from [01m[K/calibration_ws/src/kalibr/aslam_cv/aslam_cameras/include/aslam/cameras/CameraGeometry.hpp:4[m[K,
                 from [01m[K/calibration_ws/src/kalibr/aslam_cv/aslam_cameras/include/aslam/cameras.hpp:5[m[K,
                 from [01m[K/calibration_ws/src/kalibr/aslam_cv/aslam_cv_serialization/include/aslam/cameras/CameraBaseSerialization.hpp:15[m[K,
                 from [01m[K/calibration_ws/src/kalibr/aslam_cv/aslam_cv_serialization/src/autogen/Camera-DistortedOmniCameraGeometry.cpp:1[m[K:
[01m[K/calibration_ws/src/kalibr/Schweizer-Messer/sm_common/include/sm/Id.hpp:[m[K In member function ‘[01m[Ksm::Id sm::Id::operator++(int)[m[K’:
[01m[K/calibration_ws/src/kalibr/Schweizer-Messer/sm_common/include/sm/Id.hpp:122:14:[m[K [01;35m[Kwarning: [m[Kimplicitly-declared ‘[01m[Kconstexpr sm::Id::Id(const sm::Id&)[m[K’ is deprecated [[01;35m[K-Wdeprecated-copy[m[K]
  122 |       return [01;35m[Krval[m[K;
      |              [01;35m[K^~~~[m[K
[01m[K/calibration_ws/src/kalibr/Schweizer-Messer/sm_common/include/sm/Id.hpp:132:9:[m[K [01;36m[Knote: [m[Kbecause ‘[01m[Ksm::Id[m[K’ has user-provided ‘[01m[Ksm::Id& sm::Id::operator=(const sm::Id&)[m[K’
  132 |     Id& [01;36m[Koperator[m[K= (const Id& other)
      |         [01;36m[K^~~~~~~~[m[K
In file included from [01m[K/calibration_ws/src/kalibr/aslam_cv/aslam_cameras/include/aslam/cameras/CameraGeometryBase.hpp:6[m[K,
                 from [01m[K/calibration_ws/src/kalibr/aslam_cv/aslam_cameras/include/aslam/cameras/CameraGeometry.hpp:4[m[K,
                 from [01m[K/calibration_ws/src/kalibr/aslam_cv/aslam_cameras/include/aslam/cameras.hpp:5[m[K,
                 from [01m[K/calibration_ws/src/kalibr/aslam_cv/aslam_cv_serialization/include/aslam/cameras/CameraBaseSerialization.hpp:15[m[K,
                 from [01m[K/calibration_ws/src/kalibr/aslam_cv/aslam_cv_serialization/src/autogen/Camera-EquidistantDistortedPinholeRsCameraGeometry.cpp:1[m[K:
[01m[K/calibration_ws/src/kalibr/Schweizer-Messer/sm_common/include/sm/Id.hpp:[m[K In member function ‘[01m[Ksm::Id sm::Id::operator++(int)[m[K’:
[01m[K/calibration_ws/src/kalibr/Schweizer-Messer/sm_common/include/sm/Id.hpp:122:14:[m[K [01;35m[Kwarning: [m[Kimplicitly-declared ‘[01m[Kconstexpr sm::Id::Id(const sm::Id&)[m[K’ is deprecated [[01;35m[K-Wdeprecated-copy[m[K]
  122 |       return [01;35m[Krval[m[K;
      |              [01;35m[K^~~~[m[K
[01m[K/calibration_ws/src/kalibr/Schweizer-Messer/sm_common/include/sm/Id.hpp:132:9:[m[K [01;36m[Knote: [m[Kbecause ‘[01m[Ksm::Id[m[K’ has user-provided ‘[01m[Ksm::Id& sm::Id::operator=(const sm::Id&)[m[K’
  132 |     Id& [01;36m[Koperator[m[K= (const Id& other)
      |         [01;36m[K^~~~~~~~[m[K
[01m[K/calibration_ws/src/kalibr/aslam_cv/aslam_cameras/include/aslam/cameras/CameraGeometryBase.hpp:[m[K In constructor ‘[01m[Kaslam::cameras::CameraId::CameraId(const sm::Id&)[m[K’:
[01m[K/calibration_ws/src/kalibr/Schweizer-Messer/sm_common/include/sm/Id.hpp:180:50:[m[K [01;35m[Kwarning: [m[Kimplicitly-declared ‘[01m[Kconstexpr sm::Id::Id(const sm::Id&)[m[K’ is deprecated [[01;35m[K-Wdeprecated-copy[m[K]
  180 |         IdTypeName(const sm::Id & id) : sm::Id(id[01;35m[K)[m[K{}                    \
      |                                                  [01;35m[K^[m[K
[01m[K/calibration_ws/src/kalibr/aslam_cv/aslam_cameras/include/aslam/cameras/CameraGeometryBase.hpp:24:1:[m[K [01;36m[Knote: [m[Kin expansion of macro ‘[01m[KSM_DEFINE_ID[m[K’
   24 | [01;36m[KSM_DEFINE_ID[m[K (CameraId);
      | [01;36m[K^~~~~~~~~~~~[m[K
[01m[K/calibration_ws/src/kalibr/Schweizer-Messer/sm_common/include/sm/Id.hpp:132:9:[m[K [01;36m[Knote: [m[Kbecause ‘[01m[Ksm::Id[m[K’ has user-provided ‘[01m[Ksm::Id& sm::Id::operator=(const sm::Id&)[m[K’
  132 |     Id& [01;36m[Koperator[m[K= (const Id& other)
      |         [01;36m[K^~~~~~~~[m[K
In file included from [01m[K/calibration_ws/src/kalibr/aslam_cv/aslam_cameras/include/aslam/cameras/CameraGeometryBase.hpp:6[m[K,
                 from [01m[K/calibration_ws/src/kalibr/aslam_cv/aslam_cameras/include/aslam/cameras/CameraGeometry.hpp:4[m[K,
                 from [01m[K/calibration_ws/src/kalibr/aslam_cv/aslam_cameras/include/aslam/cameras.hpp:5[m[K,
                 from [01m[K/calibration_ws/src/kalibr/aslam_cv/aslam_cv_serialization/include/aslam/cameras/CameraBaseSerialization.hpp:15[m[K,
                 from [01m[K/calibration_ws/src/kalibr/aslam_cv/aslam_cv_serialization/src/autogen/Camera-PinholeCameraGeometry.cpp:1[m[K:
[01m[K/calibration_ws/src/kalibr/Schweizer-Messer/sm_common/include/sm/Id.hpp:[m[K In member function ‘[01m[Ksm::Id sm::Id::operator++(int)[m[K’:
[01m[K/calibration_ws/src/kalibr/Schweizer-Messer/sm_common/include/sm/Id.hpp:122:14:[m[K [01;35m[Kwarning: [m[Kimplicitly-declared ‘[01m[Kconstexpr sm::Id::Id(const sm::Id&)[m[K’ is deprecated [[01;35m[K-Wdeprecated-copy[m[K]
  122 |       return [01;35m[Krval[m[K;
      |              [01;35m[K^~~~[m[K
[01m[K/calibration_ws/src/kalibr/Schweizer-Messer/sm_common/include/sm/Id.hpp:132:9:[m[K [01;36m[Knote: [m[Kbecause ‘[01m[Ksm::Id[m[K’ has user-provided ‘[01m[Ksm::Id& sm::Id::operator=(const sm::Id&)[m[K’
  132 |     Id& [01;36m[Koperator[m[K= (const Id& other)
      |         [01;36m[K^~~~~~~~[m[K
[01m[K/calibration_ws/src/kalibr/aslam_cv/aslam_cameras/include/aslam/cameras/CameraGeometryBase.hpp:[m[K In constructor ‘[01m[Kaslam::cameras::CameraId::CameraId(const sm::Id&)[m[K’:
[01m[K/calibration_ws/src/kalibr/Schweizer-Messer/sm_common/include/sm/Id.hpp:180:50:[m[K [01;35m[Kwarning: [m[Kimplicitly-declared ‘[01m[Kconstexpr sm::Id::Id(const sm::Id&)[m[K’ is deprecated [[01;35m[K-Wdeprecated-copy[m[K]
  180 |         IdTypeName(const sm::Id & id) : sm::Id(id[01;35m[K)[m[K{}                    \
      |                                                  [01;35m[K^[m[K
[01m[K/calibration_ws/src/kalibr/aslam_cv/aslam_cameras/include/aslam/cameras/CameraGeometryBase.hpp:24:1:[m[K [01;36m[Knote: [m[Kin expansion of macro ‘[01m[KSM_DEFINE_ID[m[K’
   24 | [01;36m[KSM_DEFINE_ID[m[K (CameraId);
      | [01;36m[K^~~~~~~~~~~~[m[K
[01m[K/calibration_ws/src/kalibr/Schweizer-Messer/sm_common/include/sm/Id.hpp:132:9:[m[K [01;36m[Knote: [m[Kbecause ‘[01m[Ksm::Id[m[K’ has user-provided ‘[01m[Ksm::Id& sm::Id::operator=(const sm::Id&)[m[K’
  132 |     Id& [01;36m[Koperator[m[K= (const Id& other)
      |         [01;36m[K^~~~~~~~[m[K
[01m[K/calibration_ws/src/kalibr/aslam_cv/aslam_cameras/include/aslam/cameras/CameraGeometryBase.hpp:[m[K In constructor ‘[01m[Kaslam::cameras::CameraId::CameraId(const sm::Id&)[m[K’:
[01m[K/calibration_ws/src/kalibr/Schweizer-Messer/sm_common/include/sm/Id.hpp:180:50:[m[K [01;35m[Kwarning: [m[Kimplicitly-declared ‘[01m[Kconstexpr sm::Id::Id(const sm::Id&)[m[K’ is deprecated [[01;35m[K-Wdeprecated-copy[m[K]
  180 |         IdTypeName(const sm::Id & id) : sm::Id(id[01;35m[K)[m[K{}                    \
      |                                                  [01;35m[K^[m[K
[01m[K/calibration_ws/src/kalibr/aslam_cv/aslam_cameras/include/aslam/cameras/CameraGeometryBase.hpp:24:1:[m[K [01;36m[Knote: [m[Kin expansion of macro ‘[01m[KSM_DEFINE_ID[m[K’
   24 | [01;36m[KSM_DEFINE_ID[m[K (CameraId);
      | [01;36m[K^~~~~~~~~~~~[m[K
[01m[K/calibration_ws/src/kalibr/Schweizer-Messer/sm_common/include/sm/Id.hpp:132:9:[m[K [01;36m[Knote: [m[Kbecause ‘[01m[Ksm::Id[m[K’ has user-provided ‘[01m[Ksm::Id& sm::Id::operator=(const sm::Id&)[m[K’
  132 |     Id& [01;36m[Koperator[m[K= (const Id& other)
      |         [01;36m[K^~~~~~~~[m[K
In file included from [01m[K/calibration_ws/src/kalibr/aslam_cv/aslam_cameras/include/aslam/cameras/CameraGeometryBase.hpp:6[m[K,
                 from [01m[K/calibration_ws/src/kalibr/aslam_cv/aslam_cameras/include/aslam/cameras/CameraGeometry.hpp:4[m[K,
                 from [01m[K/calibration_ws/src/kalibr/aslam_cv/aslam_cameras/include/aslam/cameras.hpp:5[m[K,
                 from [01m[K/calibration_ws/src/kalibr/aslam_cv/aslam_cv_serialization/include/aslam/cameras/CameraBaseSerialization.hpp:15[m[K,
                 from [01m[K/calibration_ws/src/kalibr/aslam_cv/aslam_cv_serialization/src/autogen/Camera-DoubleSphereCameraGeometry.cpp:1[m[K:
[01m[K/calibration_ws/src/kalibr/Schweizer-Messer/sm_common/include/sm/Id.hpp:[m[K In member function ‘[01m[Ksm::Id sm::Id::operator++(int)[m[K’:
[01m[K/calibration_ws/src/kalibr/Schweizer-Messer/sm_common/include/sm/Id.hpp:122:14:[m[K [01;35m[Kwarning: [m[Kimplicitly-declared ‘[01m[Kconstexpr sm::Id::Id(const sm::Id&)[m[K’ is deprecated [[01;35m[K-Wdeprecated-copy[m[K]
  122 |       return [01;35m[Krval[m[K;
      |              [01;35m[K^~~~[m[K
[01m[K/calibration_ws/src/kalibr/Schweizer-Messer/sm_common/include/sm/Id.hpp:132:9:[m[K [01;36m[Knote: [m[Kbecause ‘[01m[Ksm::Id[m[K’ has user-provided ‘[01m[Ksm::Id& sm::Id::operator=(const sm::Id&)[m[K’
  132 |     Id& [01;36m[Koperator[m[K= (const Id& other)
      |         [01;36m[K^~~~~~~~[m[K
In file included from [01m[K/calibration_ws/src/kalibr/aslam_cv/aslam_cameras/include/aslam/cameras/CameraGeometryBase.hpp:6[m[K,
                 from [01m[K/calibration_ws/src/kalibr/aslam_cv/aslam_cameras/include/aslam/cameras/CameraGeometry.hpp:4[m[K,
                 from [01m[K/calibration_ws/src/kalibr/aslam_cv/aslam_cameras/include/aslam/cameras.hpp:5[m[K,
                 from [01m[K/calibration_ws/src/kalibr/aslam_cv/aslam_cv_serialization/include/aslam/cameras/CameraBaseSerialization.hpp:15[m[K,
                 from [01m[K/calibration_ws/src/kalibr/aslam_cv/aslam_cv_serialization/src/autogen/Camera-PinholeRsCameraGeometry.cpp:1[m[K:
[01m[K/calibration_ws/src/kalibr/Schweizer-Messer/sm_common/include/sm/Id.hpp:[m[K In member function ‘[01m[Ksm::Id sm::Id::operator++(int)[m[K’:
[01m[K/calibration_ws/src/kalibr/Schweizer-Messer/sm_common/include/sm/Id.hpp:122:14:[m[K [01;35m[Kwarning: [m[Kimplicitly-declared ‘[01m[Kconstexpr sm::Id::Id(const sm::Id&)[m[K’ is deprecated [[01;35m[K-Wdeprecated-copy[m[K]
  122 |       return [01;35m[Krval[m[K;
      |              [01;35m[K^~~~[m[K
[01m[K/calibration_ws/src/kalibr/Schweizer-Messer/sm_common/include/sm/Id.hpp:132:9:[m[K [01;36m[Knote: [m[Kbecause ‘[01m[Ksm::Id[m[K’ has user-provided ‘[01m[Ksm::Id& sm::Id::operator=(const sm::Id&)[m[K’
  132 |     Id& [01;36m[Koperator[m[K= (const Id& other)
      |         [01;36m[K^~~~~~~~[m[K
In file included from [01m[K/calibration_ws/src/kalibr/aslam_cv/aslam_cameras/include/aslam/cameras/CameraGeometryBase.hpp:6[m[K,
                 from [01m[K/calibration_ws/src/kalibr/aslam_cv/aslam_cameras/include/aslam/cameras/CameraGeometry.hpp:4[m[K,
                 from [01m[K/calibration_ws/src/kalibr/aslam_cv/aslam_cameras/include/aslam/cameras.hpp:5[m[K,
                 from [01m[K/calibration_ws/src/kalibr/aslam_cv/aslam_cv_serialization/include/aslam/cameras/CameraBaseSerialization.hpp:15[m[K,
                 from [01m[K/calibration_ws/src/kalibr/aslam_cv/aslam_cv_serialization/src/autogen/Camera-DistortedPinholeRsCameraGeometry.cpp:1[m[K:
[01m[K/calibration_ws/src/kalibr/Schweizer-Messer/sm_common/include/sm/Id.hpp:[m[K In member function ‘[01m[Ksm::Id sm::Id::operator++(int)[m[K’:
[01m[K/calibration_ws/src/kalibr/Schweizer-Messer/sm_common/include/sm/Id.hpp:122:14:[m[K [01;35m[Kwarning: [m[Kimplicitly-declared ‘[01m[Kconstexpr sm::Id::Id(const sm::Id&)[m[K’ is deprecated [[01;35m[K-Wdeprecated-copy[m[K]
  122 |       return [01;35m[Krval[m[K;
      |              [01;35m[K^~~~[m[K
[01m[K/calibration_ws/src/kalibr/Schweizer-Messer/sm_common/include/sm/Id.hpp:132:9:[m[K [01;36m[Knote: [m[Kbecause ‘[01m[Ksm::Id[m[K’ has user-provided ‘[01m[Ksm::Id& sm::Id::operator=(const sm::Id&)[m[K’
  132 |     Id& [01;36m[Koperator[m[K= (const Id& other)
      |         [01;36m[K^~~~~~~~[m[K
In file included from [01m[K/calibration_ws/src/kalibr/aslam_cv/aslam_cameras/include/aslam/cameras/CameraGeometryBase.hpp:6[m[K,
                 from [01m[K/calibration_ws/src/kalibr/aslam_cv/aslam_cameras/include/aslam/cameras/CameraGeometry.hpp:4[m[K,
                 from [01m[K/calibration_ws/src/kalibr/aslam_cv/aslam_cameras/include/aslam/cameras.hpp:5[m[K,
                 from [01m[K/calibration_ws/src/kalibr/aslam_cv/aslam_cv_serialization/include/aslam/cameras/CameraBaseSerialization.hpp:15[m[K,
                 from [01m[K/calibration_ws/src/kalibr/aslam_cv/aslam_cv_serialization/src/autogen/Camera-OmniCameraGeometry.cpp:1[m[K:
[01m[K/calibration_ws/src/kalibr/Schweizer-Messer/sm_common/include/sm/Id.hpp:[m[K In member function ‘[01m[Ksm::Id sm::Id::operator++(int)[m[K’:
[01m[K/calibration_ws/src/kalibr/Schweizer-Messer/sm_common/include/sm/Id.hpp:122:14:[m[K [01;35m[Kwarning: [m[Kimplicitly-declared ‘[01m[Kconstexpr sm::Id::Id(const sm::Id&)[m[K’ is deprecated [[01;35m[K-Wdeprecated-copy[m[K]
  122 |       return [01;35m[Krval[m[K;
      |              [01;35m[K^~~~[m[K
[01m[K/calibration_ws/src/kalibr/Schweizer-Messer/sm_common/include/sm/Id.hpp:132:9:[m[K [01;36m[Knote: [m[Kbecause ‘[01m[Ksm::Id[m[K’ has user-provided ‘[01m[Ksm::Id& sm::Id::operator=(const sm::Id&)[m[K’
  132 |     Id& [01;36m[Koperator[m[K= (const Id& other)
      |         [01;36m[K^~~~~~~~[m[K
[01m[K/calibration_ws/src/kalibr/aslam_cv/aslam_cameras/include/aslam/frontend_ids.hpp:[m[K In constructor ‘[01m[Kaslam::MultiFrameId::MultiFrameId(const sm::Id&)[m[K’:
[01m[K/calibration_ws/src/kalibr/Schweizer-Messer/sm_common/include/sm/Id.hpp:180:50:[m[K [01;35m[Kwarning: [m[Kimplicitly-declared ‘[01m[Kconstexpr sm::Id::Id(const sm::Id&)[m[K’ is deprecated [[01;35m[K-Wdeprecated-copy[m[K]
  180 |         IdTypeName(const sm::Id & id) : sm::Id(id[01;35m[K)[m[K{}                    \
      |                                                  [01;35m[K^[m[K
[01m[K/calibration_ws/src/kalibr/aslam_cv/aslam_cameras/include/aslam/frontend_ids.hpp:9:1:[m[K [01;36m[Knote: [m[Kin expansion of macro ‘[01m[KSM_DEFINE_ID[m[K’
    9 | [01;36m[KSM_DEFINE_ID[m[K (MultiFrameId);
      | [01;36m[K^~~~~~~~~~~~[m[K
[01m[K/calibration_ws/src/kalibr/Schweizer-Messer/sm_common/include/sm/Id.hpp:132:9:[m[K [01;36m[Knote: [m[Kbecause ‘[01m[Ksm::Id[m[K’ has user-provided ‘[01m[Ksm::Id& sm::Id::operator=(const sm::Id&)[m[K’
  132 |     Id& [01;36m[Koperator[m[K= (const Id& other)
      |         [01;36m[K^~~~~~~~[m[K
[01m[K/calibration_ws/src/kalibr/aslam_cv/aslam_cameras/include/aslam/frontend_ids.hpp:[m[K In constructor ‘[01m[Kaslam::FrameId::FrameId(const sm::Id&)[m[K’:
[01m[K/calibration_ws/src/kalibr/Schweizer-Messer/sm_common/include/sm/Id.hpp:180:50:[m[K [01;35m[Kwarning: [m[Kimplicitly-declared ‘[01m[Kconstexpr sm::Id::Id(const sm::Id&)[m[K’ is deprecated [[01;35m[K-Wdeprecated-copy[m[K]
  180 |         IdTypeName(const sm::Id & id) : sm::Id(id[01;35m[K)[m[K{}                    \
      |                                                  [01;35m[K^[m[K
[01m[K/calibration_ws/src/kalibr/aslam_cv/aslam_cameras/include/aslam/frontend_ids.hpp:10:1:[m[K [01;36m[Knote: [m[Kin expansion of macro ‘[01m[KSM_DEFINE_ID[m[K’
   10 | [01;36m[KSM_DEFINE_ID[m[K (FrameId);
      | [01;36m[K^~~~~~~~~~~~[m[K
[01m[K/calibration_ws/src/kalibr/Schweizer-Messer/sm_common/include/sm/Id.hpp:132:9:[m[K [01;36m[Knote: [m[Kbecause ‘[01m[Ksm::Id[m[K’ has user-provided ‘[01m[Ksm::Id& sm::Id::operator=(const sm::Id&)[m[K’
  132 |     Id& [01;36m[Koperator[m[K= (const Id& other)
      |         [01;36m[K^~~~~~~~[m[K
In file included from [01m[K/calibration_ws/src/kalibr/aslam_cv/aslam_cameras/include/aslam/cameras/CameraGeometryBase.hpp:6[m[K,
                 from [01m[K/calibration_ws/src/kalibr/aslam_cv/aslam_cameras/include/aslam/cameras/CameraGeometry.hpp:4[m[K,
                 from [01m[K/calibration_ws/src/kalibr/aslam_cv/aslam_cameras/include/aslam/cameras.hpp:5[m[K,
                 from [01m[K/calibration_ws/src/kalibr/aslam_cv/aslam_cv_serialization/include/aslam/cameras/CameraBaseSerialization.hpp:15[m[K,
                 from [01m[K/calibration_ws/src/kalibr/aslam_cv/aslam_cv_serialization/src/autogen/Camera-EquidistantDistortedOmniCameraGeometry.cpp:1[m[K:
[01m[K/calibration_ws/src/kalibr/Schweizer-Messer/sm_common/include/sm/Id.hpp:[m[K In member function ‘[01m[Ksm::Id sm::Id::operator++(int)[m[K’:
[01m[K/calibration_ws/src/kalibr/Schweizer-Messer/sm_common/include/sm/Id.hpp:122:14:[m[K [01;35m[Kwarning: [m[Kimplicitly-declared ‘[01m[Kconstexpr sm::Id::Id(const sm::Id&)[m[K’ is deprecated [[01;35m[K-Wdeprecated-copy[m[K]
  122 |       return [01;35m[Krval[m[K;
      |              [01;35m[K^~~~[m[K
[01m[K/calibration_ws/src/kalibr/Schweizer-Messer/sm_common/include/sm/Id.hpp:132:9:[m[K [01;36m[Knote: [m[Kbecause ‘[01m[Ksm::Id[m[K’ has user-provided ‘[01m[Ksm::Id& sm::Id::operator=(const sm::Id&)[m[K’
  132 |     Id& [01;36m[Koperator[m[K= (const Id& other)
      |         [01;36m[K^~~~~~~~[m[K
[01m[K/calibration_ws/src/kalibr/aslam_cv/aslam_cameras/include/aslam/frontend_ids.hpp:[m[K In constructor ‘[01m[Kaslam::LandmarkId::LandmarkId(const sm::Id&)[m[K’:
[01m[K/calibration_ws/src/kalibr/Schweizer-Messer/sm_common/include/sm/Id.hpp:180:50:[m[K [01;35m[Kwarning: [m[Kimplicitly-declared ‘[01m[Kconstexpr sm::Id::Id(const sm::Id&)[m[K’ is deprecated [[01;35m[K-Wdeprecated-copy[m[K]
  180 |         IdTypeName(const sm::Id & id) : sm::Id(id[01;35m[K)[m[K{}                    \
      |                                                  [01;35m[K^[m[K
[01m[K/calibration_ws/src/kalibr/aslam_cv/aslam_cameras/include/aslam/frontend_ids.hpp:11:1:[m[K [01;36m[Knote: [m[Kin expansion of macro ‘[01m[KSM_DEFINE_ID[m[K’
   11 | [01;36m[KSM_DEFINE_ID[m[K (LandmarkId);
      | [01;36m[K^~~~~~~~~~~~[m[K
[01m[K/calibration_ws/src/kalibr/Schweizer-Messer/sm_common/include/sm/Id.hpp:132:9:[m[K [01;36m[Knote: [m[Kbecause ‘[01m[Ksm::Id[m[K’ has user-provided ‘[01m[Ksm::Id& sm::Id::operator=(const sm::Id&)[m[K’
  132 |     Id& [01;36m[Koperator[m[K= (const Id& other)
      |         [01;36m[K^~~~~~~~[m[K
In file included from [01m[K/calibration_ws/src/kalibr/aslam_cv/aslam_cameras/include/aslam/cameras/CameraGeometryBase.hpp:6[m[K,
                 from [01m[K/calibration_ws/src/kalibr/aslam_cv/aslam_cameras/include/aslam/cameras/CameraGeometry.hpp:4[m[K,
                 from [01m[K/calibration_ws/src/kalibr/aslam_cv/aslam_cameras/include/aslam/cameras.hpp:5[m[K,
                 from [01m[K/calibration_ws/src/kalibr/aslam_cv/aslam_cv_serialization/include/aslam/cameras/CameraBaseSerialization.hpp:15[m[K,
                 from [01m[K/calibration_ws/src/kalibr/aslam_cv/aslam_cv_serialization/src/autogen/Camera-DistortedPinholeCameraGeometry.cpp:1[m[K:
[01m[K/calibration_ws/src/kalibr/Schweizer-Messer/sm_common/include/sm/Id.hpp:[m[K In member function ‘[01m[Ksm::Id sm::Id::operator++(int)[m[K’:
[01m[K/calibration_ws/src/kalibr/Schweizer-Messer/sm_common/include/sm/Id.hpp:122:14:[m[K [01;35m[Kwarning: [m[Kimplicitly-declared ‘[01m[Kconstexpr sm::Id::Id(const sm::Id&)[m[K’ is deprecated [[01;35m[K-Wdeprecated-copy[m[K]
  122 |       return [01;35m[Krval[m[K;
      |              [01;35m[K^~~~[m[K
[01m[K/calibration_ws/src/kalibr/Schweizer-Messer/sm_common/include/sm/Id.hpp:132:9:[m[K [01;36m[Knote: [m[Kbecause ‘[01m[Ksm::Id[m[K’ has user-provided ‘[01m[Ksm::Id& sm::Id::operator=(const sm::Id&)[m[K’
  132 |     Id& [01;36m[Koperator[m[K= (const Id& other)
      |         [01;36m[K^~~~~~~~[m[K
[01m[K/calibration_ws/src/kalibr/aslam_cv/aslam_cameras/include/aslam/frontend_ids.hpp:[m[K In constructor ‘[01m[Kaslam::MultiFrameId::MultiFrameId(const sm::Id&)[m[K’:
[01m[K/calibration_ws/src/kalibr/Schweizer-Messer/sm_common/include/sm/Id.hpp:180:50:[m[K [01;35m[Kwarning: [m[Kimplicitly-declared ‘[01m[Kconstexpr sm::Id::Id(const sm::Id&)[m[K’ is deprecated [[01;35m[K-Wdeprecated-copy[m[K]
  180 |         IdTypeName(const sm::Id & id) : sm::Id(id[01;35m[K)[m[K{}                    \
      |                                                  [01;35m[K^[m[K
[01m[K/calibration_ws/src/kalibr/aslam_cv/aslam_cameras/include/aslam/frontend_ids.hpp:9:1:[m[K [01;36m[Knote: [m[Kin expansion of macro ‘[01m[KSM_DEFINE_ID[m[K’
    9 | [01;36m[KSM_DEFINE_ID[m[K (MultiFrameId);
      | [01;36m[K^~~~~~~~~~~~[m[K
[01m[K/calibration_ws/src/kalibr/Schweizer-Messer/sm_common/include/sm/Id.hpp:132:9:[m[K [01;36m[Knote: [m[Kbecause ‘[01m[Ksm::Id[m[K’ has user-provided ‘[01m[Ksm::Id& sm::Id::operator=(const sm::Id&)[m[K’
  132 |     Id& [01;36m[Koperator[m[K= (const Id& other)
      |         [01;36m[K^~~~~~~~[m[K
[01m[K/calibration_ws/src/kalibr/aslam_cv/aslam_cameras/include/aslam/frontend_ids.hpp:[m[K In constructor ‘[01m[Kaslam::FrameId::FrameId(const sm::Id&)[m[K’:
[01m[K/calibration_ws/src/kalibr/Schweizer-Messer/sm_common/include/sm/Id.hpp:180:50:[m[K [01;35m[Kwarning: [m[Kimplicitly-declared ‘[01m[Kconstexpr sm::Id::Id(const sm::Id&)[m[K’ is deprecated [[01;35m[K-Wdeprecated-copy[m[K]
  180 |         IdTypeName(const sm::Id & id) : sm::Id(id[01;35m[K)[m[K{}                    \
      |                                                  [01;35m[K^[m[K
[01m[K/calibration_ws/src/kalibr/aslam_cv/aslam_cameras/include/aslam/frontend_ids.hpp:10:1:[m[K [01;36m[Knote: [m[Kin expansion of macro ‘[01m[KSM_DEFINE_ID[m[K’
   10 | [01;36m[KSM_DEFINE_ID[m[K (FrameId);
      | [01;36m[K^~~~~~~~~~~~[m[K
[01m[K/calibration_ws/src/kalibr/Schweizer-Messer/sm_common/include/sm/Id.hpp:132:9:[m[K [01;36m[Knote: [m[Kbecause ‘[01m[Ksm::Id[m[K’ has user-provided ‘[01m[Ksm::Id& sm::Id::operator=(const sm::Id&)[m[K’
  132 |     Id& [01;36m[Koperator[m[K= (const Id& other)
      |         [01;36m[K^~~~~~~~[m[K
[01m[K/calibration_ws/src/kalibr/aslam_cv/aslam_cameras/include/aslam/frontend_ids.hpp:[m[K In constructor ‘[01m[Kaslam::LandmarkId::LandmarkId(const sm::Id&)[m[K’:
[01m[K/calibration_ws/src/kalibr/Schweizer-Messer/sm_common/include/sm/Id.hpp:180:50:[m[K [01;35m[Kwarning: [m[Kimplicitly-declared ‘[01m[Kconstexpr sm::Id::Id(const sm::Id&)[m[K’ is deprecated [[01;35m[K-Wdeprecated-copy[m[K]
  180 |         IdTypeName(const sm::Id & id) : sm::Id(id[01;35m[K)[m[K{}                    \
      |                                                  [01;35m[K^[m[K
[01m[K/calibration_ws/src/kalibr/aslam_cv/aslam_cameras/include/aslam/frontend_ids.hpp:11:1:[m[K [01;36m[Knote: [m[Kin expansion of macro ‘[01m[KSM_DEFINE_ID[m[K’
   11 | [01;36m[KSM_DEFINE_ID[m[K (LandmarkId);
      | [01;36m[K^~~~~~~~~~~~[m[K
[01m[K/calibration_ws/src/kalibr/Schweizer-Messer/sm_common/include/sm/Id.hpp:132:9:[m[K [01;36m[Knote: [m[Kbecause ‘[01m[Ksm::Id[m[K’ has user-provided ‘[01m[Ksm::Id& sm::Id::operator=(const sm::Id&)[m[K’
  132 |     Id& [01;36m[Koperator[m[K= (const Id& other)
      |         [01;36m[K^~~~~~~~[m[K
In file included from [01m[K/calibration_ws/src/kalibr/aslam_cv/aslam_cameras/include/aslam/cameras/CameraGeometryBase.hpp:6[m[K,
                 from [01m[K/calibration_ws/src/kalibr/aslam_cv/aslam_cameras/include/aslam/cameras/CameraGeometry.hpp:4[m[K,
                 from [01m[K/calibration_ws/src/kalibr/aslam_cv/aslam_cameras/include/aslam/cameras.hpp:5[m[K,
                 from [01m[K/calibration_ws/src/kalibr/aslam_cv/aslam_cv_serialization/include/aslam/cameras/CameraBaseSerialization.hpp:15[m[K,
                 from [01m[K/calibration_ws/src/kalibr/aslam_cv/aslam_cv_serialization/src/autogen/Camera-EquidistantDistortedPinholeCameraGeometry.cpp:1[m[K:
[01m[K/calibration_ws/src/kalibr/Schweizer-Messer/sm_common/include/sm/Id.hpp:[m[K In member function ‘[01m[Ksm::Id sm::Id::operator++(int)[m[K’:
[01m[K/calibration_ws/src/kalibr/Schweizer-Messer/sm_common/include/sm/Id.hpp:122:14:[m[K [01;35m[Kwarning: [m[Kimplicitly-declared ‘[01m[Kconstexpr sm::Id::Id(const sm::Id&)[m[K’ is deprecated [[01;35m[K-Wdeprecated-copy[m[K]
  122 |       return [01;35m[Krval[m[K;
      |              [01;35m[K^~~~[m[K
[01m[K/calibration_ws/src/kalibr/Schweizer-Messer/sm_common/include/sm/Id.hpp:132:9:[m[K [01;36m[Knote: [m[Kbecause ‘[01m[Ksm::Id[m[K’ has user-provided ‘[01m[Ksm::Id& sm::Id::operator=(const sm::Id&)[m[K’
  132 |     Id& [01;36m[Koperator[m[K= (const Id& other)
      |         [01;36m[K^~~~~~~~[m[K
[01m[K/calibration_ws/src/kalibr/aslam_cv/aslam_cameras/include/aslam/frontend_ids.hpp:[m[K In constructor ‘[01m[Kaslam::MultiFrameId::MultiFrameId(const sm::Id&)[m[K’:
[01m[K/calibration_ws/src/kalibr/Schweizer-Messer/sm_common/include/sm/Id.hpp:180:50:[m[K [01;35m[Kwarning: [m[Kimplicitly-declared ‘[01m[Kconstexpr sm::Id::Id(const sm::Id&)[m[K’ is deprecated [[01;35m[K-Wdeprecated-copy[m[K]
  180 |         IdTypeName(const sm::Id & id) : sm::Id(id[01;35m[K)[m[K{}                    \
      |                                                  [01;35m[K^[m[K
[01m[K/calibration_ws/src/kalibr/aslam_cv/aslam_cameras/include/aslam/frontend_ids.hpp:9:1:[m[K [01;36m[Knote: [m[Kin expansion of macro ‘[01m[KSM_DEFINE_ID[m[K’
    9 | [01;36m[KSM_DEFINE_ID[m[K (MultiFrameId);
      | [01;36m[K^~~~~~~~~~~~[m[K
[01m[K/calibration_ws/src/kalibr/Schweizer-Messer/sm_common/include/sm/Id.hpp:132:9:[m[K [01;36m[Knote: [m[Kbecause ‘[01m[Ksm::Id[m[K’ has user-provided ‘[01m[Ksm::Id& sm::Id::operator=(const sm::Id&)[m[K’
  132 |     Id& [01;36m[Koperator[m[K= (const Id& other)
      |         [01;36m[K^~~~~~~~[m[K
[01m[K/calibration_ws/src/kalibr/aslam_cv/aslam_cameras/include/aslam/frontend_ids.hpp:[m[K In constructor ‘[01m[Kaslam::FrameId::FrameId(const sm::Id&)[m[K’:
[01m[K/calibration_ws/src/kalibr/Schweizer-Messer/sm_common/include/sm/Id.hpp:180:50:[m[K [01;35m[Kwarning: [m[Kimplicitly-declared ‘[01m[Kconstexpr sm::Id::Id(const sm::Id&)[m[K’ is deprecated [[01;35m[K-Wdeprecated-copy[m[K]
  180 |         IdTypeName(const sm::Id & id) : sm::Id(id[01;35m[K)[m[K{}                    \
      |                                                  [01;35m[K^[m[K
[01m[K/calibration_ws/src/kalibr/aslam_cv/aslam_cameras/include/aslam/frontend_ids.hpp:10:1:[m[K [01;36m[Knote: [m[Kin expansion of macro ‘[01m[KSM_DEFINE_ID[m[K’
   10 | [01;36m[KSM_DEFINE_ID[m[K (FrameId);
      | [01;36m[K^~~~~~~~~~~~[m[K
[01m[K/calibration_ws/src/kalibr/Schweizer-Messer/sm_common/include/sm/Id.hpp:132:9:[m[K [01;36m[Knote: [m[Kbecause ‘[01m[Ksm::Id[m[K’ has user-provided ‘[01m[Ksm::Id& sm::Id::operator=(const sm::Id&)[m[K’
  132 |     Id& [01;36m[Koperator[m[K= (const Id& other)
      |         [01;36m[K^~~~~~~~[m[K
[01m[K/calibration_ws/src/kalibr/aslam_cv/aslam_cameras/include/aslam/frontend_ids.hpp:[m[K In constructor ‘[01m[Kaslam::LandmarkId::LandmarkId(const sm::Id&)[m[K’:
[01m[K/calibration_ws/src/kalibr/Schweizer-Messer/sm_common/include/sm/Id.hpp:180:50:[m[K [01;35m[Kwarning: [m[Kimplicitly-declared ‘[01m[Kconstexpr sm::Id::Id(const sm::Id&)[m[K’ is deprecated [[01;35m[K-Wdeprecated-copy[m[K]
  180 |         IdTypeName(const sm::Id & id) : sm::Id(id[01;35m[K)[m[K{}                    \
      |                                                  [01;35m[K^[m[K
[01m[K/calibration_ws/src/kalibr/aslam_cv/aslam_cameras/include/aslam/frontend_ids.hpp:11:1:[m[K [01;36m[Knote: [m[Kin expansion of macro ‘[01m[KSM_DEFINE_ID[m[K’
   11 | [01;36m[KSM_DEFINE_ID[m[K (LandmarkId);
      | [01;36m[K^~~~~~~~~~~~[m[K
[01m[K/calibration_ws/src/kalibr/Schweizer-Messer/sm_common/include/sm/Id.hpp:132:9:[m[K [01;36m[Knote: [m[Kbecause ‘[01m[Ksm::Id[m[K’ has user-provided ‘[01m[Ksm::Id& sm::Id::operator=(const sm::Id&)[m[K’
  132 |     Id& [01;36m[Koperator[m[K= (const Id& other)
      |         [01;36m[K^~~~~~~~[m[K
In file included from [01m[K/calibration_ws/src/kalibr/aslam_cv/aslam_cameras/include/aslam/cameras/CameraGeometryBase.hpp:6[m[K,
                 from [01m[K/calibration_ws/src/kalibr/aslam_cv/aslam_cameras/include/aslam/cameras/CameraGeometry.hpp:4[m[K,
                 from [01m[K/calibration_ws/src/kalibr/aslam_cv/aslam_cameras/include/aslam/cameras.hpp:5[m[K,
                 from [01m[K/calibration_ws/src/kalibr/aslam_cv/aslam_cv_serialization/include/aslam/cameras/CameraBaseSerialization.hpp:15[m[K,
                 from [01m[K/calibration_ws/src/kalibr/aslam_cv/aslam_cv_serialization/src/autogen/Camera-ExtendedUnifiedCameraGeometry.cpp:1[m[K:
[01m[K/calibration_ws/src/kalibr/Schweizer-Messer/sm_common/include/sm/Id.hpp:[m[K In member function ‘[01m[Ksm::Id sm::Id::operator++(int)[m[K’:
[01m[K/calibration_ws/src/kalibr/Schweizer-Messer/sm_common/include/sm/Id.hpp:122:14:[m[K [01;35m[Kwarning: [m[Kimplicitly-declared ‘[01m[Kconstexpr sm::Id::Id(const sm::Id&)[m[K’ is deprecated [[01;35m[K-Wdeprecated-copy[m[K]
  122 |       return [01;35m[Krval[m[K;
      |              [01;35m[K^~~~[m[K
[01m[K/calibration_ws/src/kalibr/Schweizer-Messer/sm_common/include/sm/Id.hpp:132:9:[m[K [01;36m[Knote: [m[Kbecause ‘[01m[Ksm::Id[m[K’ has user-provided ‘[01m[Ksm::Id& sm::Id::operator=(const sm::Id&)[m[K’
  132 |     Id& [01;36m[Koperator[m[K= (const Id& other)
      |         [01;36m[K^~~~~~~~[m[K
[01m[K/calibration_ws/src/kalibr/aslam_cv/aslam_cameras/include/aslam/cameras/CameraGeometryBase.hpp:[m[K In constructor ‘[01m[Kaslam::cameras::CameraId::CameraId(const sm::Id&)[m[K’:
[01m[K/calibration_ws/src/kalibr/Schweizer-Messer/sm_common/include/sm/Id.hpp:180:50:[m[K [01;35m[Kwarning: [m[Kimplicitly-declared ‘[01m[Kconstexpr sm::Id::Id(const sm::Id&)[m[K’ is deprecated [[01;35m[K-Wdeprecated-copy[m[K]
  180 |         IdTypeName(const sm::Id & id) : sm::Id(id[01;35m[K)[m[K{}                    \
      |                                                  [01;35m[K^[m[K
[01m[K/calibration_ws/src/kalibr/aslam_cv/aslam_cameras/include/aslam/cameras/CameraGeometryBase.hpp:24:1:[m[K [01;36m[Knote: [m[Kin expansion of macro ‘[01m[KSM_DEFINE_ID[m[K’
   24 | [01;36m[KSM_DEFINE_ID[m[K (CameraId);
      | [01;36m[K^~~~~~~~~~~~[m[K
[01m[K/calibration_ws/src/kalibr/Schweizer-Messer/sm_common/include/sm/Id.hpp:132:9:[m[K [01;36m[Knote: [m[Kbecause ‘[01m[Ksm::Id[m[K’ has user-provided ‘[01m[Ksm::Id& sm::Id::operator=(const sm::Id&)[m[K’
  132 |     Id& [01;36m[Koperator[m[K= (const Id& other)
      |         [01;36m[K^~~~~~~~[m[K
[01m[K/calibration_ws/src/kalibr/aslam_cv/aslam_cameras/include/aslam/cameras/CameraGeometryBase.hpp:[m[K In constructor ‘[01m[Kaslam::cameras::CameraId::CameraId(const sm::Id&)[m[K’:
[01m[K/calibration_ws/src/kalibr/Schweizer-Messer/sm_common/include/sm/Id.hpp:180:50:[m[K [01;35m[Kwarning: [m[Kimplicitly-declared ‘[01m[Kconstexpr sm::Id::Id(const sm::Id&)[m[K’ is deprecated [[01;35m[K-Wdeprecated-copy[m[K]
  180 |         IdTypeName(const sm::Id & id) : sm::Id(id[01;35m[K)[m[K{}                    \
      |                                                  [01;35m[K^[m[K
[01m[K/calibration_ws/src/kalibr/aslam_cv/aslam_cameras/include/aslam/cameras/CameraGeometryBase.hpp:24:1:[m[K [01;36m[Knote: [m[Kin expansion of macro ‘[01m[KSM_DEFINE_ID[m[K’
   24 | [01;36m[KSM_DEFINE_ID[m[K (CameraId);
      | [01;36m[K^~~~~~~~~~~~[m[K
[01m[K/calibration_ws/src/kalibr/Schweizer-Messer/sm_common/include/sm/Id.hpp:132:9:[m[K [01;36m[Knote: [m[Kbecause ‘[01m[Ksm::Id[m[K’ has user-provided ‘[01m[Ksm::Id& sm::Id::operator=(const sm::Id&)[m[K’
  132 |     Id& [01;36m[Koperator[m[K= (const Id& other)
      |         [01;36m[K^~~~~~~~[m[K
[01m[K/calibration_ws/src/kalibr/aslam_cv/aslam_cameras/include/aslam/cameras/CameraGeometryBase.hpp:[m[K In constructor ‘[01m[Kaslam::cameras::CameraId::CameraId(const sm::Id&)[m[K’:
[01m[K/calibration_ws/src/kalibr/Schweizer-Messer/sm_common/include/sm/Id.hpp:180:50:[m[K [01;35m[Kwarning: [m[Kimplicitly-declared ‘[01m[Kconstexpr sm::Id::Id(const sm::Id&)[m[K’ is deprecated [[01;35m[K-Wdeprecated-copy[m[K]
  180 |         IdTypeName(const sm::Id & id) : sm::Id(id[01;35m[K)[m[K{}                    \
      |                                                  [01;35m[K^[m[K
[01m[K/calibration_ws/src/kalibr/aslam_cv/aslam_cameras/include/aslam/cameras/CameraGeometryBase.hpp:24:1:[m[K [01;36m[Knote: [m[Kin expansion of macro ‘[01m[KSM_DEFINE_ID[m[K’
   24 | [01;36m[KSM_DEFINE_ID[m[K (CameraId);
      | [01;36m[K^~~~~~~~~~~~[m[K
[01m[K/calibration_ws/src/kalibr/Schweizer-Messer/sm_common/include/sm/Id.hpp:132:9:[m[K [01;36m[Knote: [m[Kbecause ‘[01m[Ksm::Id[m[K’ has user-provided ‘[01m[Ksm::Id& sm::Id::operator=(const sm::Id&)[m[K’
  132 |     Id& [01;36m[Koperator[m[K= (const Id& other)
      |         [01;36m[K^~~~~~~~[m[K
[01m[K/calibration_ws/src/kalibr/aslam_cv/aslam_cameras/include/aslam/cameras/CameraGeometryBase.hpp:[m[K In constructor ‘[01m[Kaslam::cameras::CameraId::CameraId(const sm::Id&)[m[K’:
[01m[K/calibration_ws/src/kalibr/Schweizer-Messer/sm_common/include/sm/Id.hpp:180:50:[m[K [01;35m[Kwarning: [m[Kimplicitly-declared ‘[01m[Kconstexpr sm::Id::Id(const sm::Id&)[m[K’ is deprecated [[01;35m[K-Wdeprecated-copy[m[K]
  180 |         IdTypeName(const sm::Id & id) : sm::Id(id[01;35m[K)[m[K{}                    \
      |                                                  [01;35m[K^[m[K
[01m[K/calibration_ws/src/kalibr/aslam_cv/aslam_cameras/include/aslam/cameras/CameraGeometryBase.hpp:24:1:[m[K [01;36m[Knote: [m[Kin expansion of macro ‘[01m[KSM_DEFINE_ID[m[K’
   24 | [01;36m[KSM_DEFINE_ID[m[K (CameraId);
      | [01;36m[K^~~~~~~~~~~~[m[K
[01m[K/calibration_ws/src/kalibr/Schweizer-Messer/sm_common/include/sm/Id.hpp:132:9:[m[K [01;36m[Knote: [m[Kbecause ‘[01m[Ksm::Id[m[K’ has user-provided ‘[01m[Ksm::Id& sm::Id::operator=(const sm::Id&)[m[K’
  132 |     Id& [01;36m[Koperator[m[K= (const Id& other)
      |         [01;36m[K^~~~~~~~[m[K
[01m[K/calibration_ws/src/kalibr/aslam_cv/aslam_cameras/include/aslam/cameras/CameraGeometryBase.hpp:[m[K In constructor ‘[01m[Kaslam::cameras::CameraId::CameraId(const sm::Id&)[m[K’:
[01m[K/calibration_ws/src/kalibr/Schweizer-Messer/sm_common/include/sm/Id.hpp:180:50:[m[K [01;35m[Kwarning: [m[Kimplicitly-declared ‘[01m[Kconstexpr sm::Id::Id(const sm::Id&)[m[K’ is deprecated [[01;35m[K-Wdeprecated-copy[m[K]
  180 |         IdTypeName(const sm::Id & id) : sm::Id(id[01;35m[K)[m[K{}                    \
      |                                                  [01;35m[K^[m[K
[01m[K/calibration_ws/src/kalibr/aslam_cv/aslam_cameras/include/aslam/cameras/CameraGeometryBase.hpp:24:1:[m[K [01;36m[Knote: [m[Kin expansion of macro ‘[01m[KSM_DEFINE_ID[m[K’
   24 | [01;36m[KSM_DEFINE_ID[m[K (CameraId);
      | [01;36m[K^~~~~~~~~~~~[m[K
[01m[K/calibration_ws/src/kalibr/Schweizer-Messer/sm_common/include/sm/Id.hpp:132:9:[m[K [01;36m[Knote: [m[Kbecause ‘[01m[Ksm::Id[m[K’ has user-provided ‘[01m[Ksm::Id& sm::Id::operator=(const sm::Id&)[m[K’
  132 |     Id& [01;36m[Koperator[m[K= (const Id& other)
      |         [01;36m[K^~~~~~~~[m[K
[01m[K/calibration_ws/src/kalibr/aslam_cv/aslam_cameras/include/aslam/cameras/CameraGeometryBase.hpp:[m[K In constructor ‘[01m[Kaslam::cameras::CameraId::CameraId(const sm::Id&)[m[K’:
[01m[K/calibration_ws/src/kalibr/Schweizer-Messer/sm_common/include/sm/Id.hpp:180:50:[m[K [01;35m[Kwarning: [m[Kimplicitly-declared ‘[01m[Kconstexpr sm::Id::Id(const sm::Id&)[m[K’ is deprecated [[01;35m[K-Wdeprecated-copy[m[K]
  180 |         IdTypeName(const sm::Id & id) : sm::Id(id[01;35m[K)[m[K{}                    \
      |                                                  [01;35m[K^[m[K
[01m[K/calibration_ws/src/kalibr/aslam_cv/aslam_cameras/include/aslam/cameras/CameraGeometryBase.hpp:24:1:[m[K [01;36m[Knote: [m[Kin expansion of macro ‘[01m[KSM_DEFINE_ID[m[K’
   24 | [01;36m[KSM_DEFINE_ID[m[K (CameraId);
      | [01;36m[K^~~~~~~~~~~~[m[K
[01m[K/calibration_ws/src/kalibr/Schweizer-Messer/sm_common/include/sm/Id.hpp:132:9:[m[K [01;36m[Knote: [m[Kbecause ‘[01m[Ksm::Id[m[K’ has user-provided ‘[01m[Ksm::Id& sm::Id::operator=(const sm::Id&)[m[K’
  132 |     Id& [01;36m[Koperator[m[K= (const Id& other)
      |         [01;36m[K^~~~~~~~[m[K
[01m[K/calibration_ws/src/kalibr/aslam_cv/aslam_cameras/include/aslam/cameras/CameraGeometryBase.hpp:[m[K In constructor ‘[01m[Kaslam::cameras::CameraId::CameraId(const sm::Id&)[m[K’:
[01m[K/calibration_ws/src/kalibr/Schweizer-Messer/sm_common/include/sm/Id.hpp:180:50:[m[K [01;35m[Kwarning: [m[Kimplicitly-declared ‘[01m[Kconstexpr sm::Id::Id(const sm::Id&)[m[K’ is deprecated [[01;35m[K-Wdeprecated-copy[m[K]
  180 |         IdTypeName(const sm::Id & id) : sm::Id(id[01;35m[K)[m[K{}                    \
      |                                                  [01;35m[K^[m[K
[01m[K/calibration_ws/src/kalibr/aslam_cv/aslam_cameras/include/aslam/cameras/CameraGeometryBase.hpp:24:1:[m[K [01;36m[Knote: [m[Kin expansion of macro ‘[01m[KSM_DEFINE_ID[m[K’
   24 | [01;36m[KSM_DEFINE_ID[m[K (CameraId);
      | [01;36m[K^~~~~~~~~~~~[m[K
[01m[K/calibration_ws/src/kalibr/Schweizer-Messer/sm_common/include/sm/Id.hpp:132:9:[m[K [01;36m[Knote: [m[Kbecause ‘[01m[Ksm::Id[m[K’ has user-provided ‘[01m[Ksm::Id& sm::Id::operator=(const sm::Id&)[m[K’
  132 |     Id& [01;36m[Koperator[m[K= (const Id& other)
      |         [01;36m[K^~~~~~~~[m[K
[01m[K/calibration_ws/src/kalibr/aslam_cv/aslam_cameras/include/aslam/frontend_ids.hpp:[m[K In constructor ‘[01m[Kaslam::MultiFrameId::MultiFrameId(const sm::Id&)[m[K’:
[01m[K/calibration_ws/src/kalibr/Schweizer-Messer/sm_common/include/sm/Id.hpp:180:50:[m[K [01;35m[Kwarning: [m[Kimplicitly-declared ‘[01m[Kconstexpr sm::Id::Id(const sm::Id&)[m[K’ is deprecated [[01;35m[K-Wdeprecated-copy[m[K]
  180 |         IdTypeName(const sm::Id & id) : sm::Id(id[01;35m[K)[m[K{}                    \
      |                                                  [01;35m[K^[m[K
[01m[K/calibration_ws/src/kalibr/aslam_cv/aslam_cameras/include/aslam/frontend_ids.hpp:9:1:[m[K [01;36m[Knote: [m[Kin expansion of macro ‘[01m[KSM_DEFINE_ID[m[K’
    9 | [01;36m[KSM_DEFINE_ID[m[K (MultiFrameId);
      | [01;36m[K^~~~~~~~~~~~[m[K
[01m[K/calibration_ws/src/kalibr/Schweizer-Messer/sm_common/include/sm/Id.hpp:132:9:[m[K [01;36m[Knote: [m[Kbecause ‘[01m[Ksm::Id[m[K’ has user-provided ‘[01m[Ksm::Id& sm::Id::operator=(const sm::Id&)[m[K’
  132 |     Id& [01;36m[Koperator[m[K= (const Id& other)
      |         [01;36m[K^~~~~~~~[m[K
[01m[K/calibration_ws/src/kalibr/aslam_cv/aslam_cameras/include/aslam/frontend_ids.hpp:[m[K In constructor ‘[01m[Kaslam::FrameId::FrameId(const sm::Id&)[m[K’:
[01m[K/calibration_ws/src/kalibr/Schweizer-Messer/sm_common/include/sm/Id.hpp:180:50:[m[K [01;35m[Kwarning: [m[Kimplicitly-declared ‘[01m[Kconstexpr sm::Id::Id(const sm::Id&)[m[K’ is deprecated [[01;35m[K-Wdeprecated-copy[m[K]
  180 |         IdTypeName(const sm::Id & id) : sm::Id(id[01;35m[K)[m[K{}                    \
      |                                                  [01;35m[K^[m[K
[01m[K/calibration_ws/src/kalibr/aslam_cv/aslam_cameras/include/aslam/frontend_ids.hpp:10:1:[m[K [01;36m[Knote: [m[Kin expansion of macro ‘[01m[KSM_DEFINE_ID[m[K’
   10 | [01;36m[KSM_DEFINE_ID[m[K (FrameId);
      | [01;36m[K^~~~~~~~~~~~[m[K
[01m[K/calibration_ws/src/kalibr/Schweizer-Messer/sm_common/include/sm/Id.hpp:132:9:[m[K [01;36m[Knote: [m[Kbecause ‘[01m[Ksm::Id[m[K’ has user-provided ‘[01m[Ksm::Id& sm::Id::operator=(const sm::Id&)[m[K’
  132 |     Id& [01;36m[Koperator[m[K= (const Id& other)
      |         [01;36m[K^~~~~~~~[m[K
[01m[K/calibration_ws/src/kalibr/aslam_cv/aslam_cameras/include/aslam/cameras/CameraGeometryBase.hpp:[m[K In constructor ‘[01m[Kaslam::cameras::CameraId::CameraId(const sm::Id&)[m[K’:
[01m[K/calibration_ws/src/kalibr/Schweizer-Messer/sm_common/include/sm/Id.hpp:180:50:[m[K [01;35m[Kwarning: [m[Kimplicitly-declared ‘[01m[Kconstexpr sm::Id::Id(const sm::Id&)[m[K’ is deprecated [[01;35m[K-Wdeprecated-copy[m[K]
  180 |         IdTypeName(const sm::Id & id) : sm::Id(id[01;35m[K)[m[K{}                    \
      |                                                  [01;35m[K^[m[K
[01m[K/calibration_ws/src/kalibr/aslam_cv/aslam_cameras/include/aslam/cameras/CameraGeometryBase.hpp:24:1:[m[K [01;36m[Knote: [m[Kin expansion of macro ‘[01m[KSM_DEFINE_ID[m[K’
   24 | [01;36m[KSM_DEFINE_ID[m[K (CameraId);
      | [01;36m[K^~~~~~~~~~~~[m[K
[01m[K/calibration_ws/src/kalibr/Schweizer-Messer/sm_common/include/sm/Id.hpp:132:9:[m[K [01;36m[Knote: [m[Kbecause ‘[01m[Ksm::Id[m[K’ has user-provided ‘[01m[Ksm::Id& sm::Id::operator=(const sm::Id&)[m[K’
  132 |     Id& [01;36m[Koperator[m[K= (const Id& other)
      |         [01;36m[K^~~~~~~~[m[K
[01m[K/calibration_ws/src/kalibr/aslam_cv/aslam_cameras/include/aslam/frontend_ids.hpp:[m[K In constructor ‘[01m[Kaslam::LandmarkId::LandmarkId(const sm::Id&)[m[K’:
[01m[K/calibration_ws/src/kalibr/Schweizer-Messer/sm_common/include/sm/Id.hpp:180:50:[m[K [01;35m[Kwarning: [m[Kimplicitly-declared ‘[01m[Kconstexpr sm::Id::Id(const sm::Id&)[m[K’ is deprecated [[01;35m[K-Wdeprecated-copy[m[K]
  180 |         IdTypeName(const sm::Id & id) : sm::Id(id[01;35m[K)[m[K{}                    \
      |                                                  [01;35m[K^[m[K
[01m[K/calibration_ws/src/kalibr/aslam_cv/aslam_cameras/include/aslam/frontend_ids.hpp:11:1:[m[K [01;36m[Knote: [m[Kin expansion of macro ‘[01m[KSM_DEFINE_ID[m[K’
   11 | [01;36m[KSM_DEFINE_ID[m[K (LandmarkId);
      | [01;36m[K^~~~~~~~~~~~[m[K
[01m[K/calibration_ws/src/kalibr/Schweizer-Messer/sm_common/include/sm/Id.hpp:132:9:[m[K [01;36m[Knote: [m[Kbecause ‘[01m[Ksm::Id[m[K’ has user-provided ‘[01m[Ksm::Id& sm::Id::operator=(const sm::Id&)[m[K’
  132 |     Id& [01;36m[Koperator[m[K= (const Id& other)
      |         [01;36m[K^~~~~~~~[m[K
[01m[K/calibration_ws/src/kalibr/aslam_cv/aslam_cameras/include/aslam/frontend_ids.hpp:[m[K In constructor ‘[01m[Kaslam::MultiFrameId::MultiFrameId(const sm::Id&)[m[K’:
[01m[K/calibration_ws/src/kalibr/Schweizer-Messer/sm_common/include/sm/Id.hpp:180:50:[m[K [01;35m[Kwarning: [m[Kimplicitly-declared ‘[01m[Kconstexpr sm::Id::Id(const sm::Id&)[m[K’ is deprecated [[01;35m[K-Wdeprecated-copy[m[K]
  180 |         IdTypeName(const sm::Id & id) : sm::Id(id[01;35m[K)[m[K{}                    \
      |                                                  [01;35m[K^[m[K
[01m[K/calibration_ws/src/kalibr/aslam_cv/aslam_cameras/include/aslam/frontend_ids.hpp:9:1:[m[K [01;36m[Knote: [m[Kin expansion of macro ‘[01m[KSM_DEFINE_ID[m[K’
    9 | [01;36m[KSM_DEFINE_ID[m[K (MultiFrameId);
      | [01;36m[K^~~~~~~~~~~~[m[K
[01m[K/calibration_ws/src/kalibr/Schweizer-Messer/sm_common/include/sm/Id.hpp:132:9:[m[K [01;36m[Knote: [m[Kbecause ‘[01m[Ksm::Id[m[K’ has user-provided ‘[01m[Ksm::Id& sm::Id::operator=(const sm::Id&)[m[K’
  132 |     Id& [01;36m[Koperator[m[K= (const Id& other)
      |         [01;36m[K^~~~~~~~[m[K
[01m[K/calibration_ws/src/kalibr/aslam_cv/aslam_cameras/include/aslam/frontend_ids.hpp:[m[K In constructor ‘[01m[Kaslam::FrameId::FrameId(const sm::Id&)[m[K’:
[01m[K/calibration_ws/src/kalibr/Schweizer-Messer/sm_common/include/sm/Id.hpp:180:50:[m[K [01;35m[Kwarning: [m[Kimplicitly-declared ‘[01m[Kconstexpr sm::Id::Id(const sm::Id&)[m[K’ is deprecated [[01;35m[K-Wdeprecated-copy[m[K]
  180 |         IdTypeName(const sm::Id & id) : sm::Id(id[01;35m[K)[m[K{}                    \
      |                                                  [01;35m[K^[m[K
[01m[K/calibration_ws/src/kalibr/aslam_cv/aslam_cameras/include/aslam/frontend_ids.hpp:10:1:[m[K [01;36m[Knote: [m[Kin expansion of macro ‘[01m[KSM_DEFINE_ID[m[K’
   10 | [01;36m[KSM_DEFINE_ID[m[K (FrameId);
      | [01;36m[K^~~~~~~~~~~~[m[K
[01m[K/calibration_ws/src/kalibr/Schweizer-Messer/sm_common/include/sm/Id.hpp:132:9:[m[K [01;36m[Knote: [m[Kbecause ‘[01m[Ksm::Id[m[K’ has user-provided ‘[01m[Ksm::Id& sm::Id::operator=(const sm::Id&)[m[K’
  132 |     Id& [01;36m[Koperator[m[K= (const Id& other)
      |         [01;36m[K^~~~~~~~[m[K
[01m[K/calibration_ws/src/kalibr/aslam_cv/aslam_cameras/include/aslam/frontend_ids.hpp:[m[K In constructor ‘[01m[Kaslam::LandmarkId::LandmarkId(const sm::Id&)[m[K’:
[01m[K/calibration_ws/src/kalibr/Schweizer-Messer/sm_common/include/sm/Id.hpp:180:50:[m[K [01;35m[Kwarning: [m[Kimplicitly-declared ‘[01m[Kconstexpr sm::Id::Id(const sm::Id&)[m[K’ is deprecated [[01;35m[K-Wdeprecated-copy[m[K]
  180 |         IdTypeName(const sm::Id & id) : sm::Id(id[01;35m[K)[m[K{}                    \
      |                                                  [01;35m[K^[m[K
[01m[K/calibration_ws/src/kalibr/aslam_cv/aslam_cameras/include/aslam/frontend_ids.hpp:11:1:[m[K [01;36m[Knote: [m[Kin expansion of macro ‘[01m[KSM_DEFINE_ID[m[K’
   11 | [01;36m[KSM_DEFINE_ID[m[K (LandmarkId);
      | [01;36m[K^~~~~~~~~~~~[m[K
[01m[K/calibration_ws/src/kalibr/Schweizer-Messer/sm_common/include/sm/Id.hpp:132:9:[m[K [01;36m[Knote: [m[Kbecause ‘[01m[Ksm::Id[m[K’ has user-provided ‘[01m[Ksm::Id& sm::Id::operator=(const sm::Id&)[m[K’
  132 |     Id& [01;36m[Koperator[m[K= (const Id& other)
      |         [01;36m[K^~~~~~~~[m[K
[01m[K/calibration_ws/src/kalibr/aslam_cv/aslam_cameras/include/aslam/frontend_ids.hpp:[m[K In constructor ‘[01m[Kaslam::MultiFrameId::MultiFrameId(const sm::Id&)[m[K’:
[01m[K/calibration_ws/src/kalibr/Schweizer-Messer/sm_common/include/sm/Id.hpp:180:50:[m[K [01;35m[Kwarning: [m[Kimplicitly-declared ‘[01m[Kconstexpr sm::Id::Id(const sm::Id&)[m[K’ is deprecated [[01;35m[K-Wdeprecated-copy[m[K]
  180 |         IdTypeName(const sm::Id & id) : sm::Id(id[01;35m[K)[m[K{}                    \
      |                                                  [01;35m[K^[m[K
[01m[K/calibration_ws/src/kalibr/aslam_cv/aslam_cameras/include/aslam/frontend_ids.hpp:9:1:[m[K [01;36m[Knote: [m[Kin expansion of macro ‘[01m[KSM_DEFINE_ID[m[K’
    9 | [01;36m[KSM_DEFINE_ID[m[K (MultiFrameId);
      | [01;36m[K^~~~~~~~~~~~[m[K
[01m[K/calibration_ws/src/kalibr/Schweizer-Messer/sm_common/include/sm/Id.hpp:132:9:[m[K [01;36m[Knote: [m[Kbecause ‘[01m[Ksm::Id[m[K’ has user-provided ‘[01m[Ksm::Id& sm::Id::operator=(const sm::Id&)[m[K’
  132 |     Id& [01;36m[Koperator[m[K= (const Id& other)
      |         [01;36m[K^~~~~~~~[m[K
[01m[K/calibration_ws/src/kalibr/aslam_cv/aslam_cameras/include/aslam/frontend_ids.hpp:[m[K In constructor ‘[01m[Kaslam::FrameId::FrameId(const sm::Id&)[m[K’:
[01m[K/calibration_ws/src/kalibr/Schweizer-Messer/sm_common/include/sm/Id.hpp:180:50:[m[K [01;35m[Kwarning: [m[Kimplicitly-declared ‘[01m[Kconstexpr sm::Id::Id(const sm::Id&)[m[K’ is deprecated [[01;35m[K-Wdeprecated-copy[m[K]
  180 |         IdTypeName(const sm::Id & id) : sm::Id(id[01;35m[K)[m[K{}                    \
      |                                                  [01;35m[K^[m[K
[01m[K/calibration_ws/src/kalibr/aslam_cv/aslam_cameras/include/aslam/frontend_ids.hpp:10:1:[m[K [01;36m[Knote: [m[Kin expansion of macro ‘[01m[KSM_DEFINE_ID[m[K’
   10 | [01;36m[KSM_DEFINE_ID[m[K (FrameId);
      | [01;36m[K^~~~~~~~~~~~[m[K
[01m[K/calibration_ws/src/kalibr/Schweizer-Messer/sm_common/include/sm/Id.hpp:132:9:[m[K [01;36m[Knote: [m[Kbecause ‘[01m[Ksm::Id[m[K’ has user-provided ‘[01m[Ksm::Id& sm::Id::operator=(const sm::Id&)[m[K’
  132 |     Id& [01;36m[Koperator[m[K= (const Id& other)
      |         [01;36m[K^~~~~~~~[m[K
[01m[K/calibration_ws/src/kalibr/aslam_cv/aslam_cameras/include/aslam/frontend_ids.hpp:[m[K In constructor ‘[01m[Kaslam::LandmarkId::LandmarkId(const sm::Id&)[m[K’:
[01m[K/calibration_ws/src/kalibr/Schweizer-Messer/sm_common/include/sm/Id.hpp:180:50:[m[K [01;35m[Kwarning: [m[Kimplicitly-declared ‘[01m[Kconstexpr sm::Id::Id(const sm::Id&)[m[K’ is deprecated [[01;35m[K-Wdeprecated-copy[m[K]
  180 |         IdTypeName(const sm::Id & id) : sm::Id(id[01;35m[K)[m[K{}                    \
      |                                                  [01;35m[K^[m[K
[01m[K/calibration_ws/src/kalibr/aslam_cv/aslam_cameras/include/aslam/frontend_ids.hpp:11:1:[m[K [01;36m[Knote: [m[Kin expansion of macro ‘[01m[KSM_DEFINE_ID[m[K’
   11 | [01;36m[KSM_DEFINE_ID[m[K (LandmarkId);
      | [01;36m[K^~~~~~~~~~~~[m[K
[01m[K/calibration_ws/src/kalibr/Schweizer-Messer/sm_common/include/sm/Id.hpp:132:9:[m[K [01;36m[Knote: [m[Kbecause ‘[01m[Ksm::Id[m[K’ has user-provided ‘[01m[Ksm::Id& sm::Id::operator=(const sm::Id&)[m[K’
  132 |     Id& [01;36m[Koperator[m[K= (const Id& other)
      |         [01;36m[K^~~~~~~~[m[K
[01m[K/calibration_ws/src/kalibr/aslam_cv/aslam_cameras/include/aslam/cameras/CameraGeometryBase.hpp:[m[K In constructor ‘[01m[Kaslam::cameras::CameraId::CameraId(const sm::Id&)[m[K’:
[01m[K/calibration_ws/src/kalibr/Schweizer-Messer/sm_common/include/sm/Id.hpp:180:50:[m[K [01;35m[Kwarning: [m[Kimplicitly-declared ‘[01m[Kconstexpr sm::Id::Id(const sm::Id&)[m[K’ is deprecated [[01;35m[K-Wdeprecated-copy[m[K]
  180 |         IdTypeName(const sm::Id & id) : sm::Id(id[01;35m[K)[m[K{}                    \
      |                                                  [01;35m[K^[m[K
[01m[K/calibration_ws/src/kalibr/aslam_cv/aslam_cameras/include/aslam/cameras/CameraGeometryBase.hpp:24:1:[m[K [01;36m[Knote: [m[Kin expansion of macro ‘[01m[KSM_DEFINE_ID[m[K’
   24 | [01;36m[KSM_DEFINE_ID[m[K (CameraId);
      | [01;36m[K^~~~~~~~~~~~[m[K
[01m[K/calibration_ws/src/kalibr/Schweizer-Messer/sm_common/include/sm/Id.hpp:132:9:[m[K [01;36m[Knote: [m[Kbecause ‘[01m[Ksm::Id[m[K’ has user-provided ‘[01m[Ksm::Id& sm::Id::operator=(const sm::Id&)[m[K’
  132 |     Id& [01;36m[Koperator[m[K= (const Id& other)
      |         [01;36m[K^~~~~~~~[m[K
[01m[K/calibration_ws/src/kalibr/aslam_cv/aslam_cameras/include/aslam/frontend_ids.hpp:[m[K In constructor ‘[01m[Kaslam::MultiFrameId::MultiFrameId(const sm::Id&)[m[K’:
[01m[K/calibration_ws/src/kalibr/Schweizer-Messer/sm_common/include/sm/Id.hpp:180:50:[m[K [01;35m[Kwarning: [m[Kimplicitly-declared ‘[01m[Kconstexpr sm::Id::Id(const sm::Id&)[m[K’ is deprecated [[01;35m[K-Wdeprecated-copy[m[K]
  180 |         IdTypeName(const sm::Id & id) : sm::Id(id[01;35m[K)[m[K{}                    \
      |                                                  [01;35m[K^[m[K
[01m[K/calibration_ws/src/kalibr/aslam_cv/aslam_cameras/include/aslam/frontend_ids.hpp:9:1:[m[K [01;36m[Knote: [m[Kin expansion of macro ‘[01m[KSM_DEFINE_ID[m[K’
    9 | [01;36m[KSM_DEFINE_ID[m[K (MultiFrameId);
      | [01;36m[K^~~~~~~~~~~~[m[K
[01m[K/calibration_ws/src/kalibr/Schweizer-Messer/sm_common/include/sm/Id.hpp:132:9:[m[K [01;36m[Knote: [m[Kbecause ‘[01m[Ksm::Id[m[K’ has user-provided ‘[01m[Ksm::Id& sm::Id::operator=(const sm::Id&)[m[K’
  132 |     Id& [01;36m[Koperator[m[K= (const Id& other)
      |         [01;36m[K^~~~~~~~[m[K
[01m[K/calibration_ws/src/kalibr/aslam_cv/aslam_cameras/include/aslam/frontend_ids.hpp:[m[K In constructor ‘[01m[Kaslam::FrameId::FrameId(const sm::Id&)[m[K’:
[01m[K/calibration_ws/src/kalibr/Schweizer-Messer/sm_common/include/sm/Id.hpp:180:50:[m[K [01;35m[Kwarning: [m[Kimplicitly-declared ‘[01m[Kconstexpr sm::Id::Id(const sm::Id&)[m[K’ is deprecated [[01;35m[K-Wdeprecated-copy[m[K]
  180 |         IdTypeName(const sm::Id & id) : sm::Id(id[01;35m[K)[m[K{}                    \
      |                                                  [01;35m[K^[m[K
[01m[K/calibration_ws/src/kalibr/aslam_cv/aslam_cameras/include/aslam/frontend_ids.hpp:10:1:[m[K [01;36m[Knote: [m[Kin expansion of macro ‘[01m[KSM_DEFINE_ID[m[K’
   10 | [01;36m[KSM_DEFINE_ID[m[K (FrameId);
      | [01;36m[K^~~~~~~~~~~~[m[K
[01m[K/calibration_ws/src/kalibr/Schweizer-Messer/sm_common/include/sm/Id.hpp:132:9:[m[K [01;36m[Knote: [m[Kbecause ‘[01m[Ksm::Id[m[K’ has user-provided ‘[01m[Ksm::Id& sm::Id::operator=(const sm::Id&)[m[K’
  132 |     Id& [01;36m[Koperator[m[K= (const Id& other)
      |         [01;36m[K^~~~~~~~[m[K
[01m[K/calibration_ws/src/kalibr/aslam_cv/aslam_cameras/include/aslam/frontend_ids.hpp:[m[K In constructor ‘[01m[Kaslam::LandmarkId::LandmarkId(const sm::Id&)[m[K’:
[01m[K/calibration_ws/src/kalibr/Schweizer-Messer/sm_common/include/sm/Id.hpp:180:50:[m[K [01;35m[Kwarning: [m[Kimplicitly-declared ‘[01m[Kconstexpr sm::Id::Id(const sm::Id&)[m[K’ is deprecated [[01;35m[K-Wdeprecated-copy[m[K]
  180 |         IdTypeName(const sm::Id & id) : sm::Id(id[01;35m[K)[m[K{}                    \
      |                                                  [01;35m[K^[m[K
[01m[K/calibration_ws/src/kalibr/aslam_cv/aslam_cameras/include/aslam/frontend_ids.hpp:11:1:[m[K [01;36m[Knote: [m[Kin expansion of macro ‘[01m[KSM_DEFINE_ID[m[K’
   11 | [01;36m[KSM_DEFINE_ID[m[K (LandmarkId);
      | [01;36m[K^~~~~~~~~~~~[m[K
[01m[K/calibration_ws/src/kalibr/Schweizer-Messer/sm_common/include/sm/Id.hpp:132:9:[m[K [01;36m[Knote: [m[Kbecause ‘[01m[Ksm::Id[m[K’ has user-provided ‘[01m[Ksm::Id& sm::Id::operator=(const sm::Id&)[m[K’
  132 |     Id& [01;36m[Koperator[m[K= (const Id& other)
      |         [01;36m[K^~~~~~~~[m[K
[01m[K/calibration_ws/src/kalibr/aslam_cv/aslam_cameras/include/aslam/frontend_ids.hpp:[m[K In constructor ‘[01m[Kaslam::MultiFrameId::MultiFrameId(const sm::Id&)[m[K’:
[01m[K/calibration_ws/src/kalibr/Schweizer-Messer/sm_common/include/sm/Id.hpp:180:50:[m[K [01;35m[Kwarning: [m[Kimplicitly-declared ‘[01m[Kconstexpr sm::Id::Id(const sm::Id&)[m[K’ is deprecated [[01;35m[K-Wdeprecated-copy[m[K]
  180 |         IdTypeName(const sm::Id & id) : sm::Id(id[01;35m[K)[m[K{}                    \
      |                                                  [01;35m[K^[m[K
[01m[K/calibration_ws/src/kalibr/aslam_cv/aslam_cameras/include/aslam/frontend_ids.hpp:9:1:[m[K [01;36m[Knote: [m[Kin expansion of macro ‘[01m[KSM_DEFINE_ID[m[K’
    9 | [01;36m[KSM_DEFINE_ID[m[K (MultiFrameId);
      | [01;36m[K^~~~~~~~~~~~[m[K
[01m[K/calibration_ws/src/kalibr/Schweizer-Messer/sm_common/include/sm/Id.hpp:132:9:[m[K [01;36m[Knote: [m[Kbecause ‘[01m[Ksm::Id[m[K’ has user-provided ‘[01m[Ksm::Id& sm::Id::operator=(const sm::Id&)[m[K’
  132 |     Id& [01;36m[Koperator[m[K= (const Id& other)
      |         [01;36m[K^~~~~~~~[m[K
[01m[K/calibration_ws/src/kalibr/aslam_cv/aslam_cameras/include/aslam/frontend_ids.hpp:[m[K In constructor ‘[01m[Kaslam::FrameId::FrameId(const sm::Id&)[m[K’:
[01m[K/calibration_ws/src/kalibr/Schweizer-Messer/sm_common/include/sm/Id.hpp:180:50:[m[K [01;35m[Kwarning: [m[Kimplicitly-declared ‘[01m[Kconstexpr sm::Id::Id(const sm::Id&)[m[K’ is deprecated [[01;35m[K-Wdeprecated-copy[m[K]
  180 |         IdTypeName(const sm::Id & id) : sm::Id(id[01;35m[K)[m[K{}                    \
      |                                                  [01;35m[K^[m[K
[01m[K/calibration_ws/src/kalibr/aslam_cv/aslam_cameras/include/aslam/frontend_ids.hpp:10:1:[m[K [01;36m[Knote: [m[Kin expansion of macro ‘[01m[KSM_DEFINE_ID[m[K’
   10 | [01;36m[KSM_DEFINE_ID[m[K (FrameId);
      | [01;36m[K^~~~~~~~~~~~[m[K
[01m[K/calibration_ws/src/kalibr/Schweizer-Messer/sm_common/include/sm/Id.hpp:132:9:[m[K [01;36m[Knote: [m[Kbecause ‘[01m[Ksm::Id[m[K’ has user-provided ‘[01m[Ksm::Id& sm::Id::operator=(const sm::Id&)[m[K’
  132 |     Id& [01;36m[Koperator[m[K= (const Id& other)
      |         [01;36m[K^~~~~~~~[m[K
[01m[K/calibration_ws/src/kalibr/aslam_cv/aslam_cameras/include/aslam/frontend_ids.hpp:[m[K In constructor ‘[01m[Kaslam::LandmarkId::LandmarkId(const sm::Id&)[m[K’:
[01m[K/calibration_ws/src/kalibr/Schweizer-Messer/sm_common/include/sm/Id.hpp:180:50:[m[K [01;35m[Kwarning: [m[Kimplicitly-declared ‘[01m[Kconstexpr sm::Id::Id(const sm::Id&)[m[K’ is deprecated [[01;35m[K-Wdeprecated-copy[m[K]
  180 |         IdTypeName(const sm::Id & id) : sm::Id(id[01;35m[K)[m[K{}                    \
      |                                                  [01;35m[K^[m[K
[01m[K/calibration_ws/src/kalibr/aslam_cv/aslam_cameras/include/aslam/frontend_ids.hpp:11:1:[m[K [01;36m[Knote: [m[Kin expansion of macro ‘[01m[KSM_DEFINE_ID[m[K’
   11 | [01;36m[KSM_DEFINE_ID[m[K (LandmarkId);
      | [01;36m[K^~~~~~~~~~~~[m[K
[01m[K/calibration_ws/src/kalibr/Schweizer-Messer/sm_common/include/sm/Id.hpp:132:9:[m[K [01;36m[Knote: [m[Kbecause ‘[01m[Ksm::Id[m[K’ has user-provided ‘[01m[Ksm::Id& sm::Id::operator=(const sm::Id&)[m[K’
  132 |     Id& [01;36m[Koperator[m[K= (const Id& other)
      |         [01;36m[K^~~~~~~~[m[K
[01m[K/calibration_ws/src/kalibr/aslam_cv/aslam_cameras/include/aslam/frontend_ids.hpp:[m[K In constructor ‘[01m[Kaslam::MultiFrameId::MultiFrameId(const sm::Id&)[m[K’:
[01m[K/calibration_ws/src/kalibr/Schweizer-Messer/sm_common/include/sm/Id.hpp:180:50:[m[K [01;35m[Kwarning: [m[Kimplicitly-declared ‘[01m[Kconstexpr sm::Id::Id(const sm::Id&)[m[K’ is deprecated [[01;35m[K-Wdeprecated-copy[m[K]
  180 |         IdTypeName(const sm::Id & id) : sm::Id(id[01;35m[K)[m[K{}                    \
      |                                                  [01;35m[K^[m[K
[01m[K/calibration_ws/src/kalibr/aslam_cv/aslam_cameras/include/aslam/frontend_ids.hpp:9:1:[m[K [01;36m[Knote: [m[Kin expansion of macro ‘[01m[KSM_DEFINE_ID[m[K’
    9 | [01;36m[KSM_DEFINE_ID[m[K (MultiFrameId);
      | [01;36m[K^~~~~~~~~~~~[m[K
[01m[K/calibration_ws/src/kalibr/Schweizer-Messer/sm_common/include/sm/Id.hpp:132:9:[m[K [01;36m[Knote: [m[Kbecause ‘[01m[Ksm::Id[m[K’ has user-provided ‘[01m[Ksm::Id& sm::Id::operator=(const sm::Id&)[m[K’
  132 |     Id& [01;36m[Koperator[m[K= (const Id& other)
      |         [01;36m[K^~~~~~~~[m[K
[01m[K/calibration_ws/src/kalibr/aslam_cv/aslam_cameras/include/aslam/frontend_ids.hpp:[m[K In constructor ‘[01m[Kaslam::FrameId::FrameId(const sm::Id&)[m[K’:
[01m[K/calibration_ws/src/kalibr/Schweizer-Messer/sm_common/include/sm/Id.hpp:180:50:[m[K [01;35m[Kwarning: [m[Kimplicitly-declared ‘[01m[Kconstexpr sm::Id::Id(const sm::Id&)[m[K’ is deprecated [[01;35m[K-Wdeprecated-copy[m[K]
  180 |         IdTypeName(const sm::Id & id) : sm::Id(id[01;35m[K)[m[K{}                    \
      |                                                  [01;35m[K^[m[K
[01m[K/calibration_ws/src/kalibr/aslam_cv/aslam_cameras/include/aslam/frontend_ids.hpp:10:1:[m[K [01;36m[Knote: [m[Kin expansion of macro ‘[01m[KSM_DEFINE_ID[m[K’
   10 | [01;36m[KSM_DEFINE_ID[m[K (FrameId);
      | [01;36m[K^~~~~~~~~~~~[m[K
[01m[K/calibration_ws/src/kalibr/Schweizer-Messer/sm_common/include/sm/Id.hpp:132:9:[m[K [01;36m[Knote: [m[Kbecause ‘[01m[Ksm::Id[m[K’ has user-provided ‘[01m[Ksm::Id& sm::Id::operator=(const sm::Id&)[m[K’
  132 |     Id& [01;36m[Koperator[m[K= (const Id& other)
      |         [01;36m[K^~~~~~~~[m[K
[01m[K/calibration_ws/src/kalibr/aslam_cv/aslam_cameras/include/aslam/frontend_ids.hpp:[m[K In constructor ‘[01m[Kaslam::LandmarkId::LandmarkId(const sm::Id&)[m[K’:
[01m[K/calibration_ws/src/kalibr/Schweizer-Messer/sm_common/include/sm/Id.hpp:180:50:[m[K [01;35m[Kwarning: [m[Kimplicitly-declared ‘[01m[Kconstexpr sm::Id::Id(const sm::Id&)[m[K’ is deprecated [[01;35m[K-Wdeprecated-copy[m[K]
  180 |         IdTypeName(const sm::Id & id) : sm::Id(id[01;35m[K)[m[K{}                    \
      |                                                  [01;35m[K^[m[K
[01m[K/calibration_ws/src/kalibr/aslam_cv/aslam_cameras/include/aslam/frontend_ids.hpp:11:1:[m[K [01;36m[Knote: [m[Kin expansion of macro ‘[01m[KSM_DEFINE_ID[m[K’
   11 | [01;36m[KSM_DEFINE_ID[m[K (LandmarkId);
      | [01;36m[K^~~~~~~~~~~~[m[K
[01m[K/calibration_ws/src/kalibr/Schweizer-Messer/sm_common/include/sm/Id.hpp:132:9:[m[K [01;36m[Knote: [m[Kbecause ‘[01m[Ksm::Id[m[K’ has user-provided ‘[01m[Ksm::Id& sm::Id::operator=(const sm::Id&)[m[K’
  132 |     Id& [01;36m[Koperator[m[K= (const Id& other)
      |         [01;36m[K^~~~~~~~[m[K
[01m[K/calibration_ws/src/kalibr/aslam_cv/aslam_cameras/include/aslam/frontend_ids.hpp:[m[K In constructor ‘[01m[Kaslam::MultiFrameId::MultiFrameId(const sm::Id&)[m[K’:
[01m[K/calibration_ws/src/kalibr/Schweizer-Messer/sm_common/include/sm/Id.hpp:180:50:[m[K [01;35m[Kwarning: [m[Kimplicitly-declared ‘[01m[Kconstexpr sm::Id::Id(const sm::Id&)[m[K’ is deprecated [[01;35m[K-Wdeprecated-copy[m[K]
  180 |         IdTypeName(const sm::Id & id) : sm::Id(id[01;35m[K)[m[K{}                    \
      |                                                  [01;35m[K^[m[K
[01m[K/calibration_ws/src/kalibr/aslam_cv/aslam_cameras/include/aslam/frontend_ids.hpp:9:1:[m[K [01;36m[Knote: [m[Kin expansion of macro ‘[01m[KSM_DEFINE_ID[m[K’
    9 | [01;36m[KSM_DEFINE_ID[m[K (MultiFrameId);
      | [01;36m[K^~~~~~~~~~~~[m[K
[01m[K/calibration_ws/src/kalibr/Schweizer-Messer/sm_common/include/sm/Id.hpp:132:9:[m[K [01;36m[Knote: [m[Kbecause ‘[01m[Ksm::Id[m[K’ has user-provided ‘[01m[Ksm::Id& sm::Id::operator=(const sm::Id&)[m[K’
  132 |     Id& [01;36m[Koperator[m[K= (const Id& other)
      |         [01;36m[K^~~~~~~~[m[K
[01m[K/calibration_ws/src/kalibr/aslam_cv/aslam_cameras/include/aslam/frontend_ids.hpp:[m[K In constructor ‘[01m[Kaslam::FrameId::FrameId(const sm::Id&)[m[K’:
[01m[K/calibration_ws/src/kalibr/Schweizer-Messer/sm_common/include/sm/Id.hpp:180:50:[m[K [01;35m[Kwarning: [m[Kimplicitly-declared ‘[01m[Kconstexpr sm::Id::Id(const sm::Id&)[m[K’ is deprecated [[01;35m[K-Wdeprecated-copy[m[K]
  180 |         IdTypeName(const sm::Id & id) : sm::Id(id[01;35m[K)[m[K{}                    \
      |                                                  [01;35m[K^[m[K
[01m[K/calibration_ws/src/kalibr/aslam_cv/aslam_cameras/include/aslam/frontend_ids.hpp:10:1:[m[K [01;36m[Knote: [m[Kin expansion of macro ‘[01m[KSM_DEFINE_ID[m[K’
   10 | [01;36m[KSM_DEFINE_ID[m[K (FrameId);
      | [01;36m[K^~~~~~~~~~~~[m[K
[01m[K/calibration_ws/src/kalibr/Schweizer-Messer/sm_common/include/sm/Id.hpp:132:9:[m[K [01;36m[Knote: [m[Kbecause ‘[01m[Ksm::Id[m[K’ has user-provided ‘[01m[Ksm::Id& sm::Id::operator=(const sm::Id&)[m[K’
  132 |     Id& [01;36m[Koperator[m[K= (const Id& other)
      |         [01;36m[K^~~~~~~~[m[K
[01m[K/calibration_ws/src/kalibr/aslam_cv/aslam_cameras/include/aslam/frontend_ids.hpp:[m[K In constructor ‘[01m[Kaslam::LandmarkId::LandmarkId(const sm::Id&)[m[K’:
[01m[K/calibration_ws/src/kalibr/Schweizer-Messer/sm_common/include/sm/Id.hpp:180:50:[m[K [01;35m[Kwarning: [m[Kimplicitly-declared ‘[01m[Kconstexpr sm::Id::Id(const sm::Id&)[m[K’ is deprecated [[01;35m[K-Wdeprecated-copy[m[K]
  180 |         IdTypeName(const sm::Id & id) : sm::Id(id[01;35m[K)[m[K{}                    \
      |                                                  [01;35m[K^[m[K
[01m[K/calibration_ws/src/kalibr/aslam_cv/aslam_cameras/include/aslam/frontend_ids.hpp:11:1:[m[K [01;36m[Knote: [m[Kin expansion of macro ‘[01m[KSM_DEFINE_ID[m[K’
   11 | [01;36m[KSM_DEFINE_ID[m[K (LandmarkId);
      | [01;36m[K^~~~~~~~~~~~[m[K
[01m[K/calibration_ws/src/kalibr/Schweizer-Messer/sm_common/include/sm/Id.hpp:132:9:[m[K [01;36m[Knote: [m[Kbecause ‘[01m[Ksm::Id[m[K’ has user-provided ‘[01m[Ksm::Id& sm::Id::operator=(const sm::Id&)[m[K’
  132 |     Id& [01;36m[Koperator[m[K= (const Id& other)
      |         [01;36m[K^~~~~~~~[m[K
[01m[K/calibration_ws/src/kalibr/aslam_cv/aslam_cameras/include/aslam/frontend_ids.hpp:[m[K In constructor ‘[01m[Kaslam::MultiFrameId::MultiFrameId(const sm::Id&)[m[K’:
[01m[K/calibration_ws/src/kalibr/Schweizer-Messer/sm_common/include/sm/Id.hpp:180:50:[m[K [01;35m[Kwarning: [m[Kimplicitly-declared ‘[01m[Kconstexpr sm::Id::Id(const sm::Id&)[m[K’ is deprecated [[01;35m[K-Wdeprecated-copy[m[K]
  180 |         IdTypeName(const sm::Id & id) : sm::Id(id[01;35m[K)[m[K{}                    \
      |                                                  [01;35m[K^[m[K
[01m[K/calibration_ws/src/kalibr/aslam_cv/aslam_cameras/include/aslam/frontend_ids.hpp:9:1:[m[K [01;36m[Knote: [m[Kin expansion of macro ‘[01m[KSM_DEFINE_ID[m[K’
    9 | [01;36m[KSM_DEFINE_ID[m[K (MultiFrameId);
      | [01;36m[K^~~~~~~~~~~~[m[K
[01m[K/calibration_ws/src/kalibr/Schweizer-Messer/sm_common/include/sm/Id.hpp:132:9:[m[K [01;36m[Knote: [m[Kbecause ‘[01m[Ksm::Id[m[K’ has user-provided ‘[01m[Ksm::Id& sm::Id::operator=(const sm::Id&)[m[K’
  132 |     Id& [01;36m[Koperator[m[K= (const Id& other)
      |         [01;36m[K^~~~~~~~[m[K
[01m[K/calibration_ws/src/kalibr/aslam_cv/aslam_cameras/include/aslam/frontend_ids.hpp:[m[K In constructor ‘[01m[Kaslam::FrameId::FrameId(const sm::Id&)[m[K’:
[01m[K/calibration_ws/src/kalibr/Schweizer-Messer/sm_common/include/sm/Id.hpp:180:50:[m[K [01;35m[Kwarning: [m[Kimplicitly-declared ‘[01m[Kconstexpr sm::Id::Id(const sm::Id&)[m[K’ is deprecated [[01;35m[K-Wdeprecated-copy[m[K]
  180 |         IdTypeName(const sm::Id & id) : sm::Id(id[01;35m[K)[m[K{}                    \
      |                                                  [01;35m[K^[m[K
[01m[K/calibration_ws/src/kalibr/aslam_cv/aslam_cameras/include/aslam/frontend_ids.hpp:10:1:[m[K [01;36m[Knote: [m[Kin expansion of macro ‘[01m[KSM_DEFINE_ID[m[K’
   10 | [01;36m[KSM_DEFINE_ID[m[K (FrameId);
      | [01;36m[K^~~~~~~~~~~~[m[K
[01m[K/calibration_ws/src/kalibr/Schweizer-Messer/sm_common/include/sm/Id.hpp:132:9:[m[K [01;36m[Knote: [m[Kbecause ‘[01m[Ksm::Id[m[K’ has user-provided ‘[01m[Ksm::Id& sm::Id::operator=(const sm::Id&)[m[K’
  132 |     Id& [01;36m[Koperator[m[K= (const Id& other)
      |         [01;36m[K^~~~~~~~[m[K
[01m[K/calibration_ws/src/kalibr/aslam_cv/aslam_cameras/include/aslam/frontend_ids.hpp:[m[K In constructor ‘[01m[Kaslam::LandmarkId::LandmarkId(const sm::Id&)[m[K’:
[01m[K/calibration_ws/src/kalibr/Schweizer-Messer/sm_common/include/sm/Id.hpp:180:50:[m[K [01;35m[Kwarning: [m[Kimplicitly-declared ‘[01m[Kconstexpr sm::Id::Id(const sm::Id&)[m[K’ is deprecated [[01;35m[K-Wdeprecated-copy[m[K]
  180 |         IdTypeName(const sm::Id & id) : sm::Id(id[01;35m[K)[m[K{}                    \
      |                                                  [01;35m[K^[m[K
[01m[K/calibration_ws/src/kalibr/aslam_cv/aslam_cameras/include/aslam/frontend_ids.hpp:11:1:[m[K [01;36m[Knote: [m[Kin expansion of macro ‘[01m[KSM_DEFINE_ID[m[K’
   11 | [01;36m[KSM_DEFINE_ID[m[K (LandmarkId);
      | [01;36m[K^~~~~~~~~~~~[m[K
[01m[K/calibration_ws/src/kalibr/Schweizer-Messer/sm_common/include/sm/Id.hpp:132:9:[m[K [01;36m[Knote: [m[Kbecause ‘[01m[Ksm::Id[m[K’ has user-provided ‘[01m[Ksm::Id& sm::Id::operator=(const sm::Id&)[m[K’
  132 |     Id& [01;36m[Koperator[m[K= (const Id& other)
      |         [01;36m[K^~~~~~~~[m[K
[01m[K/calibration_ws/src/kalibr/aslam_cv/aslam_cameras/include/aslam/frontend_ids.hpp:[m[K In constructor ‘[01m[Kaslam::MultiFrameId::MultiFrameId(const sm::Id&)[m[K’:
[01m[K/calibration_ws/src/kalibr/Schweizer-Messer/sm_common/include/sm/Id.hpp:180:50:[m[K [01;35m[Kwarning: [m[Kimplicitly-declared ‘[01m[Kconstexpr sm::Id::Id(const sm::Id&)[m[K’ is deprecated [[01;35m[K-Wdeprecated-copy[m[K]
  180 |         IdTypeName(const sm::Id & id) : sm::Id(id[01;35m[K)[m[K{}                    \
      |                                                  [01;35m[K^[m[K
[01m[K/calibration_ws/src/kalibr/aslam_cv/aslam_cameras/include/aslam/frontend_ids.hpp:9:1:[m[K [01;36m[Knote: [m[Kin expansion of macro ‘[01m[KSM_DEFINE_ID[m[K’
    9 | [01;36m[KSM_DEFINE_ID[m[K (MultiFrameId);
      | [01;36m[K^~~~~~~~~~~~[m[K
[01m[K/calibration_ws/src/kalibr/Schweizer-Messer/sm_common/include/sm/Id.hpp:132:9:[m[K [01;36m[Knote: [m[Kbecause ‘[01m[Ksm::Id[m[K’ has user-provided ‘[01m[Ksm::Id& sm::Id::operator=(const sm::Id&)[m[K’
  132 |     Id& [01;36m[Koperator[m[K= (const Id& other)
      |         [01;36m[K^~~~~~~~[m[K
[01m[K/calibration_ws/src/kalibr/aslam_cv/aslam_cameras/include/aslam/frontend_ids.hpp:[m[K In constructor ‘[01m[Kaslam::FrameId::FrameId(const sm::Id&)[m[K’:
[01m[K/calibration_ws/src/kalibr/Schweizer-Messer/sm_common/include/sm/Id.hpp:180:50:[m[K [01;35m[Kwarning: [m[Kimplicitly-declared ‘[01m[Kconstexpr sm::Id::Id(const sm::Id&)[m[K’ is deprecated [[01;35m[K-Wdeprecated-copy[m[K]
  180 |         IdTypeName(const sm::Id & id) : sm::Id(id[01;35m[K)[m[K{}                    \
      |                                                  [01;35m[K^[m[K
[01m[K/calibration_ws/src/kalibr/aslam_cv/aslam_cameras/include/aslam/frontend_ids.hpp:10:1:[m[K [01;36m[Knote: [m[Kin expansion of macro ‘[01m[KSM_DEFINE_ID[m[K’
   10 | [01;36m[KSM_DEFINE_ID[m[K (FrameId);
      | [01;36m[K^~~~~~~~~~~~[m[K
[01m[K/calibration_ws/src/kalibr/Schweizer-Messer/sm_common/include/sm/Id.hpp:132:9:[m[K [01;36m[Knote: [m[Kbecause ‘[01m[Ksm::Id[m[K’ has user-provided ‘[01m[Ksm::Id& sm::Id::operator=(const sm::Id&)[m[K’
  132 |     Id& [01;36m[Koperator[m[K= (const Id& other)
      |         [01;36m[K^~~~~~~~[m[K
[01m[K/calibration_ws/src/kalibr/aslam_cv/aslam_cameras/include/aslam/frontend_ids.hpp:[m[K In constructor ‘[01m[Kaslam::LandmarkId::LandmarkId(const sm::Id&)[m[K’:
[01m[K/calibration_ws/src/kalibr/Schweizer-Messer/sm_common/include/sm/Id.hpp:180:50:[m[K [01;35m[Kwarning: [m[Kimplicitly-declared ‘[01m[Kconstexpr sm::Id::Id(const sm::Id&)[m[K’ is deprecated [[01;35m[K-Wdeprecated-copy[m[K]
  180 |         IdTypeName(const sm::Id & id) : sm::Id(id[01;35m[K)[m[K{}                    \
      |                                                  [01;35m[K^[m[K
[01m[K/calibration_ws/src/kalibr/aslam_cv/aslam_cameras/include/aslam/frontend_ids.hpp:11:1:[m[K [01;36m[Knote: [m[Kin expansion of macro ‘[01m[KSM_DEFINE_ID[m[K’
   11 | [01;36m[KSM_DEFINE_ID[m[K (LandmarkId);
      | [01;36m[K^~~~~~~~~~~~[m[K
[01m[K/calibration_ws/src/kalibr/Schweizer-Messer/sm_common/include/sm/Id.hpp:132:9:[m[K [01;36m[Knote: [m[Kbecause ‘[01m[Ksm::Id[m[K’ has user-provided ‘[01m[Ksm::Id& sm::Id::operator=(const sm::Id&)[m[K’
  132 |     Id& [01;36m[Koperator[m[K= (const Id& other)
      |         [01;36m[K^~~~~~~~[m[K
In file included from [01m[K/usr/include/boost/detail/endian.hpp:9[m[K,
                 from [01m[K/calibration_ws/src/kalibr/Schweizer-Messer/sm_boost/include/boost/portable_binary_archive.hpp:31[m[K,
                 from [01m[K/calibration_ws/src/kalibr/Schweizer-Messer/sm_boost/include/boost/portable_binary_iarchive.hpp:39[m[K,
                 from [01m[K/calibration_ws/src/kalibr/aslam_cv/aslam_cv_serialization/src/autogen/Camera-EquidistantDistortedPinholeRsCameraGeometry.cpp:11[m[K:
[01m[K/usr/include/boost/predef/detail/endian_compat.h:[m[K At global scope:
[01m[K/usr/include/boost/predef/detail/endian_compat.h:11:161:[m[K [01;36m[Knote: [m[K#pragma message: The use of BOOST_*_ENDIAN and BOOST_BYTE_ORDER is deprecated. Please include <boost/predef/other/endian.h> and use BOOST_ENDIAN_*_BYTE instead
   11 | #pragma message("The use of BOOST_*_ENDIAN and BOOST_BYTE_ORDER is deprecated. Please include <boost/predef/other/endian.h> and use BOOST_ENDIAN_*_BYTE instead"[01;36m[K)[m[K
      |                                                                                                                                                                 [01;36m[K^[m[K
In file included from [01m[K/usr/include/boost/detail/endian.hpp:9[m[K,
                 from [01m[K/calibration_ws/src/kalibr/Schweizer-Messer/sm_boost/include/boost/portable_binary_archive.hpp:31[m[K,
                 from [01m[K/calibration_ws/src/kalibr/Schweizer-Messer/sm_boost/include/boost/portable_binary_iarchive.hpp:39[m[K,
                 from [01m[K/calibration_ws/src/kalibr/aslam_cv/aslam_cv_serialization/src/autogen/Camera-FovDistortedPinholeCameraGeometry.cpp:11[m[K:
[01m[K/usr/include/boost/predef/detail/endian_compat.h:[m[K At global scope:
[01m[K/usr/include/boost/predef/detail/endian_compat.h:11:161:[m[K [01;36m[Knote: [m[K#pragma message: The use of BOOST_*_ENDIAN and BOOST_BYTE_ORDER is deprecated. Please include <boost/predef/other/endian.h> and use BOOST_ENDIAN_*_BYTE instead
   11 | #pragma message("The use of BOOST_*_ENDIAN and BOOST_BYTE_ORDER is deprecated. Please include <boost/predef/other/endian.h> and use BOOST_ENDIAN_*_BYTE instead"[01;36m[K)[m[K
      |                                                                                                                                                                 [01;36m[K^[m[K
In file included from [01m[K/usr/include/boost/detail/endian.hpp:9[m[K,
                 from [01m[K/calibration_ws/src/kalibr/Schweizer-Messer/sm_boost/include/boost/portable_binary_archive.hpp:31[m[K,
                 from [01m[K/calibration_ws/src/kalibr/Schweizer-Messer/sm_boost/include/boost/portable_binary_iarchive.hpp:39[m[K,
                 from [01m[K/calibration_ws/src/kalibr/aslam_cv/aslam_cv_serialization/src/autogen/Camera-DistortedOmniCameraGeometry.cpp:11[m[K:
[01m[K/usr/include/boost/predef/detail/endian_compat.h:[m[K At global scope:
[01m[K/usr/include/boost/predef/detail/endian_compat.h:11:161:[m[K [01;36m[Knote: [m[K#pragma message: The use of BOOST_*_ENDIAN and BOOST_BYTE_ORDER is deprecated. Please include <boost/predef/other/endian.h> and use BOOST_ENDIAN_*_BYTE instead
   11 | #pragma message("The use of BOOST_*_ENDIAN and BOOST_BYTE_ORDER is deprecated. Please include <boost/predef/other/endian.h> and use BOOST_ENDIAN_*_BYTE instead"[01;36m[K)[m[K
      |                                                                                                                                                                 [01;36m[K^[m[K
In file included from [01m[K/usr/include/boost/detail/endian.hpp:9[m[K,
                 from [01m[K/calibration_ws/src/kalibr/Schweizer-Messer/sm_boost/include/boost/portable_binary_archive.hpp:31[m[K,
                 from [01m[K/calibration_ws/src/kalibr/Schweizer-Messer/sm_boost/include/boost/portable_binary_iarchive.hpp:39[m[K,
                 from [01m[K/calibration_ws/src/kalibr/aslam_cv/aslam_cv_serialization/src/autogen/Camera-PinholeCameraGeometry.cpp:11[m[K:
[01m[K/usr/include/boost/predef/detail/endian_compat.h:[m[K At global scope:
[01m[K/usr/include/boost/predef/detail/endian_compat.h:11:161:[m[K [01;36m[Knote: [m[K#pragma message: The use of BOOST_*_ENDIAN and BOOST_BYTE_ORDER is deprecated. Please include <boost/predef/other/endian.h> and use BOOST_ENDIAN_*_BYTE instead
   11 | #pragma message("The use of BOOST_*_ENDIAN and BOOST_BYTE_ORDER is deprecated. Please include <boost/predef/other/endian.h> and use BOOST_ENDIAN_*_BYTE instead"[01;36m[K)[m[K
      |                                                                                                                                                                 [01;36m[K^[m[K
In file included from [01m[K/usr/include/boost/detail/endian.hpp:9[m[K,
                 from [01m[K/calibration_ws/src/kalibr/Schweizer-Messer/sm_boost/include/boost/portable_binary_archive.hpp:31[m[K,
                 from [01m[K/calibration_ws/src/kalibr/Schweizer-Messer/sm_boost/include/boost/portable_binary_iarchive.hpp:39[m[K,
                 from [01m[K/calibration_ws/src/kalibr/aslam_cv/aslam_cv_serialization/src/autogen/Camera-DistortedPinholeCameraGeometry.cpp:11[m[K:
[01m[K/usr/include/boost/predef/detail/endian_compat.h:[m[K At global scope:
[01m[K/usr/include/boost/predef/detail/endian_compat.h:11:161:[m[K [01;36m[Knote: [m[K#pragma message: The use of BOOST_*_ENDIAN and BOOST_BYTE_ORDER is deprecated. Please include <boost/predef/other/endian.h> and use BOOST_ENDIAN_*_BYTE instead
   11 | #pragma message("The use of BOOST_*_ENDIAN and BOOST_BYTE_ORDER is deprecated. Please include <boost/predef/other/endian.h> and use BOOST_ENDIAN_*_BYTE instead"[01;36m[K)[m[K
      |                                                                                                                                                                 [01;36m[K^[m[K
In file included from [01m[K/usr/include/boost/detail/endian.hpp:9[m[K,
                 from [01m[K/calibration_ws/src/kalibr/Schweizer-Messer/sm_boost/include/boost/portable_binary_archive.hpp:31[m[K,
                 from [01m[K/calibration_ws/src/kalibr/Schweizer-Messer/sm_boost/include/boost/portable_binary_iarchive.hpp:39[m[K,
                 from [01m[K/calibration_ws/src/kalibr/aslam_cv/aslam_cv_serialization/src/autogen/Camera-PinholeRsCameraGeometry.cpp:11[m[K:
[01m[K/usr/include/boost/predef/detail/endian_compat.h:[m[K At global scope:
[01m[K/usr/include/boost/predef/detail/endian_compat.h:11:161:[m[K [01;36m[Knote: [m[K#pragma message: The use of BOOST_*_ENDIAN and BOOST_BYTE_ORDER is deprecated. Please include <boost/predef/other/endian.h> and use BOOST_ENDIAN_*_BYTE instead
   11 | #pragma message("The use of BOOST_*_ENDIAN and BOOST_BYTE_ORDER is deprecated. Please include <boost/predef/other/endian.h> and use BOOST_ENDIAN_*_BYTE instead"[01;36m[K)[m[K
      |                                                                                                                                                                 [01;36m[K^[m[K
In file included from [01m[K/usr/include/boost/detail/endian.hpp:9[m[K,
                 from [01m[K/calibration_ws/src/kalibr/Schweizer-Messer/sm_boost/include/boost/portable_binary_archive.hpp:31[m[K,
                 from [01m[K/calibration_ws/src/kalibr/Schweizer-Messer/sm_boost/include/boost/portable_binary_iarchive.hpp:39[m[K,
                 from [01m[K/calibration_ws/src/kalibr/aslam_cv/aslam_cv_serialization/src/autogen/Camera-EquidistantDistortedOmniCameraGeometry.cpp:11[m[K:
[01m[K/usr/include/boost/predef/detail/endian_compat.h:[m[K At global scope:
[01m[K/usr/include/boost/predef/detail/endian_compat.h:11:161:[m[K [01;36m[Knote: [m[K#pragma message: The use of BOOST_*_ENDIAN and BOOST_BYTE_ORDER is deprecated. Please include <boost/predef/other/endian.h> and use BOOST_ENDIAN_*_BYTE instead
   11 | #pragma message("The use of BOOST_*_ENDIAN and BOOST_BYTE_ORDER is deprecated. Please include <boost/predef/other/endian.h> and use BOOST_ENDIAN_*_BYTE instead"[01;36m[K)[m[K
      |                                                                                                                                                                 [01;36m[K^[m[K
In file included from [01m[K/usr/include/boost/detail/endian.hpp:9[m[K,
                 from [01m[K/calibration_ws/src/kalibr/Schweizer-Messer/sm_boost/include/boost/portable_binary_archive.hpp:31[m[K,
                 from [01m[K/calibration_ws/src/kalibr/Schweizer-Messer/sm_boost/include/boost/portable_binary_iarchive.hpp:39[m[K,
                 from [01m[K/calibration_ws/src/kalibr/aslam_cv/aslam_cv_serialization/src/autogen/Camera-DistortedPinholeRsCameraGeometry.cpp:11[m[K:
[01m[K/usr/include/boost/predef/detail/endian_compat.h:[m[K At global scope:
[01m[K/usr/include/boost/predef/detail/endian_compat.h:11:161:[m[K [01;36m[Knote: [m[K#pragma message: The use of BOOST_*_ENDIAN and BOOST_BYTE_ORDER is deprecated. Please include <boost/predef/other/endian.h> and use BOOST_ENDIAN_*_BYTE instead
   11 | #pragma message("The use of BOOST_*_ENDIAN and BOOST_BYTE_ORDER is deprecated. Please include <boost/predef/other/endian.h> and use BOOST_ENDIAN_*_BYTE instead"[01;36m[K)[m[K
      |                                                                                                                                                                 [01;36m[K^[m[K
In file included from [01m[K/usr/include/boost/detail/endian.hpp:9[m[K,
                 from [01m[K/calibration_ws/src/kalibr/Schweizer-Messer/sm_boost/include/boost/portable_binary_archive.hpp:31[m[K,
                 from [01m[K/calibration_ws/src/kalibr/Schweizer-Messer/sm_boost/include/boost/portable_binary_iarchive.hpp:39[m[K,
                 from [01m[K/calibration_ws/src/kalibr/aslam_cv/aslam_cv_serialization/src/autogen/Camera-OmniCameraGeometry.cpp:11[m[K:
[01m[K/usr/include/boost/predef/detail/endian_compat.h:[m[K At global scope:
[01m[K/usr/include/boost/predef/detail/endian_compat.h:11:161:[m[K [01;36m[Knote: [m[K#pragma message: The use of BOOST_*_ENDIAN and BOOST_BYTE_ORDER is deprecated. Please include <boost/predef/other/endian.h> and use BOOST_ENDIAN_*_BYTE instead
   11 | #pragma message("The use of BOOST_*_ENDIAN and BOOST_BYTE_ORDER is deprecated. Please include <boost/predef/other/endian.h> and use BOOST_ENDIAN_*_BYTE instead"[01;36m[K)[m[K
      |                                                                                                                                                                 [01;36m[K^[m[K
In file included from [01m[K/usr/include/boost/detail/endian.hpp:9[m[K,
                 from [01m[K/calibration_ws/src/kalibr/Schweizer-Messer/sm_boost/include/boost/portable_binary_archive.hpp:31[m[K,
                 from [01m[K/calibration_ws/src/kalibr/Schweizer-Messer/sm_boost/include/boost/portable_binary_iarchive.hpp:39[m[K,
                 from [01m[K/calibration_ws/src/kalibr/aslam_cv/aslam_cv_serialization/src/autogen/Camera-DoubleSphereCameraGeometry.cpp:11[m[K:
[01m[K/usr/include/boost/predef/detail/endian_compat.h:[m[K At global scope:
[01m[K/usr/include/boost/predef/detail/endian_compat.h:11:161:[m[K [01;36m[Knote: [m[K#pragma message: The use of BOOST_*_ENDIAN and BOOST_BYTE_ORDER is deprecated. Please include <boost/predef/other/endian.h> and use BOOST_ENDIAN_*_BYTE instead
   11 | #pragma message("The use of BOOST_*_ENDIAN and BOOST_BYTE_ORDER is deprecated. Please include <boost/predef/other/endian.h> and use BOOST_ENDIAN_*_BYTE instead"[01;36m[K)[m[K
      |                                                                                                                                                                 [01;36m[K^[m[K
In file included from [01m[K/usr/include/boost/detail/endian.hpp:9[m[K,
                 from [01m[K/calibration_ws/src/kalibr/Schweizer-Messer/sm_boost/include/boost/portable_binary_archive.hpp:31[m[K,
                 from [01m[K/calibration_ws/src/kalibr/Schweizer-Messer/sm_boost/include/boost/portable_binary_iarchive.hpp:39[m[K,
                 from [01m[K/calibration_ws/src/kalibr/aslam_cv/aslam_cv_serialization/src/autogen/Camera-EquidistantDistortedPinholeCameraGeometry.cpp:11[m[K:
[01m[K/usr/include/boost/predef/detail/endian_compat.h:[m[K At global scope:
[01m[K/usr/include/boost/predef/detail/endian_compat.h:11:161:[m[K [01;36m[Knote: [m[K#pragma message: The use of BOOST_*_ENDIAN and BOOST_BYTE_ORDER is deprecated. Please include <boost/predef/other/endian.h> and use BOOST_ENDIAN_*_BYTE instead
   11 | #pragma message("The use of BOOST_*_ENDIAN and BOOST_BYTE_ORDER is deprecated. Please include <boost/predef/other/endian.h> and use BOOST_ENDIAN_*_BYTE instead"[01;36m[K)[m[K
      |                                                                                                                                                                 [01;36m[K^[m[K
In file included from [01m[K/usr/include/boost/detail/endian.hpp:9[m[K,
                 from [01m[K/calibration_ws/src/kalibr/Schweizer-Messer/sm_boost/include/boost/portable_binary_archive.hpp:31[m[K,
                 from [01m[K/calibration_ws/src/kalibr/Schweizer-Messer/sm_boost/include/boost/portable_binary_iarchive.hpp:39[m[K,
                 from [01m[K/calibration_ws/src/kalibr/aslam_cv/aslam_cv_serialization/src/autogen/Camera-ExtendedUnifiedCameraGeometry.cpp:11[m[K:
[01m[K/usr/include/boost/predef/detail/endian_compat.h:[m[K At global scope:
[01m[K/usr/include/boost/predef/detail/endian_compat.h:11:161:[m[K [01;36m[Knote: [m[K#pragma message: The use of BOOST_*_ENDIAN and BOOST_BYTE_ORDER is deprecated. Please include <boost/predef/other/endian.h> and use BOOST_ENDIAN_*_BYTE instead
   11 | #pragma message("The use of BOOST_*_ENDIAN and BOOST_BYTE_ORDER is deprecated. Please include <boost/predef/other/endian.h> and use BOOST_ENDIAN_*_BYTE instead"[01;36m[K)[m[K
      |                                                                                                                                                                 [01;36m[K^[m[K
[ 40%] [32mBuilding CXX object CMakeFiles/aslam_cv_serialization.dir/src/autogen/Camera-OmniRsCameraGeometry.cpp.o[0m
[ 43%] [32mBuilding CXX object CMakeFiles/aslam_cv_serialization.dir/src/autogen/Camera-DistortedOmniRsCameraGeometry.cpp.o[0m
In file included from [01m[K/calibration_ws/src/kalibr/aslam_cv/aslam_cameras/include/aslam/cameras/CameraGeometryBase.hpp:6[m[K,
                 from [01m[K/calibration_ws/src/kalibr/aslam_cv/aslam_cameras/include/aslam/cameras/CameraGeometry.hpp:4[m[K,
                 from [01m[K/calibration_ws/src/kalibr/aslam_cv/aslam_cameras/include/aslam/cameras.hpp:5[m[K,
                 from [01m[K/calibration_ws/src/kalibr/aslam_cv/aslam_cv_serialization/include/aslam/cameras/CameraBaseSerialization.hpp:15[m[K,
                 from [01m[K/calibration_ws/src/kalibr/aslam_cv/aslam_cv_serialization/src/autogen/Camera-OmniRsCameraGeometry.cpp:1[m[K:
[01m[K/calibration_ws/src/kalibr/Schweizer-Messer/sm_common/include/sm/Id.hpp:[m[K In member function ‘[01m[Ksm::Id sm::Id::operator++(int)[m[K’:
[01m[K/calibration_ws/src/kalibr/Schweizer-Messer/sm_common/include/sm/Id.hpp:122:14:[m[K [01;35m[Kwarning: [m[Kimplicitly-declared ‘[01m[Kconstexpr sm::Id::Id(const sm::Id&)[m[K’ is deprecated [[01;35m[K-Wdeprecated-copy[m[K]
  122 |       return [01;35m[Krval[m[K;
      |              [01;35m[K^~~~[m[K
[01m[K/calibration_ws/src/kalibr/Schweizer-Messer/sm_common/include/sm/Id.hpp:132:9:[m[K [01;36m[Knote: [m[Kbecause ‘[01m[Ksm::Id[m[K’ has user-provided ‘[01m[Ksm::Id& sm::Id::operator=(const sm::Id&)[m[K’
  132 |     Id& [01;36m[Koperator[m[K= (const Id& other)
      |         [01;36m[K^~~~~~~~[m[K
[01m[K/calibration_ws/src/kalibr/aslam_cv/aslam_cameras/include/aslam/cameras/CameraGeometryBase.hpp:[m[K In constructor ‘[01m[Kaslam::cameras::CameraId::CameraId(const sm::Id&)[m[K’:
[01m[K/calibration_ws/src/kalibr/Schweizer-Messer/sm_common/include/sm/Id.hpp:180:50:[m[K [01;35m[Kwarning: [m[Kimplicitly-declared ‘[01m[Kconstexpr sm::Id::Id(const sm::Id&)[m[K’ is deprecated [[01;35m[K-Wdeprecated-copy[m[K]
  180 |         IdTypeName(const sm::Id & id) : sm::Id(id[01;35m[K)[m[K{}                    \
      |                                                  [01;35m[K^[m[K
[01m[K/calibration_ws/src/kalibr/aslam_cv/aslam_cameras/include/aslam/cameras/CameraGeometryBase.hpp:24:1:[m[K [01;36m[Knote: [m[Kin expansion of macro ‘[01m[KSM_DEFINE_ID[m[K’
   24 | [01;36m[KSM_DEFINE_ID[m[K (CameraId);
      | [01;36m[K^~~~~~~~~~~~[m[K
[01m[K/calibration_ws/src/kalibr/Schweizer-Messer/sm_common/include/sm/Id.hpp:132:9:[m[K [01;36m[Knote: [m[Kbecause ‘[01m[Ksm::Id[m[K’ has user-provided ‘[01m[Ksm::Id& sm::Id::operator=(const sm::Id&)[m[K’
  132 |     Id& [01;36m[Koperator[m[K= (const Id& other)
      |         [01;36m[K^~~~~~~~[m[K
[01m[K/calibration_ws/src/kalibr/aslam_cv/aslam_cameras/include/aslam/frontend_ids.hpp:[m[K In constructor ‘[01m[Kaslam::MultiFrameId::MultiFrameId(const sm::Id&)[m[K’:
[01m[K/calibration_ws/src/kalibr/Schweizer-Messer/sm_common/include/sm/Id.hpp:180:50:[m[K [01;35m[Kwarning: [m[Kimplicitly-declared ‘[01m[Kconstexpr sm::Id::Id(const sm::Id&)[m[K’ is deprecated [[01;35m[K-Wdeprecated-copy[m[K]
  180 |         IdTypeName(const sm::Id & id) : sm::Id(id[01;35m[K)[m[K{}                    \
      |                                                  [01;35m[K^[m[K
[01m[K/calibration_ws/src/kalibr/aslam_cv/aslam_cameras/include/aslam/frontend_ids.hpp:9:1:[m[K [01;36m[Knote: [m[Kin expansion of macro ‘[01m[KSM_DEFINE_ID[m[K’
    9 | [01;36m[KSM_DEFINE_ID[m[K (MultiFrameId);
      | [01;36m[K^~~~~~~~~~~~[m[K
[01m[K/calibration_ws/src/kalibr/Schweizer-Messer/sm_common/include/sm/Id.hpp:132:9:[m[K [01;36m[Knote: [m[Kbecause ‘[01m[Ksm::Id[m[K’ has user-provided ‘[01m[Ksm::Id& sm::Id::operator=(const sm::Id&)[m[K’
  132 |     Id& [01;36m[Koperator[m[K= (const Id& other)
      |         [01;36m[K^~~~~~~~[m[K
[01m[K/calibration_ws/src/kalibr/aslam_cv/aslam_cameras/include/aslam/frontend_ids.hpp:[m[K In constructor ‘[01m[Kaslam::FrameId::FrameId(const sm::Id&)[m[K’:
[01m[K/calibration_ws/src/kalibr/Schweizer-Messer/sm_common/include/sm/Id.hpp:180:50:[m[K [01;35m[Kwarning: [m[Kimplicitly-declared ‘[01m[Kconstexpr sm::Id::Id(const sm::Id&)[m[K’ is deprecated [[01;35m[K-Wdeprecated-copy[m[K]
  180 |         IdTypeName(const sm::Id & id) : sm::Id(id[01;35m[K)[m[K{}                    \
      |                                                  [01;35m[K^[m[K
[01m[K/calibration_ws/src/kalibr/aslam_cv/aslam_cameras/include/aslam/frontend_ids.hpp:10:1:[m[K [01;36m[Knote: [m[Kin expansion of macro ‘[01m[KSM_DEFINE_ID[m[K’
   10 | [01;36m[KSM_DEFINE_ID[m[K (FrameId);
      | [01;36m[K^~~~~~~~~~~~[m[K
[01m[K/calibration_ws/src/kalibr/Schweizer-Messer/sm_common/include/sm/Id.hpp:132:9:[m[K [01;36m[Knote: [m[Kbecause ‘[01m[Ksm::Id[m[K’ has user-provided ‘[01m[Ksm::Id& sm::Id::operator=(const sm::Id&)[m[K’
  132 |     Id& [01;36m[Koperator[m[K= (const Id& other)
      |         [01;36m[K^~~~~~~~[m[K
[01m[K/calibration_ws/src/kalibr/aslam_cv/aslam_cameras/include/aslam/frontend_ids.hpp:[m[K In constructor ‘[01m[Kaslam::LandmarkId::LandmarkId(const sm::Id&)[m[K’:
[01m[K/calibration_ws/src/kalibr/Schweizer-Messer/sm_common/include/sm/Id.hpp:180:50:[m[K [01;35m[Kwarning: [m[Kimplicitly-declared ‘[01m[Kconstexpr sm::Id::Id(const sm::Id&)[m[K’ is deprecated [[01;35m[K-Wdeprecated-copy[m[K]
  180 |         IdTypeName(const sm::Id & id) : sm::Id(id[01;35m[K)[m[K{}                    \
      |                                                  [01;35m[K^[m[K
[01m[K/calibration_ws/src/kalibr/aslam_cv/aslam_cameras/include/aslam/frontend_ids.hpp:11:1:[m[K [01;36m[Knote: [m[Kin expansion of macro ‘[01m[KSM_DEFINE_ID[m[K’
   11 | [01;36m[KSM_DEFINE_ID[m[K (LandmarkId);
      | [01;36m[K^~~~~~~~~~~~[m[K
[01m[K/calibration_ws/src/kalibr/Schweizer-Messer/sm_common/include/sm/Id.hpp:132:9:[m[K [01;36m[Knote: [m[Kbecause ‘[01m[Ksm::Id[m[K’ has user-provided ‘[01m[Ksm::Id& sm::Id::operator=(const sm::Id&)[m[K’
  132 |     Id& [01;36m[Koperator[m[K= (const Id& other)
      |         [01;36m[K^~~~~~~~[m[K
In file included from [01m[K/calibration_ws/src/kalibr/aslam_cv/aslam_cameras/include/aslam/cameras/CameraGeometryBase.hpp:6[m[K,
                 from [01m[K/calibration_ws/src/kalibr/aslam_cv/aslam_cameras/include/aslam/cameras/CameraGeometry.hpp:4[m[K,
                 from [01m[K/calibration_ws/src/kalibr/aslam_cv/aslam_cameras/include/aslam/cameras.hpp:5[m[K,
                 from [01m[K/calibration_ws/src/kalibr/aslam_cv/aslam_cv_serialization/include/aslam/cameras/CameraBaseSerialization.hpp:15[m[K,
                 from [01m[K/calibration_ws/src/kalibr/aslam_cv/aslam_cv_serialization/src/autogen/Camera-DistortedOmniRsCameraGeometry.cpp:1[m[K:
[01m[K/calibration_ws/src/kalibr/Schweizer-Messer/sm_common/include/sm/Id.hpp:[m[K In member function ‘[01m[Ksm::Id sm::Id::operator++(int)[m[K’:
[01m[K/calibration_ws/src/kalibr/Schweizer-Messer/sm_common/include/sm/Id.hpp:122:14:[m[K [01;35m[Kwarning: [m[Kimplicitly-declared ‘[01m[Kconstexpr sm::Id::Id(const sm::Id&)[m[K’ is deprecated [[01;35m[K-Wdeprecated-copy[m[K]
  122 |       return [01;35m[Krval[m[K;
      |              [01;35m[K^~~~[m[K
[01m[K/calibration_ws/src/kalibr/Schweizer-Messer/sm_common/include/sm/Id.hpp:132:9:[m[K [01;36m[Knote: [m[Kbecause ‘[01m[Ksm::Id[m[K’ has user-provided ‘[01m[Ksm::Id& sm::Id::operator=(const sm::Id&)[m[K’
  132 |     Id& [01;36m[Koperator[m[K= (const Id& other)
      |         [01;36m[K^~~~~~~~[m[K
In file included from [01m[K/usr/include/boost/detail/endian.hpp:9[m[K,
                 from [01m[K/calibration_ws/src/kalibr/Schweizer-Messer/sm_boost/include/boost/portable_binary_archive.hpp:31[m[K,
                 from [01m[K/calibration_ws/src/kalibr/Schweizer-Messer/sm_boost/include/boost/portable_binary_iarchive.hpp:39[m[K,
                 from [01m[K/calibration_ws/src/kalibr/aslam_cv/aslam_cv_serialization/src/autogen/Camera-OmniRsCameraGeometry.cpp:11[m[K:
[01m[K/usr/include/boost/predef/detail/endian_compat.h:[m[K At global scope:
[01m[K/usr/include/boost/predef/detail/endian_compat.h:11:161:[m[K [01;36m[Knote: [m[K#pragma message: The use of BOOST_*_ENDIAN and BOOST_BYTE_ORDER is deprecated. Please include <boost/predef/other/endian.h> and use BOOST_ENDIAN_*_BYTE instead
   11 | #pragma message("The use of BOOST_*_ENDIAN and BOOST_BYTE_ORDER is deprecated. Please include <boost/predef/other/endian.h> and use BOOST_ENDIAN_*_BYTE instead"[01;36m[K)[m[K
      |                                                                                                                                                                 [01;36m[K^[m[K
[01m[K/calibration_ws/src/kalibr/aslam_cv/aslam_cameras/include/aslam/cameras/CameraGeometryBase.hpp:[m[K In constructor ‘[01m[Kaslam::cameras::CameraId::CameraId(const sm::Id&)[m[K’:
[01m[K/calibration_ws/src/kalibr/Schweizer-Messer/sm_common/include/sm/Id.hpp:180:50:[m[K [01;35m[Kwarning: [m[Kimplicitly-declared ‘[01m[Kconstexpr sm::Id::Id(const sm::Id&)[m[K’ is deprecated [[01;35m[K-Wdeprecated-copy[m[K]
  180 |         IdTypeName(const sm::Id & id) : sm::Id(id[01;35m[K)[m[K{}                    \
      |                                                  [01;35m[K^[m[K
[01m[K/calibration_ws/src/kalibr/aslam_cv/aslam_cameras/include/aslam/cameras/CameraGeometryBase.hpp:24:1:[m[K [01;36m[Knote: [m[Kin expansion of macro ‘[01m[KSM_DEFINE_ID[m[K’
   24 | [01;36m[KSM_DEFINE_ID[m[K (CameraId);
      | [01;36m[K^~~~~~~~~~~~[m[K
[01m[K/calibration_ws/src/kalibr/Schweizer-Messer/sm_common/include/sm/Id.hpp:132:9:[m[K [01;36m[Knote: [m[Kbecause ‘[01m[Ksm::Id[m[K’ has user-provided ‘[01m[Ksm::Id& sm::Id::operator=(const sm::Id&)[m[K’
  132 |     Id& [01;36m[Koperator[m[K= (const Id& other)
      |         [01;36m[K^~~~~~~~[m[K
[01m[K/calibration_ws/src/kalibr/aslam_cv/aslam_cameras/include/aslam/frontend_ids.hpp:[m[K In constructor ‘[01m[Kaslam::MultiFrameId::MultiFrameId(const sm::Id&)[m[K’:
[01m[K/calibration_ws/src/kalibr/Schweizer-Messer/sm_common/include/sm/Id.hpp:180:50:[m[K [01;35m[Kwarning: [m[Kimplicitly-declared ‘[01m[Kconstexpr sm::Id::Id(const sm::Id&)[m[K’ is deprecated [[01;35m[K-Wdeprecated-copy[m[K]
  180 |         IdTypeName(const sm::Id & id) : sm::Id(id[01;35m[K)[m[K{}                    \
      |                                                  [01;35m[K^[m[K
[01m[K/calibration_ws/src/kalibr/aslam_cv/aslam_cameras/include/aslam/frontend_ids.hpp:9:1:[m[K [01;36m[Knote: [m[Kin expansion of macro ‘[01m[KSM_DEFINE_ID[m[K’
    9 | [01;36m[KSM_DEFINE_ID[m[K (MultiFrameId);
      | [01;36m[K^~~~~~~~~~~~[m[K
[01m[K/calibration_ws/src/kalibr/Schweizer-Messer/sm_common/include/sm/Id.hpp:132:9:[m[K [01;36m[Knote: [m[Kbecause ‘[01m[Ksm::Id[m[K’ has user-provided ‘[01m[Ksm::Id& sm::Id::operator=(const sm::Id&)[m[K’
  132 |     Id& [01;36m[Koperator[m[K= (const Id& other)
      |         [01;36m[K^~~~~~~~[m[K
[01m[K/calibration_ws/src/kalibr/aslam_cv/aslam_cameras/include/aslam/frontend_ids.hpp:[m[K In constructor ‘[01m[Kaslam::FrameId::FrameId(const sm::Id&)[m[K’:
[01m[K/calibration_ws/src/kalibr/Schweizer-Messer/sm_common/include/sm/Id.hpp:180:50:[m[K [01;35m[Kwarning: [m[Kimplicitly-declared ‘[01m[Kconstexpr sm::Id::Id(const sm::Id&)[m[K’ is deprecated [[01;35m[K-Wdeprecated-copy[m[K]
  180 |         IdTypeName(const sm::Id & id) : sm::Id(id[01;35m[K)[m[K{}                    \
      |                                                  [01;35m[K^[m[K
[01m[K/calibration_ws/src/kalibr/aslam_cv/aslam_cameras/include/aslam/frontend_ids.hpp:10:1:[m[K [01;36m[Knote: [m[Kin expansion of macro ‘[01m[KSM_DEFINE_ID[m[K’
   10 | [01;36m[KSM_DEFINE_ID[m[K (FrameId);
      | [01;36m[K^~~~~~~~~~~~[m[K
[01m[K/calibration_ws/src/kalibr/Schweizer-Messer/sm_common/include/sm/Id.hpp:132:9:[m[K [01;36m[Knote: [m[Kbecause ‘[01m[Ksm::Id[m[K’ has user-provided ‘[01m[Ksm::Id& sm::Id::operator=(const sm::Id&)[m[K’
  132 |     Id& [01;36m[Koperator[m[K= (const Id& other)
      |         [01;36m[K^~~~~~~~[m[K
[01m[K/calibration_ws/src/kalibr/aslam_cv/aslam_cameras/include/aslam/frontend_ids.hpp:[m[K In constructor ‘[01m[Kaslam::LandmarkId::LandmarkId(const sm::Id&)[m[K’:
[01m[K/calibration_ws/src/kalibr/Schweizer-Messer/sm_common/include/sm/Id.hpp:180:50:[m[K [01;35m[Kwarning: [m[Kimplicitly-declared ‘[01m[Kconstexpr sm::Id::Id(const sm::Id&)[m[K’ is deprecated [[01;35m[K-Wdeprecated-copy[m[K]
  180 |         IdTypeName(const sm::Id & id) : sm::Id(id[01;35m[K)[m[K{}                    \
      |                                                  [01;35m[K^[m[K
[01m[K/calibration_ws/src/kalibr/aslam_cv/aslam_cameras/include/aslam/frontend_ids.hpp:11:1:[m[K [01;36m[Knote: [m[Kin expansion of macro ‘[01m[KSM_DEFINE_ID[m[K’
   11 | [01;36m[KSM_DEFINE_ID[m[K (LandmarkId);
      | [01;36m[K^~~~~~~~~~~~[m[K
[01m[K/calibration_ws/src/kalibr/Schweizer-Messer/sm_common/include/sm/Id.hpp:132:9:[m[K [01;36m[Knote: [m[Kbecause ‘[01m[Ksm::Id[m[K’ has user-provided ‘[01m[Ksm::Id& sm::Id::operator=(const sm::Id&)[m[K’
  132 |     Id& [01;36m[Koperator[m[K= (const Id& other)
      |         [01;36m[K^~~~~~~~[m[K
In file included from [01m[K/usr/include/boost/detail/endian.hpp:9[m[K,
                 from [01m[K/calibration_ws/src/kalibr/Schweizer-Messer/sm_boost/include/boost/portable_binary_archive.hpp:31[m[K,
                 from [01m[K/calibration_ws/src/kalibr/Schweizer-Messer/sm_boost/include/boost/portable_binary_iarchive.hpp:39[m[K,
                 from [01m[K/calibration_ws/src/kalibr/aslam_cv/aslam_cv_serialization/src/autogen/Camera-DistortedOmniRsCameraGeometry.cpp:11[m[K:
[01m[K/usr/include/boost/predef/detail/endian_compat.h:[m[K At global scope:
[01m[K/usr/include/boost/predef/detail/endian_compat.h:11:161:[m[K [01;36m[Knote: [m[K#pragma message: The use of BOOST_*_ENDIAN and BOOST_BYTE_ORDER is deprecated. Please include <boost/predef/other/endian.h> and use BOOST_ENDIAN_*_BYTE instead
   11 | #pragma message("The use of BOOST_*_ENDIAN and BOOST_BYTE_ORDER is deprecated. Please include <boost/predef/other/endian.h> and use BOOST_ENDIAN_*_BYTE instead"[01;36m[K)[m[K
      |                                                                                                                                                                 [01;36m[K^[m[K
[ 46%] [32mBuilding CXX object CMakeFiles/aslam_cv_serialization.dir/src/autogen/Camera-EquidistantDistortedOmniRsCameraGeometry.cpp.o[0m
[ 50%] [32mBuilding CXX object CMakeFiles/aslam_cv_serialization.dir/src/autogen/Camera-MaskedPinholeCameraGeometry.cpp.o[0m
[ 53%] [32mBuilding CXX object CMakeFiles/aslam_cv_serialization.dir/src/autogen/Camera-MaskedDistortedPinholeCameraGeometry.cpp.o[0m
[ 56%] [32mBuilding CXX object CMakeFiles/aslam_cv_serialization.dir/src/autogen/Camera-MaskedEquidistantDistortedPinholeCameraGeometry.cpp.o[0m
[ 59%] [32mBuilding CXX object CMakeFiles/aslam_cv_serialization.dir/src/autogen/Camera-MaskedOmniCameraGeometry.cpp.o[0m
[ 62%] [32mBuilding CXX object CMakeFiles/aslam_cv_serialization.dir/src/autogen/Camera-MaskedDistortedOmniCameraGeometry.cpp.o[0m
[ 65%] [32mBuilding CXX object CMakeFiles/aslam_cv_serialization.dir/src/autogen/Camera-MaskedEquidistantDistortedOmniCameraGeometry.cpp.o[0m
[ 68%] [32mBuilding CXX object CMakeFiles/aslam_cv_serialization.dir/src/autogen/Camera-MaskedPinholeRsCameraGeometry.cpp.o[0m
[ 71%] [32mBuilding CXX object CMakeFiles/aslam_cv_serialization.dir/src/autogen/Camera-MaskedDistortedPinholeRsCameraGeometry.cpp.o[0m
[ 75%] [32mBuilding CXX object CMakeFiles/aslam_cv_serialization.dir/src/autogen/Camera-MaskedEquidistantDistortedPinholeRsCameraGeometry.cpp.o[0m
In file included from [01m[K/calibration_ws/src/kalibr/aslam_cv/aslam_cameras/include/aslam/cameras/CameraGeometryBase.hpp:6[m[K,
                 from [01m[K/calibration_ws/src/kalibr/aslam_cv/aslam_cameras/include/aslam/cameras/CameraGeometry.hpp:4[m[K,
                 from [01m[K/calibration_ws/src/kalibr/aslam_cv/aslam_cameras/include/aslam/cameras.hpp:5[m[K,
                 from [01m[K/calibration_ws/src/kalibr/aslam_cv/aslam_cv_serialization/include/aslam/cameras/CameraBaseSerialization.hpp:15[m[K,
                 from [01m[K/calibration_ws/src/kalibr/aslam_cv/aslam_cv_serialization/src/autogen/Camera-EquidistantDistortedOmniRsCameraGeometry.cpp:1[m[K:
[01m[K/calibration_ws/src/kalibr/Schweizer-Messer/sm_common/include/sm/Id.hpp:[m[K In member function ‘[01m[Ksm::Id sm::Id::operator++(int)[m[K’:
[01m[K/calibration_ws/src/kalibr/Schweizer-Messer/sm_common/include/sm/Id.hpp:122:14:[m[K [01;35m[Kwarning: [m[Kimplicitly-declared ‘[01m[Kconstexpr sm::Id::Id(const sm::Id&)[m[K’ is deprecated [[01;35m[K-Wdeprecated-copy[m[K]
  122 |       return [01;35m[Krval[m[K;
      |              [01;35m[K^~~~[m[K
[01m[K/calibration_ws/src/kalibr/Schweizer-Messer/sm_common/include/sm/Id.hpp:132:9:[m[K [01;36m[Knote: [m[Kbecause ‘[01m[Ksm::Id[m[K’ has user-provided ‘[01m[Ksm::Id& sm::Id::operator=(const sm::Id&)[m[K’
  132 |     Id& [01;36m[Koperator[m[K= (const Id& other)
      |         [01;36m[K^~~~~~~~[m[K
[ 78%] [32mBuilding CXX object CMakeFiles/aslam_cv_serialization.dir/src/autogen/Camera-MaskedOmniRsCameraGeometry.cpp.o[0m
[01m[K/calibration_ws/src/kalibr/aslam_cv/aslam_cameras/include/aslam/cameras/CameraGeometryBase.hpp:[m[K In constructor ‘[01m[Kaslam::cameras::CameraId::CameraId(const sm::Id&)[m[K’:
[01m[K/calibration_ws/src/kalibr/Schweizer-Messer/sm_common/include/sm/Id.hpp:180:50:[m[K [01;35m[Kwarning: [m[Kimplicitly-declared ‘[01m[Kconstexpr sm::Id::Id(const sm::Id&)[m[K’ is deprecated [[01;35m[K-Wdeprecated-copy[m[K]
  180 |         IdTypeName(const sm::Id & id) : sm::Id(id[01;35m[K)[m[K{}                    \
      |                                                  [01;35m[K^[m[K
[01m[K/calibration_ws/src/kalibr/aslam_cv/aslam_cameras/include/aslam/cameras/CameraGeometryBase.hpp:24:1:[m[K [01;36m[Knote: [m[Kin expansion of macro ‘[01m[KSM_DEFINE_ID[m[K’
   24 | [01;36m[KSM_DEFINE_ID[m[K (CameraId);
      | [01;36m[K^~~~~~~~~~~~[m[K
[01m[K/calibration_ws/src/kalibr/Schweizer-Messer/sm_common/include/sm/Id.hpp:132:9:[m[K [01;36m[Knote: [m[Kbecause ‘[01m[Ksm::Id[m[K’ has user-provided ‘[01m[Ksm::Id& sm::Id::operator=(const sm::Id&)[m[K’
  132 |     Id& [01;36m[Koperator[m[K= (const Id& other)
      |         [01;36m[K^~~~~~~~[m[K
In file included from [01m[K/calibration_ws/src/kalibr/aslam_cv/aslam_cameras/include/aslam/cameras/CameraGeometryBase.hpp:6[m[K,
                 from [01m[K/calibration_ws/src/kalibr/aslam_cv/aslam_cameras/include/aslam/cameras/CameraGeometry.hpp:4[m[K,
                 from [01m[K/calibration_ws/src/kalibr/aslam_cv/aslam_cameras/include/aslam/cameras.hpp:5[m[K,
                 from [01m[K/calibration_ws/src/kalibr/aslam_cv/aslam_cv_serialization/include/aslam/cameras/CameraBaseSerialization.hpp:15[m[K,
                 from [01m[K/calibration_ws/src/kalibr/aslam_cv/aslam_cv_serialization/src/autogen/Camera-MaskedDistortedPinholeCameraGeometry.cpp:1[m[K:
[01m[K/calibration_ws/src/kalibr/Schweizer-Messer/sm_common/include/sm/Id.hpp:[m[K In member function ‘[01m[Ksm::Id sm::Id::operator++(int)[m[K’:
[01m[K/calibration_ws/src/kalibr/Schweizer-Messer/sm_common/include/sm/Id.hpp:122:14:[m[K [01;35m[Kwarning: [m[Kimplicitly-declared ‘[01m[Kconstexpr sm::Id::Id(const sm::Id&)[m[K’ is deprecated [[01;35m[K-Wdeprecated-copy[m[K]
  122 |       return [01;35m[Krval[m[K;
      |              [01;35m[K^~~~[m[K
[01m[K/calibration_ws/src/kalibr/Schweizer-Messer/sm_common/include/sm/Id.hpp:132:9:[m[K [01;36m[Knote: [m[Kbecause ‘[01m[Ksm::Id[m[K’ has user-provided ‘[01m[Ksm::Id& sm::Id::operator=(const sm::Id&)[m[K’
  132 |     Id& [01;36m[Koperator[m[K= (const Id& other)
      |         [01;36m[K^~~~~~~~[m[K
[01m[K/calibration_ws/src/kalibr/aslam_cv/aslam_cameras/include/aslam/frontend_ids.hpp:[m[K In constructor ‘[01m[Kaslam::MultiFrameId::MultiFrameId(const sm::Id&)[m[K’:
[01m[K/calibration_ws/src/kalibr/Schweizer-Messer/sm_common/include/sm/Id.hpp:180:50:[m[K [01;35m[Kwarning: [m[Kimplicitly-declared ‘[01m[Kconstexpr sm::Id::Id(const sm::Id&)[m[K’ is deprecated [[01;35m[K-Wdeprecated-copy[m[K]
  180 |         IdTypeName(const sm::Id & id) : sm::Id(id[01;35m[K)[m[K{}                    \
      |                                                  [01;35m[K^[m[K
[01m[K/calibration_ws/src/kalibr/aslam_cv/aslam_cameras/include/aslam/frontend_ids.hpp:9:1:[m[K [01;36m[Knote: [m[Kin expansion of macro ‘[01m[KSM_DEFINE_ID[m[K’
    9 | [01;36m[KSM_DEFINE_ID[m[K (MultiFrameId);
      | [01;36m[K^~~~~~~~~~~~[m[K
[01m[K/calibration_ws/src/kalibr/Schweizer-Messer/sm_common/include/sm/Id.hpp:132:9:[m[K [01;36m[Knote: [m[Kbecause ‘[01m[Ksm::Id[m[K’ has user-provided ‘[01m[Ksm::Id& sm::Id::operator=(const sm::Id&)[m[K’
  132 |     Id& [01;36m[Koperator[m[K= (const Id& other)
      |         [01;36m[K^~~~~~~~[m[K
[01m[K/calibration_ws/src/kalibr/aslam_cv/aslam_cameras/include/aslam/frontend_ids.hpp:[m[K In constructor ‘[01m[Kaslam::FrameId::FrameId(const sm::Id&)[m[K’:
[01m[K/calibration_ws/src/kalibr/Schweizer-Messer/sm_common/include/sm/Id.hpp:180:50:[m[K [01;35m[Kwarning: [m[Kimplicitly-declared ‘[01m[Kconstexpr sm::Id::Id(const sm::Id&)[m[K’ is deprecated [[01;35m[K-Wdeprecated-copy[m[K]
  180 |         IdTypeName(const sm::Id & id) : sm::Id(id[01;35m[K)[m[K{}                    \
      |                                                  [01;35m[K^[m[K
[01m[K/calibration_ws/src/kalibr/aslam_cv/aslam_cameras/include/aslam/frontend_ids.hpp:10:1:[m[K [01;36m[Knote: [m[Kin expansion of macro ‘[01m[KSM_DEFINE_ID[m[K’
   10 | [01;36m[KSM_DEFINE_ID[m[K (FrameId);
      | [01;36m[K^~~~~~~~~~~~[m[K
[01m[K/calibration_ws/src/kalibr/Schweizer-Messer/sm_common/include/sm/Id.hpp:132:9:[m[K [01;36m[Knote: [m[Kbecause ‘[01m[Ksm::Id[m[K’ has user-provided ‘[01m[Ksm::Id& sm::Id::operator=(const sm::Id&)[m[K’
  132 |     Id& [01;36m[Koperator[m[K= (const Id& other)
      |         [01;36m[K^~~~~~~~[m[K
[01m[K/calibration_ws/src/kalibr/aslam_cv/aslam_cameras/include/aslam/frontend_ids.hpp:[m[K In constructor ‘[01m[Kaslam::LandmarkId::LandmarkId(const sm::Id&)[m[K’:
[01m[K/calibration_ws/src/kalibr/Schweizer-Messer/sm_common/include/sm/Id.hpp:180:50:[m[K [01;35m[Kwarning: [m[Kimplicitly-declared ‘[01m[Kconstexpr sm::Id::Id(const sm::Id&)[m[K’ is deprecated [[01;35m[K-Wdeprecated-copy[m[K]
  180 |         IdTypeName(const sm::Id & id) : sm::Id(id[01;35m[K)[m[K{}                    \
      |                                                  [01;35m[K^[m[K
[01m[K/calibration_ws/src/kalibr/aslam_cv/aslam_cameras/include/aslam/frontend_ids.hpp:11:1:[m[K [01;36m[Knote: [m[Kin expansion of macro ‘[01m[KSM_DEFINE_ID[m[K’
   11 | [01;36m[KSM_DEFINE_ID[m[K (LandmarkId);
      | [01;36m[K^~~~~~~~~~~~[m[K
[01m[K/calibration_ws/src/kalibr/Schweizer-Messer/sm_common/include/sm/Id.hpp:132:9:[m[K [01;36m[Knote: [m[Kbecause ‘[01m[Ksm::Id[m[K’ has user-provided ‘[01m[Ksm::Id& sm::Id::operator=(const sm::Id&)[m[K’
  132 |     Id& [01;36m[Koperator[m[K= (const Id& other)
      |         [01;36m[K^~~~~~~~[m[K
In file included from [01m[K/calibration_ws/src/kalibr/aslam_cv/aslam_cameras/include/aslam/cameras/CameraGeometryBase.hpp:6[m[K,
                 from [01m[K/calibration_ws/src/kalibr/aslam_cv/aslam_cameras/include/aslam/cameras/CameraGeometry.hpp:4[m[K,
                 from [01m[K/calibration_ws/src/kalibr/aslam_cv/aslam_cameras/include/aslam/cameras.hpp:5[m[K,
                 from [01m[K/calibration_ws/src/kalibr/aslam_cv/aslam_cv_serialization/include/aslam/cameras/CameraBaseSerialization.hpp:15[m[K,
                 from [01m[K/calibration_ws/src/kalibr/aslam_cv/aslam_cv_serialization/src/autogen/Camera-MaskedPinholeCameraGeometry.cpp:1[m[K:
[01m[K/calibration_ws/src/kalibr/Schweizer-Messer/sm_common/include/sm/Id.hpp:[m[K In member function ‘[01m[Ksm::Id sm::Id::operator++(int)[m[K’:
[01m[K/calibration_ws/src/kalibr/Schweizer-Messer/sm_common/include/sm/Id.hpp:122:14:[m[K [01;35m[Kwarning: [m[Kimplicitly-declared ‘[01m[Kconstexpr sm::Id::Id(const sm::Id&)[m[K’ is deprecated [[01;35m[K-Wdeprecated-copy[m[K]
  122 |       return [01;35m[Krval[m[K;
      |              [01;35m[K^~~~[m[K
[01m[K/calibration_ws/src/kalibr/Schweizer-Messer/sm_common/include/sm/Id.hpp:132:9:[m[K [01;36m[Knote: [m[Kbecause ‘[01m[Ksm::Id[m[K’ has user-provided ‘[01m[Ksm::Id& sm::Id::operator=(const sm::Id&)[m[K’
  132 |     Id& [01;36m[Koperator[m[K= (const Id& other)
      |         [01;36m[K^~~~~~~~[m[K
[ 81%] [32mBuilding CXX object CMakeFiles/aslam_cv_serialization.dir/src/autogen/Camera-MaskedDistortedOmniRsCameraGeometry.cpp.o[0m
[01m[K/calibration_ws/src/kalibr/aslam_cv/aslam_cameras/include/aslam/cameras/CameraGeometryBase.hpp:[m[K In constructor ‘[01m[Kaslam::cameras::CameraId::CameraId(const sm::Id&)[m[K’:
[01m[K/calibration_ws/src/kalibr/Schweizer-Messer/sm_common/include/sm/Id.hpp:180:50:[m[K [01;35m[Kwarning: [m[Kimplicitly-declared ‘[01m[Kconstexpr sm::Id::Id(const sm::Id&)[m[K’ is deprecated [[01;35m[K-Wdeprecated-copy[m[K]
  180 |         IdTypeName(const sm::Id & id) : sm::Id(id[01;35m[K)[m[K{}                    \
      |                                                  [01;35m[K^[m[K
[01m[K/calibration_ws/src/kalibr/aslam_cv/aslam_cameras/include/aslam/cameras/CameraGeometryBase.hpp:24:1:[m[K [01;36m[Knote: [m[Kin expansion of macro ‘[01m[KSM_DEFINE_ID[m[K’
   24 | [01;36m[KSM_DEFINE_ID[m[K (CameraId);
      | [01;36m[K^~~~~~~~~~~~[m[K
[01m[K/calibration_ws/src/kalibr/Schweizer-Messer/sm_common/include/sm/Id.hpp:132:9:[m[K [01;36m[Knote: [m[Kbecause ‘[01m[Ksm::Id[m[K’ has user-provided ‘[01m[Ksm::Id& sm::Id::operator=(const sm::Id&)[m[K’
  132 |     Id& [01;36m[Koperator[m[K= (const Id& other)
      |         [01;36m[K^~~~~~~~[m[K
[01m[K/calibration_ws/src/kalibr/aslam_cv/aslam_cameras/include/aslam/cameras/CameraGeometryBase.hpp:[m[K In constructor ‘[01m[Kaslam::cameras::CameraId::CameraId(const sm::Id&)[m[K’:
[01m[K/calibration_ws/src/kalibr/Schweizer-Messer/sm_common/include/sm/Id.hpp:180:50:[m[K [01;35m[Kwarning: [m[Kimplicitly-declared ‘[01m[Kconstexpr sm::Id::Id(const sm::Id&)[m[K’ is deprecated [[01;35m[K-Wdeprecated-copy[m[K]
  180 |         IdTypeName(const sm::Id & id) : sm::Id(id[01;35m[K)[m[K{}                    \
      |                                                  [01;35m[K^[m[K
[01m[K/calibration_ws/src/kalibr/aslam_cv/aslam_cameras/include/aslam/cameras/CameraGeometryBase.hpp:24:1:[m[K [01;36m[Knote: [m[Kin expansion of macro ‘[01m[KSM_DEFINE_ID[m[K’
   24 | [01;36m[KSM_DEFINE_ID[m[K (CameraId);
      | [01;36m[K^~~~~~~~~~~~[m[K
[01m[K/calibration_ws/src/kalibr/Schweizer-Messer/sm_common/include/sm/Id.hpp:132:9:[m[K [01;36m[Knote: [m[Kbecause ‘[01m[Ksm::Id[m[K’ has user-provided ‘[01m[Ksm::Id& sm::Id::operator=(const sm::Id&)[m[K’
  132 |     Id& [01;36m[Koperator[m[K= (const Id& other)
      |         [01;36m[K^~~~~~~~[m[K
[01m[K/calibration_ws/src/kalibr/aslam_cv/aslam_cameras/include/aslam/frontend_ids.hpp:[m[K In constructor ‘[01m[Kaslam::MultiFrameId::MultiFrameId(const sm::Id&)[m[K’:
[01m[K/calibration_ws/src/kalibr/Schweizer-Messer/sm_common/include/sm/Id.hpp:180:50:[m[K [01;35m[Kwarning: [m[Kimplicitly-declared ‘[01m[Kconstexpr sm::Id::Id(const sm::Id&)[m[K’ is deprecated [[01;35m[K-Wdeprecated-copy[m[K]
  180 |         IdTypeName(const sm::Id & id) : sm::Id(id[01;35m[K)[m[K{}                    \
      |                                                  [01;35m[K^[m[K
[01m[K/calibration_ws/src/kalibr/aslam_cv/aslam_cameras/include/aslam/frontend_ids.hpp:9:1:[m[K [01;36m[Knote: [m[Kin expansion of macro ‘[01m[KSM_DEFINE_ID[m[K’
    9 | [01;36m[KSM_DEFINE_ID[m[K (MultiFrameId);
      | [01;36m[K^~~~~~~~~~~~[m[K
[01m[K/calibration_ws/src/kalibr/Schweizer-Messer/sm_common/include/sm/Id.hpp:132:9:[m[K [01;36m[Knote: [m[Kbecause ‘[01m[Ksm::Id[m[K’ has user-provided ‘[01m[Ksm::Id& sm::Id::operator=(const sm::Id&)[m[K’
  132 |     Id& [01;36m[Koperator[m[K= (const Id& other)
      |         [01;36m[K^~~~~~~~[m[K
[01m[K/calibration_ws/src/kalibr/aslam_cv/aslam_cameras/include/aslam/frontend_ids.hpp:[m[K In constructor ‘[01m[Kaslam::FrameId::FrameId(const sm::Id&)[m[K’:
[01m[K/calibration_ws/src/kalibr/Schweizer-Messer/sm_common/include/sm/Id.hpp:180:50:[m[K [01;35m[Kwarning: [m[Kimplicitly-declared ‘[01m[Kconstexpr sm::Id::Id(const sm::Id&)[m[K’ is deprecated [[01;35m[K-Wdeprecated-copy[m[K]
  180 |         IdTypeName(const sm::Id & id) : sm::Id(id[01;35m[K)[m[K{}                    \
      |                                                  [01;35m[K^[m[K
[01m[K/calibration_ws/src/kalibr/aslam_cv/aslam_cameras/include/aslam/frontend_ids.hpp:10:1:[m[K [01;36m[Knote: [m[Kin expansion of macro ‘[01m[KSM_DEFINE_ID[m[K’
   10 | [01;36m[KSM_DEFINE_ID[m[K (FrameId);
      | [01;36m[K^~~~~~~~~~~~[m[K
[01m[K/calibration_ws/src/kalibr/Schweizer-Messer/sm_common/include/sm/Id.hpp:132:9:[m[K [01;36m[Knote: [m[Kbecause ‘[01m[Ksm::Id[m[K’ has user-provided ‘[01m[Ksm::Id& sm::Id::operator=(const sm::Id&)[m[K’
  132 |     Id& [01;36m[Koperator[m[K= (const Id& other)
      |         [01;36m[K^~~~~~~~[m[K
[01m[K/calibration_ws/src/kalibr/aslam_cv/aslam_cameras/include/aslam/frontend_ids.hpp:[m[K In constructor ‘[01m[Kaslam::LandmarkId::LandmarkId(const sm::Id&)[m[K’:
[01m[K/calibration_ws/src/kalibr/Schweizer-Messer/sm_common/include/sm/Id.hpp:180:50:[m[K [01;35m[Kwarning: [m[Kimplicitly-declared ‘[01m[Kconstexpr sm::Id::Id(const sm::Id&)[m[K’ is deprecated [[01;35m[K-Wdeprecated-copy[m[K]
  180 |         IdTypeName(const sm::Id & id) : sm::Id(id[01;35m[K)[m[K{}                    \
      |                                                  [01;35m[K^[m[K
[01m[K/calibration_ws/src/kalibr/aslam_cv/aslam_cameras/include/aslam/frontend_ids.hpp:11:1:[m[K [01;36m[Knote: [m[Kin expansion of macro ‘[01m[KSM_DEFINE_ID[m[K’
   11 | [01;36m[KSM_DEFINE_ID[m[K (LandmarkId);
      | [01;36m[K^~~~~~~~~~~~[m[K
[01m[K/calibration_ws/src/kalibr/Schweizer-Messer/sm_common/include/sm/Id.hpp:132:9:[m[K [01;36m[Knote: [m[Kbecause ‘[01m[Ksm::Id[m[K’ has user-provided ‘[01m[Ksm::Id& sm::Id::operator=(const sm::Id&)[m[K’
  132 |     Id& [01;36m[Koperator[m[K= (const Id& other)
      |         [01;36m[K^~~~~~~~[m[K
[01m[K/calibration_ws/src/kalibr/aslam_cv/aslam_cameras/include/aslam/frontend_ids.hpp:[m[K In constructor ‘[01m[Kaslam::MultiFrameId::MultiFrameId(const sm::Id&)[m[K’:
[01m[K/calibration_ws/src/kalibr/Schweizer-Messer/sm_common/include/sm/Id.hpp:180:50:[m[K [01;35m[Kwarning: [m[Kimplicitly-declared ‘[01m[Kconstexpr sm::Id::Id(const sm::Id&)[m[K’ is deprecated [[01;35m[K-Wdeprecated-copy[m[K]
  180 |         IdTypeName(const sm::Id & id) : sm::Id(id[01;35m[K)[m[K{}                    \
      |                                                  [01;35m[K^[m[K
[01m[K/calibration_ws/src/kalibr/aslam_cv/aslam_cameras/include/aslam/frontend_ids.hpp:9:1:[m[K [01;36m[Knote: [m[Kin expansion of macro ‘[01m[KSM_DEFINE_ID[m[K’
    9 | [01;36m[KSM_DEFINE_ID[m[K (MultiFrameId);
      | [01;36m[K^~~~~~~~~~~~[m[K
[01m[K/calibration_ws/src/kalibr/Schweizer-Messer/sm_common/include/sm/Id.hpp:132:9:[m[K [01;36m[Knote: [m[Kbecause ‘[01m[Ksm::Id[m[K’ has user-provided ‘[01m[Ksm::Id& sm::Id::operator=(const sm::Id&)[m[K’
  132 |     Id& [01;36m[Koperator[m[K= (const Id& other)
      |         [01;36m[K^~~~~~~~[m[K
[01m[K/calibration_ws/src/kalibr/aslam_cv/aslam_cameras/include/aslam/frontend_ids.hpp:[m[K In constructor ‘[01m[Kaslam::FrameId::FrameId(const sm::Id&)[m[K’:
[01m[K/calibration_ws/src/kalibr/Schweizer-Messer/sm_common/include/sm/Id.hpp:180:50:[m[K [01;35m[Kwarning: [m[Kimplicitly-declared ‘[01m[Kconstexpr sm::Id::Id(const sm::Id&)[m[K’ is deprecated [[01;35m[K-Wdeprecated-copy[m[K]
  180 |         IdTypeName(const sm::Id & id) : sm::Id(id[01;35m[K)[m[K{}                    \
      |                                                  [01;35m[K^[m[K
[01m[K/calibration_ws/src/kalibr/aslam_cv/aslam_cameras/include/aslam/frontend_ids.hpp:10:1:[m[K [01;36m[Knote: [m[Kin expansion of macro ‘[01m[KSM_DEFINE_ID[m[K’
   10 | [01;36m[KSM_DEFINE_ID[m[K (FrameId);
      | [01;36m[K^~~~~~~~~~~~[m[K
[01m[K/calibration_ws/src/kalibr/Schweizer-Messer/sm_common/include/sm/Id.hpp:132:9:[m[K [01;36m[Knote: [m[Kbecause ‘[01m[Ksm::Id[m[K’ has user-provided ‘[01m[Ksm::Id& sm::Id::operator=(const sm::Id&)[m[K’
  132 |     Id& [01;36m[Koperator[m[K= (const Id& other)
      |         [01;36m[K^~~~~~~~[m[K
[01m[K/calibration_ws/src/kalibr/aslam_cv/aslam_cameras/include/aslam/frontend_ids.hpp:[m[K In constructor ‘[01m[Kaslam::LandmarkId::LandmarkId(const sm::Id&)[m[K’:
[01m[K/calibration_ws/src/kalibr/Schweizer-Messer/sm_common/include/sm/Id.hpp:180:50:[m[K [01;35m[Kwarning: [m[Kimplicitly-declared ‘[01m[Kconstexpr sm::Id::Id(const sm::Id&)[m[K’ is deprecated [[01;35m[K-Wdeprecated-copy[m[K]
  180 |         IdTypeName(const sm::Id & id) : sm::Id(id[01;35m[K)[m[K{}                    \
      |                                                  [01;35m[K^[m[K
[01m[K/calibration_ws/src/kalibr/aslam_cv/aslam_cameras/include/aslam/frontend_ids.hpp:11:1:[m[K [01;36m[Knote: [m[Kin expansion of macro ‘[01m[KSM_DEFINE_ID[m[K’
   11 | [01;36m[KSM_DEFINE_ID[m[K (LandmarkId);
      | [01;36m[K^~~~~~~~~~~~[m[K
[01m[K/calibration_ws/src/kalibr/Schweizer-Messer/sm_common/include/sm/Id.hpp:132:9:[m[K [01;36m[Knote: [m[Kbecause ‘[01m[Ksm::Id[m[K’ has user-provided ‘[01m[Ksm::Id& sm::Id::operator=(const sm::Id&)[m[K’
  132 |     Id& [01;36m[Koperator[m[K= (const Id& other)
      |         [01;36m[K^~~~~~~~[m[K
In file included from [01m[K/calibration_ws/src/kalibr/aslam_cv/aslam_cameras/include/aslam/cameras/CameraGeometryBase.hpp:6[m[K,
                 from [01m[K/calibration_ws/src/kalibr/aslam_cv/aslam_cameras/include/aslam/cameras/CameraGeometry.hpp:4[m[K,
                 from [01m[K/calibration_ws/src/kalibr/aslam_cv/aslam_cameras/include/aslam/cameras.hpp:5[m[K,
                 from [01m[K/calibration_ws/src/kalibr/aslam_cv/aslam_cv_serialization/include/aslam/cameras/CameraBaseSerialization.hpp:15[m[K,
                 from [01m[K/calibration_ws/src/kalibr/aslam_cv/aslam_cv_serialization/src/autogen/Camera-MaskedEquidistantDistortedPinholeCameraGeometry.cpp:1[m[K:
[01m[K/calibration_ws/src/kalibr/Schweizer-Messer/sm_common/include/sm/Id.hpp:[m[K In member function ‘[01m[Ksm::Id sm::Id::operator++(int)[m[K’:
[01m[K/calibration_ws/src/kalibr/Schweizer-Messer/sm_common/include/sm/Id.hpp:122:14:[m[K [01;35m[Kwarning: [m[Kimplicitly-declared ‘[01m[Kconstexpr sm::Id::Id(const sm::Id&)[m[K’ is deprecated [[01;35m[K-Wdeprecated-copy[m[K]
  122 |       return [01;35m[Krval[m[K;
      |              [01;35m[K^~~~[m[K
[01m[K/calibration_ws/src/kalibr/Schweizer-Messer/sm_common/include/sm/Id.hpp:132:9:[m[K [01;36m[Knote: [m[Kbecause ‘[01m[Ksm::Id[m[K’ has user-provided ‘[01m[Ksm::Id& sm::Id::operator=(const sm::Id&)[m[K’
  132 |     Id& [01;36m[Koperator[m[K= (const Id& other)
      |         [01;36m[K^~~~~~~~[m[K
In file included from [01m[K/calibration_ws/src/kalibr/aslam_cv/aslam_cameras/include/aslam/cameras/CameraGeometryBase.hpp:6[m[K,
                 from [01m[K/calibration_ws/src/kalibr/aslam_cv/aslam_cameras/include/aslam/cameras/CameraGeometry.hpp:4[m[K,
                 from [01m[K/calibration_ws/src/kalibr/aslam_cv/aslam_cameras/include/aslam/cameras.hpp:5[m[K,
                 from [01m[K/calibration_ws/src/kalibr/aslam_cv/aslam_cv_serialization/include/aslam/cameras/CameraBaseSerialization.hpp:15[m[K,
                 from [01m[K/calibration_ws/src/kalibr/aslam_cv/aslam_cv_serialization/src/autogen/Camera-MaskedEquidistantDistortedOmniCameraGeometry.cpp:1[m[K:
[01m[K/calibration_ws/src/kalibr/Schweizer-Messer/sm_common/include/sm/Id.hpp:[m[K In member function ‘[01m[Ksm::Id sm::Id::operator++(int)[m[K’:
[01m[K/calibration_ws/src/kalibr/Schweizer-Messer/sm_common/include/sm/Id.hpp:122:14:[m[K [01;35m[Kwarning: [m[Kimplicitly-declared ‘[01m[Kconstexpr sm::Id::Id(const sm::Id&)[m[K’ is deprecated [[01;35m[K-Wdeprecated-copy[m[K]
  122 |       return [01;35m[Krval[m[K;
      |              [01;35m[K^~~~[m[K
[01m[K/calibration_ws/src/kalibr/Schweizer-Messer/sm_common/include/sm/Id.hpp:132:9:[m[K [01;36m[Knote: [m[Kbecause ‘[01m[Ksm::Id[m[K’ has user-provided ‘[01m[Ksm::Id& sm::Id::operator=(const sm::Id&)[m[K’
  132 |     Id& [01;36m[Koperator[m[K= (const Id& other)
      |         [01;36m[K^~~~~~~~[m[K
In file included from [01m[K/calibration_ws/src/kalibr/aslam_cv/aslam_cameras/include/aslam/cameras/CameraGeometryBase.hpp:6[m[K,
                 from [01m[K/calibration_ws/src/kalibr/aslam_cv/aslam_cameras/include/aslam/cameras/CameraGeometry.hpp:4[m[K,
                 from [01m[K/calibration_ws/src/kalibr/aslam_cv/aslam_cameras/include/aslam/cameras.hpp:5[m[K,
                 from [01m[K/calibration_ws/src/kalibr/aslam_cv/aslam_cv_serialization/include/aslam/cameras/CameraBaseSerialization.hpp:15[m[K,
                 from [01m[K/calibration_ws/src/kalibr/aslam_cv/aslam_cv_serialization/src/autogen/Camera-MaskedDistortedOmniCameraGeometry.cpp:1[m[K:
[01m[K/calibration_ws/src/kalibr/Schweizer-Messer/sm_common/include/sm/Id.hpp:[m[K In member function ‘[01m[Ksm::Id sm::Id::operator++(int)[m[K’:
[01m[K/calibration_ws/src/kalibr/Schweizer-Messer/sm_common/include/sm/Id.hpp:122:14:[m[K [01;35m[Kwarning: [m[Kimplicitly-declared ‘[01m[Kconstexpr sm::Id::Id(const sm::Id&)[m[K’ is deprecated [[01;35m[K-Wdeprecated-copy[m[K]
  122 |       return [01;35m[Krval[m[K;
      |              [01;35m[K^~~~[m[K
[01m[K/calibration_ws/src/kalibr/Schweizer-Messer/sm_common/include/sm/Id.hpp:132:9:[m[K [01;36m[Knote: [m[Kbecause ‘[01m[Ksm::Id[m[K’ has user-provided ‘[01m[Ksm::Id& sm::Id::operator=(const sm::Id&)[m[K’
  132 |     Id& [01;36m[Koperator[m[K= (const Id& other)
      |         [01;36m[K^~~~~~~~[m[K
In file included from [01m[K/calibration_ws/src/kalibr/aslam_cv/aslam_cameras/include/aslam/cameras/CameraGeometryBase.hpp:6[m[K,
                 from [01m[K/calibration_ws/src/kalibr/aslam_cv/aslam_cameras/include/aslam/cameras/CameraGeometry.hpp:4[m[K,
                 from [01m[K/calibration_ws/src/kalibr/aslam_cv/aslam_cameras/include/aslam/cameras.hpp:5[m[K,
                 from [01m[K/calibration_ws/src/kalibr/aslam_cv/aslam_cv_serialization/include/aslam/cameras/CameraBaseSerialization.hpp:15[m[K,
                 from [01m[K/calibration_ws/src/kalibr/aslam_cv/aslam_cv_serialization/src/autogen/Camera-MaskedOmniCameraGeometry.cpp:1[m[K:
[01m[K/calibration_ws/src/kalibr/Schweizer-Messer/sm_common/include/sm/Id.hpp:[m[K In member function ‘[01m[Ksm::Id sm::Id::operator++(int)[m[K’:
[01m[K/calibration_ws/src/kalibr/Schweizer-Messer/sm_common/include/sm/Id.hpp:122:14:[m[K [01;35m[Kwarning: [m[Kimplicitly-declared ‘[01m[Kconstexpr sm::Id::Id(const sm::Id&)[m[K’ is deprecated [[01;35m[K-Wdeprecated-copy[m[K]
  122 |       return [01;35m[Krval[m[K;
      |              [01;35m[K^~~~[m[K
[01m[K/calibration_ws/src/kalibr/Schweizer-Messer/sm_common/include/sm/Id.hpp:132:9:[m[K [01;36m[Knote: [m[Kbecause ‘[01m[Ksm::Id[m[K’ has user-provided ‘[01m[Ksm::Id& sm::Id::operator=(const sm::Id&)[m[K’
  132 |     Id& [01;36m[Koperator[m[K= (const Id& other)
      |         [01;36m[K^~~~~~~~[m[K
[01m[K/calibration_ws/src/kalibr/aslam_cv/aslam_cameras/include/aslam/cameras/CameraGeometryBase.hpp:[m[K In constructor ‘[01m[Kaslam::cameras::CameraId::CameraId(const sm::Id&)[m[K’:
[01m[K/calibration_ws/src/kalibr/Schweizer-Messer/sm_common/include/sm/Id.hpp:180:50:[m[K [01;35m[Kwarning: [m[Kimplicitly-declared ‘[01m[Kconstexpr sm::Id::Id(const sm::Id&)[m[K’ is deprecated [[01;35m[K-Wdeprecated-copy[m[K]
  180 |         IdTypeName(const sm::Id & id) : sm::Id(id[01;35m[K)[m[K{}                    \
      |                                                  [01;35m[K^[m[K
[01m[K/calibration_ws/src/kalibr/aslam_cv/aslam_cameras/include/aslam/cameras/CameraGeometryBase.hpp:24:1:[m[K [01;36m[Knote: [m[Kin expansion of macro ‘[01m[KSM_DEFINE_ID[m[K’
   24 | [01;36m[KSM_DEFINE_ID[m[K (CameraId);
      | [01;36m[K^~~~~~~~~~~~[m[K
[01m[K/calibration_ws/src/kalibr/Schweizer-Messer/sm_common/include/sm/Id.hpp:132:9:[m[K [01;36m[Knote: [m[Kbecause ‘[01m[Ksm::Id[m[K’ has user-provided ‘[01m[Ksm::Id& sm::Id::operator=(const sm::Id&)[m[K’
  132 |     Id& [01;36m[Koperator[m[K= (const Id& other)
      |         [01;36m[K^~~~~~~~[m[K
In file included from [01m[K/calibration_ws/src/kalibr/aslam_cv/aslam_cameras/include/aslam/cameras/CameraGeometryBase.hpp:6[m[K,
                 from [01m[K/calibration_ws/src/kalibr/aslam_cv/aslam_cameras/include/aslam/cameras/CameraGeometry.hpp:4[m[K,
                 from [01m[K/calibration_ws/src/kalibr/aslam_cv/aslam_cameras/include/aslam/cameras.hpp:5[m[K,
                 from [01m[K/calibration_ws/src/kalibr/aslam_cv/aslam_cv_serialization/include/aslam/cameras/CameraBaseSerialization.hpp:15[m[K,
                 from [01m[K/calibration_ws/src/kalibr/aslam_cv/aslam_cv_serialization/src/autogen/Camera-MaskedPinholeRsCameraGeometry.cpp:1[m[K:
[01m[K/calibration_ws/src/kalibr/Schweizer-Messer/sm_common/include/sm/Id.hpp:[m[K In member function ‘[01m[Ksm::Id sm::Id::operator++(int)[m[K’:
[01m[K/calibration_ws/src/kalibr/Schweizer-Messer/sm_common/include/sm/Id.hpp:122:14:[m[K [01;35m[Kwarning: [m[Kimplicitly-declared ‘[01m[Kconstexpr sm::Id::Id(const sm::Id&)[m[K’ is deprecated [[01;35m[K-Wdeprecated-copy[m[K]
  122 |       return [01;35m[Krval[m[K;
      |              [01;35m[K^~~~[m[K
[01m[K/calibration_ws/src/kalibr/Schweizer-Messer/sm_common/include/sm/Id.hpp:132:9:[m[K [01;36m[Knote: [m[Kbecause ‘[01m[Ksm::Id[m[K’ has user-provided ‘[01m[Ksm::Id& sm::Id::operator=(const sm::Id&)[m[K’
  132 |     Id& [01;36m[Koperator[m[K= (const Id& other)
      |         [01;36m[K^~~~~~~~[m[K
[01m[K/calibration_ws/src/kalibr/aslam_cv/aslam_cameras/include/aslam/cameras/CameraGeometryBase.hpp:[m[K In constructor ‘[01m[Kaslam::cameras::CameraId::CameraId(const sm::Id&)[m[K’:
[01m[K/calibration_ws/src/kalibr/Schweizer-Messer/sm_common/include/sm/Id.hpp:180:50:[m[K [01;35m[Kwarning: [m[Kimplicitly-declared ‘[01m[Kconstexpr sm::Id::Id(const sm::Id&)[m[K’ is deprecated [[01;35m[K-Wdeprecated-copy[m[K]
  180 |         IdTypeName(const sm::Id & id) : sm::Id(id[01;35m[K)[m[K{}                    \
      |                                                  [01;35m[K^[m[K
[01m[K/calibration_ws/src/kalibr/aslam_cv/aslam_cameras/include/aslam/cameras/CameraGeometryBase.hpp:24:1:[m[K [01;36m[Knote: [m[Kin expansion of macro ‘[01m[KSM_DEFINE_ID[m[K’
   24 | [01;36m[KSM_DEFINE_ID[m[K (CameraId);
      | [01;36m[K^~~~~~~~~~~~[m[K
[01m[K/calibration_ws/src/kalibr/Schweizer-Messer/sm_common/include/sm/Id.hpp:132:9:[m[K [01;36m[Knote: [m[Kbecause ‘[01m[Ksm::Id[m[K’ has user-provided ‘[01m[Ksm::Id& sm::Id::operator=(const sm::Id&)[m[K’
  132 |     Id& [01;36m[Koperator[m[K= (const Id& other)
      |         [01;36m[K^~~~~~~~[m[K
In file included from [01m[K/calibration_ws/src/kalibr/aslam_cv/aslam_cameras/include/aslam/cameras/CameraGeometryBase.hpp:6[m[K,
                 from [01m[K/calibration_ws/src/kalibr/aslam_cv/aslam_cameras/include/aslam/cameras/CameraGeometry.hpp:4[m[K,
                 from [01m[K/calibration_ws/src/kalibr/aslam_cv/aslam_cameras/include/aslam/cameras.hpp:5[m[K,
                 from [01m[K/calibration_ws/src/kalibr/aslam_cv/aslam_cv_serialization/include/aslam/cameras/CameraBaseSerialization.hpp:15[m[K,
                 from [01m[K/calibration_ws/src/kalibr/aslam_cv/aslam_cv_serialization/src/autogen/Camera-MaskedDistortedPinholeRsCameraGeometry.cpp:1[m[K:
[01m[K/calibration_ws/src/kalibr/Schweizer-Messer/sm_common/include/sm/Id.hpp:[m[K In member function ‘[01m[Ksm::Id sm::Id::operator++(int)[m[K’:
[01m[K/calibration_ws/src/kalibr/Schweizer-Messer/sm_common/include/sm/Id.hpp:122:14:[m[K [01;35m[Kwarning: [m[Kimplicitly-declared ‘[01m[Kconstexpr sm::Id::Id(const sm::Id&)[m[K’ is deprecated [[01;35m[K-Wdeprecated-copy[m[K]
  122 |       return [01;35m[Krval[m[K;
      |              [01;35m[K^~~~[m[K
[01m[K/calibration_ws/src/kalibr/Schweizer-Messer/sm_common/include/sm/Id.hpp:132:9:[m[K [01;36m[Knote: [m[Kbecause ‘[01m[Ksm::Id[m[K’ has user-provided ‘[01m[Ksm::Id& sm::Id::operator=(const sm::Id&)[m[K’
  132 |     Id& [01;36m[Koperator[m[K= (const Id& other)
      |         [01;36m[K^~~~~~~~[m[K
[01m[K/calibration_ws/src/kalibr/aslam_cv/aslam_cameras/include/aslam/cameras/CameraGeometryBase.hpp:[m[K In constructor ‘[01m[Kaslam::cameras::CameraId::CameraId(const sm::Id&)[m[K’:
[01m[K/calibration_ws/src/kalibr/Schweizer-Messer/sm_common/include/sm/Id.hpp:180:50:[m[K [01;35m[Kwarning: [m[Kimplicitly-declared ‘[01m[Kconstexpr sm::Id::Id(const sm::Id&)[m[K’ is deprecated [[01;35m[K-Wdeprecated-copy[m[K]
  180 |         IdTypeName(const sm::Id & id) : sm::Id(id[01;35m[K)[m[K{}                    \
      |                                                  [01;35m[K^[m[K
[01m[K/calibration_ws/src/kalibr/aslam_cv/aslam_cameras/include/aslam/cameras/CameraGeometryBase.hpp:24:1:[m[K [01;36m[Knote: [m[Kin expansion of macro ‘[01m[KSM_DEFINE_ID[m[K’
   24 | [01;36m[KSM_DEFINE_ID[m[K (CameraId);
      | [01;36m[K^~~~~~~~~~~~[m[K
[01m[K/calibration_ws/src/kalibr/Schweizer-Messer/sm_common/include/sm/Id.hpp:132:9:[m[K [01;36m[Knote: [m[Kbecause ‘[01m[Ksm::Id[m[K’ has user-provided ‘[01m[Ksm::Id& sm::Id::operator=(const sm::Id&)[m[K’
  132 |     Id& [01;36m[Koperator[m[K= (const Id& other)
      |         [01;36m[K^~~~~~~~[m[K
[01m[K/calibration_ws/src/kalibr/aslam_cv/aslam_cameras/include/aslam/frontend_ids.hpp:[m[K In constructor ‘[01m[Kaslam::MultiFrameId::MultiFrameId(const sm::Id&)[m[K’:
[01m[K/calibration_ws/src/kalibr/Schweizer-Messer/sm_common/include/sm/Id.hpp:180:50:[m[K [01;35m[Kwarning: [m[Kimplicitly-declared ‘[01m[Kconstexpr sm::Id::Id(const sm::Id&)[m[K’ is deprecated [[01;35m[K-Wdeprecated-copy[m[K]
  180 |         IdTypeName(const sm::Id & id) : sm::Id(id[01;35m[K)[m[K{}                    \
      |                                                  [01;35m[K^[m[K
[01m[K/calibration_ws/src/kalibr/aslam_cv/aslam_cameras/include/aslam/frontend_ids.hpp:9:1:[m[K [01;36m[Knote: [m[Kin expansion of macro ‘[01m[KSM_DEFINE_ID[m[K’
    9 | [01;36m[KSM_DEFINE_ID[m[K (MultiFrameId);
      | [01;36m[K^~~~~~~~~~~~[m[K
[01m[K/calibration_ws/src/kalibr/Schweizer-Messer/sm_common/include/sm/Id.hpp:132:9:[m[K [01;36m[Knote: [m[Kbecause ‘[01m[Ksm::Id[m[K’ has user-provided ‘[01m[Ksm::Id& sm::Id::operator=(const sm::Id&)[m[K’
  132 |     Id& [01;36m[Koperator[m[K= (const Id& other)
      |         [01;36m[K^~~~~~~~[m[K
[01m[K/calibration_ws/src/kalibr/aslam_cv/aslam_cameras/include/aslam/frontend_ids.hpp:[m[K In constructor ‘[01m[Kaslam::FrameId::FrameId(const sm::Id&)[m[K’:
[01m[K/calibration_ws/src/kalibr/Schweizer-Messer/sm_common/include/sm/Id.hpp:180:50:[m[K [01;35m[Kwarning: [m[Kimplicitly-declared ‘[01m[Kconstexpr sm::Id::Id(const sm::Id&)[m[K’ is deprecated [[01;35m[K-Wdeprecated-copy[m[K]
  180 |         IdTypeName(const sm::Id & id) : sm::Id(id[01;35m[K)[m[K{}                    \
      |                                                  [01;35m[K^[m[K
[01m[K/calibration_ws/src/kalibr/aslam_cv/aslam_cameras/include/aslam/frontend_ids.hpp:10:1:[m[K [01;36m[Knote: [m[Kin expansion of macro ‘[01m[KSM_DEFINE_ID[m[K’
   10 | [01;36m[KSM_DEFINE_ID[m[K (FrameId);
      | [01;36m[K^~~~~~~~~~~~[m[K
[01m[K/calibration_ws/src/kalibr/Schweizer-Messer/sm_common/include/sm/Id.hpp:132:9:[m[K [01;36m[Knote: [m[Kbecause ‘[01m[Ksm::Id[m[K’ has user-provided ‘[01m[Ksm::Id& sm::Id::operator=(const sm::Id&)[m[K’
  132 |     Id& [01;36m[Koperator[m[K= (const Id& other)
      |         [01;36m[K^~~~~~~~[m[K
[01m[K/calibration_ws/src/kalibr/aslam_cv/aslam_cameras/include/aslam/frontend_ids.hpp:[m[K In constructor ‘[01m[Kaslam::LandmarkId::LandmarkId(const sm::Id&)[m[K’:
[01m[K/calibration_ws/src/kalibr/Schweizer-Messer/sm_common/include/sm/Id.hpp:180:50:[m[K [01;35m[Kwarning: [m[Kimplicitly-declared ‘[01m[Kconstexpr sm::Id::Id(const sm::Id&)[m[K’ is deprecated [[01;35m[K-Wdeprecated-copy[m[K]
  180 |         IdTypeName(const sm::Id & id) : sm::Id(id[01;35m[K)[m[K{}                    \
      |                                                  [01;35m[K^[m[K
[01m[K/calibration_ws/src/kalibr/aslam_cv/aslam_cameras/include/aslam/frontend_ids.hpp:11:1:[m[K [01;36m[Knote: [m[Kin expansion of macro ‘[01m[KSM_DEFINE_ID[m[K’
   11 | [01;36m[KSM_DEFINE_ID[m[K (LandmarkId);
      | [01;36m[K^~~~~~~~~~~~[m[K
[01m[K/calibration_ws/src/kalibr/Schweizer-Messer/sm_common/include/sm/Id.hpp:132:9:[m[K [01;36m[Knote: [m[Kbecause ‘[01m[Ksm::Id[m[K’ has user-provided ‘[01m[Ksm::Id& sm::Id::operator=(const sm::Id&)[m[K’
  132 |     Id& [01;36m[Koperator[m[K= (const Id& other)
      |         [01;36m[K^~~~~~~~[m[K
[01m[K/calibration_ws/src/kalibr/aslam_cv/aslam_cameras/include/aslam/cameras/CameraGeometryBase.hpp:[m[K In constructor ‘[01m[Kaslam::cameras::CameraId::CameraId(const sm::Id&)[m[K’:
[01m[K/calibration_ws/src/kalibr/Schweizer-Messer/sm_common/include/sm/Id.hpp:180:50:[m[K [01;35m[Kwarning: [m[Kimplicitly-declared ‘[01m[Kconstexpr sm::Id::Id(const sm::Id&)[m[K’ is deprecated [[01;35m[K-Wdeprecated-copy[m[K]
  180 |         IdTypeName(const sm::Id & id) : sm::Id(id[01;35m[K)[m[K{}                    \
      |                                                  [01;35m[K^[m[K
[01m[K/calibration_ws/src/kalibr/aslam_cv/aslam_cameras/include/aslam/cameras/CameraGeometryBase.hpp:24:1:[m[K [01;36m[Knote: [m[Kin expansion of macro ‘[01m[KSM_DEFINE_ID[m[K’
   24 | [01;36m[KSM_DEFINE_ID[m[K (CameraId);
      | [01;36m[K^~~~~~~~~~~~[m[K
[01m[K/calibration_ws/src/kalibr/Schweizer-Messer/sm_common/include/sm/Id.hpp:132:9:[m[K [01;36m[Knote: [m[Kbecause ‘[01m[Ksm::Id[m[K’ has user-provided ‘[01m[Ksm::Id& sm::Id::operator=(const sm::Id&)[m[K’
  132 |     Id& [01;36m[Koperator[m[K= (const Id& other)
      |         [01;36m[K^~~~~~~~[m[K
[01m[K/calibration_ws/src/kalibr/aslam_cv/aslam_cameras/include/aslam/frontend_ids.hpp:[m[K In constructor ‘[01m[Kaslam::MultiFrameId::MultiFrameId(const sm::Id&)[m[K’:
[01m[K/calibration_ws/src/kalibr/Schweizer-Messer/sm_common/include/sm/Id.hpp:180:50:[m[K [01;35m[Kwarning: [m[Kimplicitly-declared ‘[01m[Kconstexpr sm::Id::Id(const sm::Id&)[m[K’ is deprecated [[01;35m[K-Wdeprecated-copy[m[K]
  180 |         IdTypeName(const sm::Id & id) : sm::Id(id[01;35m[K)[m[K{}                    \
      |                                                  [01;35m[K^[m[K
[01m[K/calibration_ws/src/kalibr/aslam_cv/aslam_cameras/include/aslam/frontend_ids.hpp:9:1:[m[K [01;36m[Knote: [m[Kin expansion of macro ‘[01m[KSM_DEFINE_ID[m[K’
    9 | [01;36m[KSM_DEFINE_ID[m[K (MultiFrameId);
      | [01;36m[K^~~~~~~~~~~~[m[K
[01m[K/calibration_ws/src/kalibr/Schweizer-Messer/sm_common/include/sm/Id.hpp:132:9:[m[K [01;36m[Knote: [m[Kbecause ‘[01m[Ksm::Id[m[K’ has user-provided ‘[01m[Ksm::Id& sm::Id::operator=(const sm::Id&)[m[K’
  132 |     Id& [01;36m[Koperator[m[K= (const Id& other)
      |         [01;36m[K^~~~~~~~[m[K
[01m[K/calibration_ws/src/kalibr/aslam_cv/aslam_cameras/include/aslam/frontend_ids.hpp:[m[K In constructor ‘[01m[Kaslam::FrameId::FrameId(const sm::Id&)[m[K’:
[01m[K/calibration_ws/src/kalibr/Schweizer-Messer/sm_common/include/sm/Id.hpp:180:50:[m[K [01;35m[Kwarning: [m[Kimplicitly-declared ‘[01m[Kconstexpr sm::Id::Id(const sm::Id&)[m[K’ is deprecated [[01;35m[K-Wdeprecated-copy[m[K]
  180 |         IdTypeName(const sm::Id & id) : sm::Id(id[01;35m[K)[m[K{}                    \
      |                                                  [01;35m[K^[m[K
[01m[K/calibration_ws/src/kalibr/aslam_cv/aslam_cameras/include/aslam/frontend_ids.hpp:10:1:[m[K [01;36m[Knote: [m[Kin expansion of macro ‘[01m[KSM_DEFINE_ID[m[K’
   10 | [01;36m[KSM_DEFINE_ID[m[K (FrameId);
      | [01;36m[K^~~~~~~~~~~~[m[K
[01m[K/calibration_ws/src/kalibr/Schweizer-Messer/sm_common/include/sm/Id.hpp:132:9:[m[K [01;36m[Knote: [m[Kbecause ‘[01m[Ksm::Id[m[K’ has user-provided ‘[01m[Ksm::Id& sm::Id::operator=(const sm::Id&)[m[K’
  132 |     Id& [01;36m[Koperator[m[K= (const Id& other)
      |         [01;36m[K^~~~~~~~[m[K
[01m[K/calibration_ws/src/kalibr/aslam_cv/aslam_cameras/include/aslam/frontend_ids.hpp:[m[K In constructor ‘[01m[Kaslam::LandmarkId::LandmarkId(const sm::Id&)[m[K’:
[01m[K/calibration_ws/src/kalibr/Schweizer-Messer/sm_common/include/sm/Id.hpp:180:50:[m[K [01;35m[Kwarning: [m[Kimplicitly-declared ‘[01m[Kconstexpr sm::Id::Id(const sm::Id&)[m[K’ is deprecated [[01;35m[K-Wdeprecated-copy[m[K]
  180 |         IdTypeName(const sm::Id & id) : sm::Id(id[01;35m[K)[m[K{}                    \
      |                                                  [01;35m[K^[m[K
[01m[K/calibration_ws/src/kalibr/aslam_cv/aslam_cameras/include/aslam/frontend_ids.hpp:11:1:[m[K [01;36m[Knote: [m[Kin expansion of macro ‘[01m[KSM_DEFINE_ID[m[K’
   11 | [01;36m[KSM_DEFINE_ID[m[K (LandmarkId);
      | [01;36m[K^~~~~~~~~~~~[m[K
[01m[K/calibration_ws/src/kalibr/Schweizer-Messer/sm_common/include/sm/Id.hpp:132:9:[m[K [01;36m[Knote: [m[Kbecause ‘[01m[Ksm::Id[m[K’ has user-provided ‘[01m[Ksm::Id& sm::Id::operator=(const sm::Id&)[m[K’
  132 |     Id& [01;36m[Koperator[m[K= (const Id& other)
      |         [01;36m[K^~~~~~~~[m[K
[01m[K/calibration_ws/src/kalibr/aslam_cv/aslam_cameras/include/aslam/frontend_ids.hpp:[m[K In constructor ‘[01m[Kaslam::MultiFrameId::MultiFrameId(const sm::Id&)[m[K’:
[01m[K/calibration_ws/src/kalibr/Schweizer-Messer/sm_common/include/sm/Id.hpp:180:50:[m[K [01;35m[Kwarning: [m[Kimplicitly-declared ‘[01m[Kconstexpr sm::Id::Id(const sm::Id&)[m[K’ is deprecated [[01;35m[K-Wdeprecated-copy[m[K]
  180 |         IdTypeName(const sm::Id & id) : sm::Id(id[01;35m[K)[m[K{}                    \
      |                                                  [01;35m[K^[m[K
[01m[K/calibration_ws/src/kalibr/aslam_cv/aslam_cameras/include/aslam/frontend_ids.hpp:9:1:[m[K [01;36m[Knote: [m[Kin expansion of macro ‘[01m[KSM_DEFINE_ID[m[K’
    9 | [01;36m[KSM_DEFINE_ID[m[K (MultiFrameId);
      | [01;36m[K^~~~~~~~~~~~[m[K
[01m[K/calibration_ws/src/kalibr/Schweizer-Messer/sm_common/include/sm/Id.hpp:132:9:[m[K [01;36m[Knote: [m[Kbecause ‘[01m[Ksm::Id[m[K’ has user-provided ‘[01m[Ksm::Id& sm::Id::operator=(const sm::Id&)[m[K’
  132 |     Id& [01;36m[Koperator[m[K= (const Id& other)
      |         [01;36m[K^~~~~~~~[m[K
[01m[K/calibration_ws/src/kalibr/aslam_cv/aslam_cameras/include/aslam/frontend_ids.hpp:[m[K In constructor ‘[01m[Kaslam::FrameId::FrameId(const sm::Id&)[m[K’:
[01m[K/calibration_ws/src/kalibr/Schweizer-Messer/sm_common/include/sm/Id.hpp:180:50:[m[K [01;35m[Kwarning: [m[Kimplicitly-declared ‘[01m[Kconstexpr sm::Id::Id(const sm::Id&)[m[K’ is deprecated [[01;35m[K-Wdeprecated-copy[m[K]
  180 |         IdTypeName(const sm::Id & id) : sm::Id(id[01;35m[K)[m[K{}                    \
      |                                                  [01;35m[K^[m[K
[01m[K/calibration_ws/src/kalibr/aslam_cv/aslam_cameras/include/aslam/frontend_ids.hpp:10:1:[m[K [01;36m[Knote: [m[Kin expansion of macro ‘[01m[KSM_DEFINE_ID[m[K’
   10 | [01;36m[KSM_DEFINE_ID[m[K (FrameId);
      | [01;36m[K^~~~~~~~~~~~[m[K
[01m[K/calibration_ws/src/kalibr/Schweizer-Messer/sm_common/include/sm/Id.hpp:132:9:[m[K [01;36m[Knote: [m[Kbecause ‘[01m[Ksm::Id[m[K’ has user-provided ‘[01m[Ksm::Id& sm::Id::operator=(const sm::Id&)[m[K’
  132 |     Id& [01;36m[Koperator[m[K= (const Id& other)
      |         [01;36m[K^~~~~~~~[m[K
[01m[K/calibration_ws/src/kalibr/aslam_cv/aslam_cameras/include/aslam/frontend_ids.hpp:[m[K In constructor ‘[01m[Kaslam::LandmarkId::LandmarkId(const sm::Id&)[m[K’:
[01m[K/calibration_ws/src/kalibr/Schweizer-Messer/sm_common/include/sm/Id.hpp:180:50:[m[K [01;35m[Kwarning: [m[Kimplicitly-declared ‘[01m[Kconstexpr sm::Id::Id(const sm::Id&)[m[K’ is deprecated [[01;35m[K-Wdeprecated-copy[m[K]
  180 |         IdTypeName(const sm::Id & id) : sm::Id(id[01;35m[K)[m[K{}                    \
      |                                                  [01;35m[K^[m[K
[01m[K/calibration_ws/src/kalibr/aslam_cv/aslam_cameras/include/aslam/frontend_ids.hpp:11:1:[m[K [01;36m[Knote: [m[Kin expansion of macro ‘[01m[KSM_DEFINE_ID[m[K’
   11 | [01;36m[KSM_DEFINE_ID[m[K (LandmarkId);
      | [01;36m[K^~~~~~~~~~~~[m[K
[01m[K/calibration_ws/src/kalibr/Schweizer-Messer/sm_common/include/sm/Id.hpp:132:9:[m[K [01;36m[Knote: [m[Kbecause ‘[01m[Ksm::Id[m[K’ has user-provided ‘[01m[Ksm::Id& sm::Id::operator=(const sm::Id&)[m[K’
  132 |     Id& [01;36m[Koperator[m[K= (const Id& other)
      |         [01;36m[K^~~~~~~~[m[K
[01m[K/calibration_ws/src/kalibr/aslam_cv/aslam_cameras/include/aslam/cameras/CameraGeometryBase.hpp:[m[K In constructor ‘[01m[Kaslam::cameras::CameraId::CameraId(const sm::Id&)[m[K’:
[01m[K/calibration_ws/src/kalibr/Schweizer-Messer/sm_common/include/sm/Id.hpp:180:50:[m[K [01;35m[Kwarning: [m[Kimplicitly-declared ‘[01m[Kconstexpr sm::Id::Id(const sm::Id&)[m[K’ is deprecated [[01;35m[K-Wdeprecated-copy[m[K]
  180 |         IdTypeName(const sm::Id & id) : sm::Id(id[01;35m[K)[m[K{}                    \
      |                                                  [01;35m[K^[m[K
[01m[K/calibration_ws/src/kalibr/aslam_cv/aslam_cameras/include/aslam/cameras/CameraGeometryBase.hpp:24:1:[m[K [01;36m[Knote: [m[Kin expansion of macro ‘[01m[KSM_DEFINE_ID[m[K’
   24 | [01;36m[KSM_DEFINE_ID[m[K (CameraId);
      | [01;36m[K^~~~~~~~~~~~[m[K
[01m[K/calibration_ws/src/kalibr/Schweizer-Messer/sm_common/include/sm/Id.hpp:132:9:[m[K [01;36m[Knote: [m[Kbecause ‘[01m[Ksm::Id[m[K’ has user-provided ‘[01m[Ksm::Id& sm::Id::operator=(const sm::Id&)[m[K’
  132 |     Id& [01;36m[Koperator[m[K= (const Id& other)
      |         [01;36m[K^~~~~~~~[m[K
[01m[K/calibration_ws/src/kalibr/aslam_cv/aslam_cameras/include/aslam/frontend_ids.hpp:[m[K In constructor ‘[01m[Kaslam::MultiFrameId::MultiFrameId(const sm::Id&)[m[K’:
[01m[K/calibration_ws/src/kalibr/Schweizer-Messer/sm_common/include/sm/Id.hpp:180:50:[m[K [01;35m[Kwarning: [m[Kimplicitly-declared ‘[01m[Kconstexpr sm::Id::Id(const sm::Id&)[m[K’ is deprecated [[01;35m[K-Wdeprecated-copy[m[K]
  180 |         IdTypeName(const sm::Id & id) : sm::Id(id[01;35m[K)[m[K{}                    \
      |                                                  [01;35m[K^[m[K
[01m[K/calibration_ws/src/kalibr/aslam_cv/aslam_cameras/include/aslam/frontend_ids.hpp:9:1:[m[K [01;36m[Knote: [m[Kin expansion of macro ‘[01m[KSM_DEFINE_ID[m[K’
    9 | [01;36m[KSM_DEFINE_ID[m[K (MultiFrameId);
      | [01;36m[K^~~~~~~~~~~~[m[K
[01m[K/calibration_ws/src/kalibr/Schweizer-Messer/sm_common/include/sm/Id.hpp:132:9:[m[K [01;36m[Knote: [m[Kbecause ‘[01m[Ksm::Id[m[K’ has user-provided ‘[01m[Ksm::Id& sm::Id::operator=(const sm::Id&)[m[K’
  132 |     Id& [01;36m[Koperator[m[K= (const Id& other)
      |         [01;36m[K^~~~~~~~[m[K
[01m[K/calibration_ws/src/kalibr/aslam_cv/aslam_cameras/include/aslam/frontend_ids.hpp:[m[K In constructor ‘[01m[Kaslam::FrameId::FrameId(const sm::Id&)[m[K’:
[01m[K/calibration_ws/src/kalibr/Schweizer-Messer/sm_common/include/sm/Id.hpp:180:50:[m[K [01;35m[Kwarning: [m[Kimplicitly-declared ‘[01m[Kconstexpr sm::Id::Id(const sm::Id&)[m[K’ is deprecated [[01;35m[K-Wdeprecated-copy[m[K]
  180 |         IdTypeName(const sm::Id & id) : sm::Id(id[01;35m[K)[m[K{}                    \
      |                                                  [01;35m[K^[m[K
[01m[K/calibration_ws/src/kalibr/aslam_cv/aslam_cameras/include/aslam/frontend_ids.hpp:10:1:[m[K [01;36m[Knote: [m[Kin expansion of macro ‘[01m[KSM_DEFINE_ID[m[K’
   10 | [01;36m[KSM_DEFINE_ID[m[K (FrameId);
      | [01;36m[K^~~~~~~~~~~~[m[K
[01m[K/calibration_ws/src/kalibr/Schweizer-Messer/sm_common/include/sm/Id.hpp:132:9:[m[K [01;36m[Knote: [m[Kbecause ‘[01m[Ksm::Id[m[K’ has user-provided ‘[01m[Ksm::Id& sm::Id::operator=(const sm::Id&)[m[K’
  132 |     Id& [01;36m[Koperator[m[K= (const Id& other)
      |         [01;36m[K^~~~~~~~[m[K
[01m[K/calibration_ws/src/kalibr/aslam_cv/aslam_cameras/include/aslam/frontend_ids.hpp:[m[K In constructor ‘[01m[Kaslam::LandmarkId::LandmarkId(const sm::Id&)[m[K’:
[01m[K/calibration_ws/src/kalibr/Schweizer-Messer/sm_common/include/sm/Id.hpp:180:50:[m[K [01;35m[Kwarning: [m[Kimplicitly-declared ‘[01m[Kconstexpr sm::Id::Id(const sm::Id&)[m[K’ is deprecated [[01;35m[K-Wdeprecated-copy[m[K]
  180 |         IdTypeName(const sm::Id & id) : sm::Id(id[01;35m[K)[m[K{}                    \
      |                                                  [01;35m[K^[m[K
[01m[K/calibration_ws/src/kalibr/aslam_cv/aslam_cameras/include/aslam/frontend_ids.hpp:11:1:[m[K [01;36m[Knote: [m[Kin expansion of macro ‘[01m[KSM_DEFINE_ID[m[K’
   11 | [01;36m[KSM_DEFINE_ID[m[K (LandmarkId);
      | [01;36m[K^~~~~~~~~~~~[m[K
[01m[K/calibration_ws/src/kalibr/Schweizer-Messer/sm_common/include/sm/Id.hpp:132:9:[m[K [01;36m[Knote: [m[Kbecause ‘[01m[Ksm::Id[m[K’ has user-provided ‘[01m[Ksm::Id& sm::Id::operator=(const sm::Id&)[m[K’
  132 |     Id& [01;36m[Koperator[m[K= (const Id& other)
      |         [01;36m[K^~~~~~~~[m[K
[01m[K/calibration_ws/src/kalibr/aslam_cv/aslam_cameras/include/aslam/cameras/CameraGeometryBase.hpp:[m[K In constructor ‘[01m[Kaslam::cameras::CameraId::CameraId(const sm::Id&)[m[K’:
[01m[K/calibration_ws/src/kalibr/Schweizer-Messer/sm_common/include/sm/Id.hpp:180:50:[m[K [01;35m[Kwarning: [m[Kimplicitly-declared ‘[01m[Kconstexpr sm::Id::Id(const sm::Id&)[m[K’ is deprecated [[01;35m[K-Wdeprecated-copy[m[K]
  180 |         IdTypeName(const sm::Id & id) : sm::Id(id[01;35m[K)[m[K{}                    \
      |                                                  [01;35m[K^[m[K
[01m[K/calibration_ws/src/kalibr/aslam_cv/aslam_cameras/include/aslam/cameras/CameraGeometryBase.hpp:24:1:[m[K [01;36m[Knote: [m[Kin expansion of macro ‘[01m[KSM_DEFINE_ID[m[K’
   24 | [01;36m[KSM_DEFINE_ID[m[K (CameraId);
      | [01;36m[K^~~~~~~~~~~~[m[K
[01m[K/calibration_ws/src/kalibr/Schweizer-Messer/sm_common/include/sm/Id.hpp:132:9:[m[K [01;36m[Knote: [m[Kbecause ‘[01m[Ksm::Id[m[K’ has user-provided ‘[01m[Ksm::Id& sm::Id::operator=(const sm::Id&)[m[K’
  132 |     Id& [01;36m[Koperator[m[K= (const Id& other)
      |         [01;36m[K^~~~~~~~[m[K
[01m[K/calibration_ws/src/kalibr/aslam_cv/aslam_cameras/include/aslam/frontend_ids.hpp:[m[K In constructor ‘[01m[Kaslam::MultiFrameId::MultiFrameId(const sm::Id&)[m[K’:
[01m[K/calibration_ws/src/kalibr/Schweizer-Messer/sm_common/include/sm/Id.hpp:180:50:[m[K [01;35m[Kwarning: [m[Kimplicitly-declared ‘[01m[Kconstexpr sm::Id::Id(const sm::Id&)[m[K’ is deprecated [[01;35m[K-Wdeprecated-copy[m[K]
  180 |         IdTypeName(const sm::Id & id) : sm::Id(id[01;35m[K)[m[K{}                    \
      |                                                  [01;35m[K^[m[K
[01m[K/calibration_ws/src/kalibr/aslam_cv/aslam_cameras/include/aslam/frontend_ids.hpp:9:1:[m[K [01;36m[Knote: [m[Kin expansion of macro ‘[01m[KSM_DEFINE_ID[m[K’
    9 | [01;36m[KSM_DEFINE_ID[m[K (MultiFrameId);
      | [01;36m[K^~~~~~~~~~~~[m[K
[01m[K/calibration_ws/src/kalibr/Schweizer-Messer/sm_common/include/sm/Id.hpp:132:9:[m[K [01;36m[Knote: [m[Kbecause ‘[01m[Ksm::Id[m[K’ has user-provided ‘[01m[Ksm::Id& sm::Id::operator=(const sm::Id&)[m[K’
  132 |     Id& [01;36m[Koperator[m[K= (const Id& other)
      |         [01;36m[K^~~~~~~~[m[K
[01m[K/calibration_ws/src/kalibr/aslam_cv/aslam_cameras/include/aslam/frontend_ids.hpp:[m[K In constructor ‘[01m[Kaslam::FrameId::FrameId(const sm::Id&)[m[K’:
[01m[K/calibration_ws/src/kalibr/Schweizer-Messer/sm_common/include/sm/Id.hpp:180:50:[m[K [01;35m[Kwarning: [m[Kimplicitly-declared ‘[01m[Kconstexpr sm::Id::Id(const sm::Id&)[m[K’ is deprecated [[01;35m[K-Wdeprecated-copy[m[K]
  180 |         IdTypeName(const sm::Id & id) : sm::Id(id[01;35m[K)[m[K{}                    \
      |                                                  [01;35m[K^[m[K
[01m[K/calibration_ws/src/kalibr/aslam_cv/aslam_cameras/include/aslam/frontend_ids.hpp:10:1:[m[K [01;36m[Knote: [m[Kin expansion of macro ‘[01m[KSM_DEFINE_ID[m[K’
   10 | [01;36m[KSM_DEFINE_ID[m[K (FrameId);
      | [01;36m[K^~~~~~~~~~~~[m[K
[01m[K/calibration_ws/src/kalibr/Schweizer-Messer/sm_common/include/sm/Id.hpp:132:9:[m[K [01;36m[Knote: [m[Kbecause ‘[01m[Ksm::Id[m[K’ has user-provided ‘[01m[Ksm::Id& sm::Id::operator=(const sm::Id&)[m[K’
  132 |     Id& [01;36m[Koperator[m[K= (const Id& other)
      |         [01;36m[K^~~~~~~~[m[K
[01m[K/calibration_ws/src/kalibr/aslam_cv/aslam_cameras/include/aslam/frontend_ids.hpp:[m[K In constructor ‘[01m[Kaslam::LandmarkId::LandmarkId(const sm::Id&)[m[K’:
[01m[K/calibration_ws/src/kalibr/Schweizer-Messer/sm_common/include/sm/Id.hpp:180:50:[m[K [01;35m[Kwarning: [m[Kimplicitly-declared ‘[01m[Kconstexpr sm::Id::Id(const sm::Id&)[m[K’ is deprecated [[01;35m[K-Wdeprecated-copy[m[K]
  180 |         IdTypeName(const sm::Id & id) : sm::Id(id[01;35m[K)[m[K{}                    \
      |                                                  [01;35m[K^[m[K
[01m[K/calibration_ws/src/kalibr/aslam_cv/aslam_cameras/include/aslam/frontend_ids.hpp:11:1:[m[K [01;36m[Knote: [m[Kin expansion of macro ‘[01m[KSM_DEFINE_ID[m[K’
   11 | [01;36m[KSM_DEFINE_ID[m[K (LandmarkId);
      | [01;36m[K^~~~~~~~~~~~[m[K
[01m[K/calibration_ws/src/kalibr/Schweizer-Messer/sm_common/include/sm/Id.hpp:132:9:[m[K [01;36m[Knote: [m[Kbecause ‘[01m[Ksm::Id[m[K’ has user-provided ‘[01m[Ksm::Id& sm::Id::operator=(const sm::Id&)[m[K’
  132 |     Id& [01;36m[Koperator[m[K= (const Id& other)
      |         [01;36m[K^~~~~~~~[m[K
In file included from [01m[K/calibration_ws/src/kalibr/aslam_cv/aslam_cameras/include/aslam/cameras/CameraGeometryBase.hpp:6[m[K,
                 from [01m[K/calibration_ws/src/kalibr/aslam_cv/aslam_cameras/include/aslam/cameras/CameraGeometry.hpp:4[m[K,
                 from [01m[K/calibration_ws/src/kalibr/aslam_cv/aslam_cameras/include/aslam/cameras.hpp:5[m[K,
                 from [01m[K/calibration_ws/src/kalibr/aslam_cv/aslam_cv_serialization/include/aslam/cameras/CameraBaseSerialization.hpp:15[m[K,
                 from [01m[K/calibration_ws/src/kalibr/aslam_cv/aslam_cv_serialization/src/autogen/Camera-MaskedEquidistantDistortedPinholeRsCameraGeometry.cpp:1[m[K:
[01m[K/calibration_ws/src/kalibr/Schweizer-Messer/sm_common/include/sm/Id.hpp:[m[K In member function ‘[01m[Ksm::Id sm::Id::operator++(int)[m[K’:
[01m[K/calibration_ws/src/kalibr/Schweizer-Messer/sm_common/include/sm/Id.hpp:122:14:[m[K [01;35m[Kwarning: [m[Kimplicitly-declared ‘[01m[Kconstexpr sm::Id::Id(const sm::Id&)[m[K’ is deprecated [[01;35m[K-Wdeprecated-copy[m[K]
  122 |       return [01;35m[Krval[m[K;
      |              [01;35m[K^~~~[m[K
[01m[K/calibration_ws/src/kalibr/Schweizer-Messer/sm_common/include/sm/Id.hpp:132:9:[m[K [01;36m[Knote: [m[Kbecause ‘[01m[Ksm::Id[m[K’ has user-provided ‘[01m[Ksm::Id& sm::Id::operator=(const sm::Id&)[m[K’
  132 |     Id& [01;36m[Koperator[m[K= (const Id& other)
      |         [01;36m[K^~~~~~~~[m[K
In file included from [01m[K/usr/include/boost/detail/endian.hpp:9[m[K,
                 from [01m[K/calibration_ws/src/kalibr/Schweizer-Messer/sm_boost/include/boost/portable_binary_archive.hpp:31[m[K,
                 from [01m[K/calibration_ws/src/kalibr/Schweizer-Messer/sm_boost/include/boost/portable_binary_iarchive.hpp:39[m[K,
                 from [01m[K/calibration_ws/src/kalibr/aslam_cv/aslam_cv_serialization/src/autogen/Camera-EquidistantDistortedOmniRsCameraGeometry.cpp:11[m[K:
[01m[K/usr/include/boost/predef/detail/endian_compat.h:[m[K At global scope:
[01m[K/usr/include/boost/predef/detail/endian_compat.h:11:161:[m[K [01;36m[Knote: [m[K#pragma message: The use of BOOST_*_ENDIAN and BOOST_BYTE_ORDER is deprecated. Please include <boost/predef/other/endian.h> and use BOOST_ENDIAN_*_BYTE instead
   11 | #pragma message("The use of BOOST_*_ENDIAN and BOOST_BYTE_ORDER is deprecated. Please include <boost/predef/other/endian.h> and use BOOST_ENDIAN_*_BYTE instead"[01;36m[K)[m[K
      |                                                                                                                                                                 [01;36m[K^[m[K
[01m[K/calibration_ws/src/kalibr/aslam_cv/aslam_cameras/include/aslam/frontend_ids.hpp:[m[K In constructor ‘[01m[Kaslam::MultiFrameId::MultiFrameId(const sm::Id&)[m[K’:
[01m[K/calibration_ws/src/kalibr/Schweizer-Messer/sm_common/include/sm/Id.hpp:180:50:[m[K [01;35m[Kwarning: [m[Kimplicitly-declared ‘[01m[Kconstexpr sm::Id::Id(const sm::Id&)[m[K’ is deprecated [[01;35m[K-Wdeprecated-copy[m[K]
  180 |         IdTypeName(const sm::Id & id) : sm::Id(id[01;35m[K)[m[K{}                    \
      |                                                  [01;35m[K^[m[K
[01m[K/calibration_ws/src/kalibr/aslam_cv/aslam_cameras/include/aslam/frontend_ids.hpp:9:1:[m[K [01;36m[Knote: [m[Kin expansion of macro ‘[01m[KSM_DEFINE_ID[m[K’
    9 | [01;36m[KSM_DEFINE_ID[m[K (MultiFrameId);
      | [01;36m[K^~~~~~~~~~~~[m[K
[01m[K/calibration_ws/src/kalibr/Schweizer-Messer/sm_common/include/sm/Id.hpp:132:9:[m[K [01;36m[Knote: [m[Kbecause ‘[01m[Ksm::Id[m[K’ has user-provided ‘[01m[Ksm::Id& sm::Id::operator=(const sm::Id&)[m[K’
  132 |     Id& [01;36m[Koperator[m[K= (const Id& other)
      |         [01;36m[K^~~~~~~~[m[K
[01m[K/calibration_ws/src/kalibr/aslam_cv/aslam_cameras/include/aslam/frontend_ids.hpp:[m[K In constructor ‘[01m[Kaslam::FrameId::FrameId(const sm::Id&)[m[K’:
[01m[K/calibration_ws/src/kalibr/Schweizer-Messer/sm_common/include/sm/Id.hpp:180:50:[m[K [01;35m[Kwarning: [m[Kimplicitly-declared ‘[01m[Kconstexpr sm::Id::Id(const sm::Id&)[m[K’ is deprecated [[01;35m[K-Wdeprecated-copy[m[K]
  180 |         IdTypeName(const sm::Id & id) : sm::Id(id[01;35m[K)[m[K{}                    \
      |                                                  [01;35m[K^[m[K
[01m[K/calibration_ws/src/kalibr/aslam_cv/aslam_cameras/include/aslam/frontend_ids.hpp:10:1:[m[K [01;36m[Knote: [m[Kin expansion of macro ‘[01m[KSM_DEFINE_ID[m[K’
   10 | [01;36m[KSM_DEFINE_ID[m[K (FrameId);
      | [01;36m[K^~~~~~~~~~~~[m[K
[01m[K/calibration_ws/src/kalibr/Schweizer-Messer/sm_common/include/sm/Id.hpp:132:9:[m[K [01;36m[Knote: [m[Kbecause ‘[01m[Ksm::Id[m[K’ has user-provided ‘[01m[Ksm::Id& sm::Id::operator=(const sm::Id&)[m[K’
  132 |     Id& [01;36m[Koperator[m[K= (const Id& other)
      |         [01;36m[K^~~~~~~~[m[K
[01m[K/calibration_ws/src/kalibr/aslam_cv/aslam_cameras/include/aslam/frontend_ids.hpp:[m[K In constructor ‘[01m[Kaslam::LandmarkId::LandmarkId(const sm::Id&)[m[K’:
[01m[K/calibration_ws/src/kalibr/Schweizer-Messer/sm_common/include/sm/Id.hpp:180:50:[m[K [01;35m[Kwarning: [m[Kimplicitly-declared ‘[01m[Kconstexpr sm::Id::Id(const sm::Id&)[m[K’ is deprecated [[01;35m[K-Wdeprecated-copy[m[K]
  180 |         IdTypeName(const sm::Id & id) : sm::Id(id[01;35m[K)[m[K{}                    \
      |                                                  [01;35m[K^[m[K
[01m[K/calibration_ws/src/kalibr/aslam_cv/aslam_cameras/include/aslam/frontend_ids.hpp:11:1:[m[K [01;36m[Knote: [m[Kin expansion of macro ‘[01m[KSM_DEFINE_ID[m[K’
   11 | [01;36m[KSM_DEFINE_ID[m[K (LandmarkId);
      | [01;36m[K^~~~~~~~~~~~[m[K
[01m[K/calibration_ws/src/kalibr/Schweizer-Messer/sm_common/include/sm/Id.hpp:132:9:[m[K [01;36m[Knote: [m[Kbecause ‘[01m[Ksm::Id[m[K’ has user-provided ‘[01m[Ksm::Id& sm::Id::operator=(const sm::Id&)[m[K’
  132 |     Id& [01;36m[Koperator[m[K= (const Id& other)
      |         [01;36m[K^~~~~~~~[m[K
In file included from [01m[K/calibration_ws/src/kalibr/aslam_cv/aslam_cameras/include/aslam/cameras/CameraGeometryBase.hpp:6[m[K,
                 from [01m[K/calibration_ws/src/kalibr/aslam_cv/aslam_cameras/include/aslam/cameras/CameraGeometry.hpp:4[m[K,
                 from [01m[K/calibration_ws/src/kalibr/aslam_cv/aslam_cameras/include/aslam/cameras.hpp:5[m[K,
                 from [01m[K/calibration_ws/src/kalibr/aslam_cv/aslam_cv_serialization/include/aslam/cameras/CameraBaseSerialization.hpp:15[m[K,
                 from [01m[K/calibration_ws/src/kalibr/aslam_cv/aslam_cv_serialization/src/autogen/Camera-MaskedOmniRsCameraGeometry.cpp:1[m[K:
[01m[K/calibration_ws/src/kalibr/Schweizer-Messer/sm_common/include/sm/Id.hpp:[m[K In member function ‘[01m[Ksm::Id sm::Id::operator++(int)[m[K’:
[01m[K/calibration_ws/src/kalibr/Schweizer-Messer/sm_common/include/sm/Id.hpp:122:14:[m[K [01;35m[Kwarning: [m[Kimplicitly-declared ‘[01m[Kconstexpr sm::Id::Id(const sm::Id&)[m[K’ is deprecated [[01;35m[K-Wdeprecated-copy[m[K]
  122 |       return [01;35m[Krval[m[K;
      |              [01;35m[K^~~~[m[K
[01m[K/calibration_ws/src/kalibr/Schweizer-Messer/sm_common/include/sm/Id.hpp:132:9:[m[K [01;36m[Knote: [m[Kbecause ‘[01m[Ksm::Id[m[K’ has user-provided ‘[01m[Ksm::Id& sm::Id::operator=(const sm::Id&)[m[K’
  132 |     Id& [01;36m[Koperator[m[K= (const Id& other)
      |         [01;36m[K^~~~~~~~[m[K
[01m[K/calibration_ws/src/kalibr/aslam_cv/aslam_cameras/include/aslam/cameras/CameraGeometryBase.hpp:[m[K In constructor ‘[01m[Kaslam::cameras::CameraId::CameraId(const sm::Id&)[m[K’:
[01m[K/calibration_ws/src/kalibr/Schweizer-Messer/sm_common/include/sm/Id.hpp:180:50:[m[K [01;35m[Kwarning: [m[Kimplicitly-declared ‘[01m[Kconstexpr sm::Id::Id(const sm::Id&)[m[K’ is deprecated [[01;35m[K-Wdeprecated-copy[m[K]
  180 |         IdTypeName(const sm::Id & id) : sm::Id(id[01;35m[K)[m[K{}                    \
      |                                                  [01;35m[K^[m[K
[01m[K/calibration_ws/src/kalibr/aslam_cv/aslam_cameras/include/aslam/cameras/CameraGeometryBase.hpp:24:1:[m[K [01;36m[Knote: [m[Kin expansion of macro ‘[01m[KSM_DEFINE_ID[m[K’
   24 | [01;36m[KSM_DEFINE_ID[m[K (CameraId);
      | [01;36m[K^~~~~~~~~~~~[m[K
[01m[K/calibration_ws/src/kalibr/Schweizer-Messer/sm_common/include/sm/Id.hpp:132:9:[m[K [01;36m[Knote: [m[Kbecause ‘[01m[Ksm::Id[m[K’ has user-provided ‘[01m[Ksm::Id& sm::Id::operator=(const sm::Id&)[m[K’
  132 |     Id& [01;36m[Koperator[m[K= (const Id& other)
      |         [01;36m[K^~~~~~~~[m[K
[01m[K/calibration_ws/src/kalibr/aslam_cv/aslam_cameras/include/aslam/cameras/CameraGeometryBase.hpp:[m[K In constructor ‘[01m[Kaslam::cameras::CameraId::CameraId(const sm::Id&)[m[K’:
[01m[K/calibration_ws/src/kalibr/Schweizer-Messer/sm_common/include/sm/Id.hpp:180:50:[m[K [01;35m[Kwarning: [m[Kimplicitly-declared ‘[01m[Kconstexpr sm::Id::Id(const sm::Id&)[m[K’ is deprecated [[01;35m[K-Wdeprecated-copy[m[K]
  180 |         IdTypeName(const sm::Id & id) : sm::Id(id[01;35m[K)[m[K{}                    \
      |                                                  [01;35m[K^[m[K
[01m[K/calibration_ws/src/kalibr/aslam_cv/aslam_cameras/include/aslam/cameras/CameraGeometryBase.hpp:24:1:[m[K [01;36m[Knote: [m[Kin expansion of macro ‘[01m[KSM_DEFINE_ID[m[K’
   24 | [01;36m[KSM_DEFINE_ID[m[K (CameraId);
      | [01;36m[K^~~~~~~~~~~~[m[K
[01m[K/calibration_ws/src/kalibr/Schweizer-Messer/sm_common/include/sm/Id.hpp:132:9:[m[K [01;36m[Knote: [m[Kbecause ‘[01m[Ksm::Id[m[K’ has user-provided ‘[01m[Ksm::Id& sm::Id::operator=(const sm::Id&)[m[K’
  132 |     Id& [01;36m[Koperator[m[K= (const Id& other)
      |         [01;36m[K^~~~~~~~[m[K
In file included from [01m[K/usr/include/boost/detail/endian.hpp:9[m[K,
                 from [01m[K/calibration_ws/src/kalibr/Schweizer-Messer/sm_boost/include/boost/portable_binary_archive.hpp:31[m[K,
                 from [01m[K/calibration_ws/src/kalibr/Schweizer-Messer/sm_boost/include/boost/portable_binary_iarchive.hpp:39[m[K,
                 from [01m[K/calibration_ws/src/kalibr/aslam_cv/aslam_cv_serialization/src/autogen/Camera-MaskedDistortedPinholeCameraGeometry.cpp:11[m[K:
[01m[K/usr/include/boost/predef/detail/endian_compat.h:[m[K At global scope:
[01m[K/usr/include/boost/predef/detail/endian_compat.h:11:161:[m[K [01;36m[Knote: [m[K#pragma message: The use of BOOST_*_ENDIAN and BOOST_BYTE_ORDER is deprecated. Please include <boost/predef/other/endian.h> and use BOOST_ENDIAN_*_BYTE instead
   11 | #pragma message("The use of BOOST_*_ENDIAN and BOOST_BYTE_ORDER is deprecated. Please include <boost/predef/other/endian.h> and use BOOST_ENDIAN_*_BYTE instead"[01;36m[K)[m[K
      |                                                                                                                                                                 [01;36m[K^[m[K
[01m[K/calibration_ws/src/kalibr/aslam_cv/aslam_cameras/include/aslam/frontend_ids.hpp:[m[K In constructor ‘[01m[Kaslam::MultiFrameId::MultiFrameId(const sm::Id&)[m[K’:
[01m[K/calibration_ws/src/kalibr/Schweizer-Messer/sm_common/include/sm/Id.hpp:180:50:[m[K [01;35m[Kwarning: [m[Kimplicitly-declared ‘[01m[Kconstexpr sm::Id::Id(const sm::Id&)[m[K’ is deprecated [[01;35m[K-Wdeprecated-copy[m[K]
  180 |         IdTypeName(const sm::Id & id) : sm::Id(id[01;35m[K)[m[K{}                    \
      |                                                  [01;35m[K^[m[K
[01m[K/calibration_ws/src/kalibr/aslam_cv/aslam_cameras/include/aslam/frontend_ids.hpp:9:1:[m[K [01;36m[Knote: [m[Kin expansion of macro ‘[01m[KSM_DEFINE_ID[m[K’
    9 | [01;36m[KSM_DEFINE_ID[m[K (MultiFrameId);
      | [01;36m[K^~~~~~~~~~~~[m[K
[01m[K/calibration_ws/src/kalibr/Schweizer-Messer/sm_common/include/sm/Id.hpp:132:9:[m[K [01;36m[Knote: [m[Kbecause ‘[01m[Ksm::Id[m[K’ has user-provided ‘[01m[Ksm::Id& sm::Id::operator=(const sm::Id&)[m[K’
  132 |     Id& [01;36m[Koperator[m[K= (const Id& other)
      |         [01;36m[K^~~~~~~~[m[K
[01m[K/calibration_ws/src/kalibr/aslam_cv/aslam_cameras/include/aslam/frontend_ids.hpp:[m[K In constructor ‘[01m[Kaslam::FrameId::FrameId(const sm::Id&)[m[K’:
[01m[K/calibration_ws/src/kalibr/Schweizer-Messer/sm_common/include/sm/Id.hpp:180:50:[m[K [01;35m[Kwarning: [m[Kimplicitly-declared ‘[01m[Kconstexpr sm::Id::Id(const sm::Id&)[m[K’ is deprecated [[01;35m[K-Wdeprecated-copy[m[K]
  180 |         IdTypeName(const sm::Id & id) : sm::Id(id[01;35m[K)[m[K{}                    \
      |                                                  [01;35m[K^[m[K
[01m[K/calibration_ws/src/kalibr/aslam_cv/aslam_cameras/include/aslam/frontend_ids.hpp:10:1:[m[K [01;36m[Knote: [m[Kin expansion of macro ‘[01m[KSM_DEFINE_ID[m[K’
   10 | [01;36m[KSM_DEFINE_ID[m[K (FrameId);
      | [01;36m[K^~~~~~~~~~~~[m[K
[01m[K/calibration_ws/src/kalibr/Schweizer-Messer/sm_common/include/sm/Id.hpp:132:9:[m[K [01;36m[Knote: [m[Kbecause ‘[01m[Ksm::Id[m[K’ has user-provided ‘[01m[Ksm::Id& sm::Id::operator=(const sm::Id&)[m[K’
  132 |     Id& [01;36m[Koperator[m[K= (const Id& other)
      |         [01;36m[K^~~~~~~~[m[K
[01m[K/calibration_ws/src/kalibr/aslam_cv/aslam_cameras/include/aslam/frontend_ids.hpp:[m[K In constructor ‘[01m[Kaslam::LandmarkId::LandmarkId(const sm::Id&)[m[K’:
[01m[K/calibration_ws/src/kalibr/Schweizer-Messer/sm_common/include/sm/Id.hpp:180:50:[m[K [01;35m[Kwarning: [m[Kimplicitly-declared ‘[01m[Kconstexpr sm::Id::Id(const sm::Id&)[m[K’ is deprecated [[01;35m[K-Wdeprecated-copy[m[K]
  180 |         IdTypeName(const sm::Id & id) : sm::Id(id[01;35m[K)[m[K{}                    \
      |                                                  [01;35m[K^[m[K
[01m[K/calibration_ws/src/kalibr/aslam_cv/aslam_cameras/include/aslam/frontend_ids.hpp:11:1:[m[K [01;36m[Knote: [m[Kin expansion of macro ‘[01m[KSM_DEFINE_ID[m[K’
   11 | [01;36m[KSM_DEFINE_ID[m[K (LandmarkId);
      | [01;36m[K^~~~~~~~~~~~[m[K
[01m[K/calibration_ws/src/kalibr/Schweizer-Messer/sm_common/include/sm/Id.hpp:132:9:[m[K [01;36m[Knote: [m[Kbecause ‘[01m[Ksm::Id[m[K’ has user-provided ‘[01m[Ksm::Id& sm::Id::operator=(const sm::Id&)[m[K’
  132 |     Id& [01;36m[Koperator[m[K= (const Id& other)
      |         [01;36m[K^~~~~~~~[m[K
In file included from [01m[K/usr/include/boost/detail/endian.hpp:9[m[K,
                 from [01m[K/calibration_ws/src/kalibr/Schweizer-Messer/sm_boost/include/boost/portable_binary_archive.hpp:31[m[K,
                 from [01m[K/calibration_ws/src/kalibr/Schweizer-Messer/sm_boost/include/boost/portable_binary_iarchive.hpp:39[m[K,
                 from [01m[K/calibration_ws/src/kalibr/aslam_cv/aslam_cv_serialization/src/autogen/Camera-MaskedPinholeCameraGeometry.cpp:11[m[K:
[01m[K/usr/include/boost/predef/detail/endian_compat.h:[m[K At global scope:
[01m[K/usr/include/boost/predef/detail/endian_compat.h:11:161:[m[K [01;36m[Knote: [m[K#pragma message: The use of BOOST_*_ENDIAN and BOOST_BYTE_ORDER is deprecated. Please include <boost/predef/other/endian.h> and use BOOST_ENDIAN_*_BYTE instead
   11 | #pragma message("The use of BOOST_*_ENDIAN and BOOST_BYTE_ORDER is deprecated. Please include <boost/predef/other/endian.h> and use BOOST_ENDIAN_*_BYTE instead"[01;36m[K)[m[K
      |                                                                                                                                                                 [01;36m[K^[m[K
[01m[K/calibration_ws/src/kalibr/aslam_cv/aslam_cameras/include/aslam/frontend_ids.hpp:[m[K In constructor ‘[01m[Kaslam::MultiFrameId::MultiFrameId(const sm::Id&)[m[K’:
[01m[K/calibration_ws/src/kalibr/Schweizer-Messer/sm_common/include/sm/Id.hpp:180:50:[m[K [01;35m[Kwarning: [m[Kimplicitly-declared ‘[01m[Kconstexpr sm::Id::Id(const sm::Id&)[m[K’ is deprecated [[01;35m[K-Wdeprecated-copy[m[K]
  180 |         IdTypeName(const sm::Id & id) : sm::Id(id[01;35m[K)[m[K{}                    \
      |                                                  [01;35m[K^[m[K
[01m[K/calibration_ws/src/kalibr/aslam_cv/aslam_cameras/include/aslam/frontend_ids.hpp:9:1:[m[K [01;36m[Knote: [m[Kin expansion of macro ‘[01m[KSM_DEFINE_ID[m[K’
    9 | [01;36m[KSM_DEFINE_ID[m[K (MultiFrameId);
      | [01;36m[K^~~~~~~~~~~~[m[K
[01m[K/calibration_ws/src/kalibr/Schweizer-Messer/sm_common/include/sm/Id.hpp:132:9:[m[K [01;36m[Knote: [m[Kbecause ‘[01m[Ksm::Id[m[K’ has user-provided ‘[01m[Ksm::Id& sm::Id::operator=(const sm::Id&)[m[K’
  132 |     Id& [01;36m[Koperator[m[K= (const Id& other)
      |         [01;36m[K^~~~~~~~[m[K
[01m[K/calibration_ws/src/kalibr/aslam_cv/aslam_cameras/include/aslam/frontend_ids.hpp:[m[K In constructor ‘[01m[Kaslam::FrameId::FrameId(const sm::Id&)[m[K’:
[01m[K/calibration_ws/src/kalibr/Schweizer-Messer/sm_common/include/sm/Id.hpp:180:50:[m[K [01;35m[Kwarning: [m[Kimplicitly-declared ‘[01m[Kconstexpr sm::Id::Id(const sm::Id&)[m[K’ is deprecated [[01;35m[K-Wdeprecated-copy[m[K]
  180 |         IdTypeName(const sm::Id & id) : sm::Id(id[01;35m[K)[m[K{}                    \
      |                                                  [01;35m[K^[m[K
[01m[K/calibration_ws/src/kalibr/aslam_cv/aslam_cameras/include/aslam/frontend_ids.hpp:10:1:[m[K [01;36m[Knote: [m[Kin expansion of macro ‘[01m[KSM_DEFINE_ID[m[K’
   10 | [01;36m[KSM_DEFINE_ID[m[K (FrameId);
      | [01;36m[K^~~~~~~~~~~~[m[K
[01m[K/calibration_ws/src/kalibr/Schweizer-Messer/sm_common/include/sm/Id.hpp:132:9:[m[K [01;36m[Knote: [m[Kbecause ‘[01m[Ksm::Id[m[K’ has user-provided ‘[01m[Ksm::Id& sm::Id::operator=(const sm::Id&)[m[K’
  132 |     Id& [01;36m[Koperator[m[K= (const Id& other)
      |         [01;36m[K^~~~~~~~[m[K
[01m[K/calibration_ws/src/kalibr/aslam_cv/aslam_cameras/include/aslam/frontend_ids.hpp:[m[K In constructor ‘[01m[Kaslam::LandmarkId::LandmarkId(const sm::Id&)[m[K’:
[01m[K/calibration_ws/src/kalibr/Schweizer-Messer/sm_common/include/sm/Id.hpp:180:50:[m[K [01;35m[Kwarning: [m[Kimplicitly-declared ‘[01m[Kconstexpr sm::Id::Id(const sm::Id&)[m[K’ is deprecated [[01;35m[K-Wdeprecated-copy[m[K]
  180 |         IdTypeName(const sm::Id & id) : sm::Id(id[01;35m[K)[m[K{}                    \
      |                                                  [01;35m[K^[m[K
[01m[K/calibration_ws/src/kalibr/aslam_cv/aslam_cameras/include/aslam/frontend_ids.hpp:11:1:[m[K [01;36m[Knote: [m[Kin expansion of macro ‘[01m[KSM_DEFINE_ID[m[K’
   11 | [01;36m[KSM_DEFINE_ID[m[K (LandmarkId);
      | [01;36m[K^~~~~~~~~~~~[m[K
[01m[K/calibration_ws/src/kalibr/Schweizer-Messer/sm_common/include/sm/Id.hpp:132:9:[m[K [01;36m[Knote: [m[Kbecause ‘[01m[Ksm::Id[m[K’ has user-provided ‘[01m[Ksm::Id& sm::Id::operator=(const sm::Id&)[m[K’
  132 |     Id& [01;36m[Koperator[m[K= (const Id& other)
      |         [01;36m[K^~~~~~~~[m[K
In file included from [01m[K/calibration_ws/src/kalibr/aslam_cv/aslam_cameras/include/aslam/cameras/CameraGeometryBase.hpp:6[m[K,
                 from [01m[K/calibration_ws/src/kalibr/aslam_cv/aslam_cameras/include/aslam/cameras/CameraGeometry.hpp:4[m[K,
                 from [01m[K/calibration_ws/src/kalibr/aslam_cv/aslam_cameras/include/aslam/cameras.hpp:5[m[K,
                 from [01m[K/calibration_ws/src/kalibr/aslam_cv/aslam_cv_serialization/include/aslam/cameras/CameraBaseSerialization.hpp:15[m[K,
                 from [01m[K/calibration_ws/src/kalibr/aslam_cv/aslam_cv_serialization/src/autogen/Camera-MaskedDistortedOmniRsCameraGeometry.cpp:1[m[K:
[01m[K/calibration_ws/src/kalibr/Schweizer-Messer/sm_common/include/sm/Id.hpp:[m[K In member function ‘[01m[Ksm::Id sm::Id::operator++(int)[m[K’:
[01m[K/calibration_ws/src/kalibr/Schweizer-Messer/sm_common/include/sm/Id.hpp:122:14:[m[K [01;35m[Kwarning: [m[Kimplicitly-declared ‘[01m[Kconstexpr sm::Id::Id(const sm::Id&)[m[K’ is deprecated [[01;35m[K-Wdeprecated-copy[m[K]
  122 |       return [01;35m[Krval[m[K;
      |              [01;35m[K^~~~[m[K
[01m[K/calibration_ws/src/kalibr/Schweizer-Messer/sm_common/include/sm/Id.hpp:132:9:[m[K [01;36m[Knote: [m[Kbecause ‘[01m[Ksm::Id[m[K’ has user-provided ‘[01m[Ksm::Id& sm::Id::operator=(const sm::Id&)[m[K’
  132 |     Id& [01;36m[Koperator[m[K= (const Id& other)
      |         [01;36m[K^~~~~~~~[m[K
[01m[K/calibration_ws/src/kalibr/aslam_cv/aslam_cameras/include/aslam/cameras/CameraGeometryBase.hpp:[m[K In constructor ‘[01m[Kaslam::cameras::CameraId::CameraId(const sm::Id&)[m[K’:
[01m[K/calibration_ws/src/kalibr/Schweizer-Messer/sm_common/include/sm/Id.hpp:180:50:[m[K [01;35m[Kwarning: [m[Kimplicitly-declared ‘[01m[Kconstexpr sm::Id::Id(const sm::Id&)[m[K’ is deprecated [[01;35m[K-Wdeprecated-copy[m[K]
  180 |         IdTypeName(const sm::Id & id) : sm::Id(id[01;35m[K)[m[K{}                    \
      |                                                  [01;35m[K^[m[K
[01m[K/calibration_ws/src/kalibr/aslam_cv/aslam_cameras/include/aslam/cameras/CameraGeometryBase.hpp:24:1:[m[K [01;36m[Knote: [m[Kin expansion of macro ‘[01m[KSM_DEFINE_ID[m[K’
   24 | [01;36m[KSM_DEFINE_ID[m[K (CameraId);
      | [01;36m[K^~~~~~~~~~~~[m[K
[01m[K/calibration_ws/src/kalibr/Schweizer-Messer/sm_common/include/sm/Id.hpp:132:9:[m[K [01;36m[Knote: [m[Kbecause ‘[01m[Ksm::Id[m[K’ has user-provided ‘[01m[Ksm::Id& sm::Id::operator=(const sm::Id&)[m[K’
  132 |     Id& [01;36m[Koperator[m[K= (const Id& other)
      |         [01;36m[K^~~~~~~~[m[K
In file included from [01m[K/usr/include/boost/detail/endian.hpp:9[m[K,
                 from [01m[K/calibration_ws/src/kalibr/Schweizer-Messer/sm_boost/include/boost/portable_binary_archive.hpp:31[m[K,
                 from [01m[K/calibration_ws/src/kalibr/Schweizer-Messer/sm_boost/include/boost/portable_binary_iarchive.hpp:39[m[K,
                 from [01m[K/calibration_ws/src/kalibr/aslam_cv/aslam_cv_serialization/src/autogen/Camera-MaskedEquidistantDistortedPinholeCameraGeometry.cpp:11[m[K:
[01m[K/usr/include/boost/predef/detail/endian_compat.h:[m[K At global scope:
[01m[K/usr/include/boost/predef/detail/endian_compat.h:11:161:[m[K [01;36m[Knote: [m[K#pragma message: The use of BOOST_*_ENDIAN and BOOST_BYTE_ORDER is deprecated. Please include <boost/predef/other/endian.h> and use BOOST_ENDIAN_*_BYTE instead
   11 | #pragma message("The use of BOOST_*_ENDIAN and BOOST_BYTE_ORDER is deprecated. Please include <boost/predef/other/endian.h> and use BOOST_ENDIAN_*_BYTE instead"[01;36m[K)[m[K
      |                                                                                                                                                                 [01;36m[K^[m[K
[01m[K/calibration_ws/src/kalibr/aslam_cv/aslam_cameras/include/aslam/frontend_ids.hpp:[m[K In constructor ‘[01m[Kaslam::MultiFrameId::MultiFrameId(const sm::Id&)[m[K’:
[01m[K/calibration_ws/src/kalibr/Schweizer-Messer/sm_common/include/sm/Id.hpp:180:50:[m[K [01;35m[Kwarning: [m[Kimplicitly-declared ‘[01m[Kconstexpr sm::Id::Id(const sm::Id&)[m[K’ is deprecated [[01;35m[K-Wdeprecated-copy[m[K]
  180 |         IdTypeName(const sm::Id & id) : sm::Id(id[01;35m[K)[m[K{}                    \
      |                                                  [01;35m[K^[m[K
[01m[K/calibration_ws/src/kalibr/aslam_cv/aslam_cameras/include/aslam/frontend_ids.hpp:9:1:[m[K [01;36m[Knote: [m[Kin expansion of macro ‘[01m[KSM_DEFINE_ID[m[K’
    9 | [01;36m[KSM_DEFINE_ID[m[K (MultiFrameId);
      | [01;36m[K^~~~~~~~~~~~[m[K
[01m[K/calibration_ws/src/kalibr/Schweizer-Messer/sm_common/include/sm/Id.hpp:132:9:[m[K [01;36m[Knote: [m[Kbecause ‘[01m[Ksm::Id[m[K’ has user-provided ‘[01m[Ksm::Id& sm::Id::operator=(const sm::Id&)[m[K’
  132 |     Id& [01;36m[Koperator[m[K= (const Id& other)
      |         [01;36m[K^~~~~~~~[m[K
[01m[K/calibration_ws/src/kalibr/aslam_cv/aslam_cameras/include/aslam/frontend_ids.hpp:[m[K In constructor ‘[01m[Kaslam::FrameId::FrameId(const sm::Id&)[m[K’:
[01m[K/calibration_ws/src/kalibr/Schweizer-Messer/sm_common/include/sm/Id.hpp:180:50:[m[K [01;35m[Kwarning: [m[Kimplicitly-declared ‘[01m[Kconstexpr sm::Id::Id(const sm::Id&)[m[K’ is deprecated [[01;35m[K-Wdeprecated-copy[m[K]
  180 |         IdTypeName(const sm::Id & id) : sm::Id(id[01;35m[K)[m[K{}                    \
      |                                                  [01;35m[K^[m[K
[01m[K/calibration_ws/src/kalibr/aslam_cv/aslam_cameras/include/aslam/frontend_ids.hpp:10:1:[m[K [01;36m[Knote: [m[Kin expansion of macro ‘[01m[KSM_DEFINE_ID[m[K’
   10 | [01;36m[KSM_DEFINE_ID[m[K (FrameId);
      | [01;36m[K^~~~~~~~~~~~[m[K
[01m[K/calibration_ws/src/kalibr/Schweizer-Messer/sm_common/include/sm/Id.hpp:132:9:[m[K [01;36m[Knote: [m[Kbecause ‘[01m[Ksm::Id[m[K’ has user-provided ‘[01m[Ksm::Id& sm::Id::operator=(const sm::Id&)[m[K’
  132 |     Id& [01;36m[Koperator[m[K= (const Id& other)
      |         [01;36m[K^~~~~~~~[m[K
[01m[K/calibration_ws/src/kalibr/aslam_cv/aslam_cameras/include/aslam/frontend_ids.hpp:[m[K In constructor ‘[01m[Kaslam::LandmarkId::LandmarkId(const sm::Id&)[m[K’:
[01m[K/calibration_ws/src/kalibr/Schweizer-Messer/sm_common/include/sm/Id.hpp:180:50:[m[K [01;35m[Kwarning: [m[Kimplicitly-declared ‘[01m[Kconstexpr sm::Id::Id(const sm::Id&)[m[K’ is deprecated [[01;35m[K-Wdeprecated-copy[m[K]
  180 |         IdTypeName(const sm::Id & id) : sm::Id(id[01;35m[K)[m[K{}                    \
      |                                                  [01;35m[K^[m[K
[01m[K/calibration_ws/src/kalibr/aslam_cv/aslam_cameras/include/aslam/frontend_ids.hpp:11:1:[m[K [01;36m[Knote: [m[Kin expansion of macro ‘[01m[KSM_DEFINE_ID[m[K’
   11 | [01;36m[KSM_DEFINE_ID[m[K (LandmarkId);
      | [01;36m[K^~~~~~~~~~~~[m[K
[01m[K/calibration_ws/src/kalibr/Schweizer-Messer/sm_common/include/sm/Id.hpp:132:9:[m[K [01;36m[Knote: [m[Kbecause ‘[01m[Ksm::Id[m[K’ has user-provided ‘[01m[Ksm::Id& sm::Id::operator=(const sm::Id&)[m[K’
  132 |     Id& [01;36m[Koperator[m[K= (const Id& other)
      |         [01;36m[K^~~~~~~~[m[K
In file included from [01m[K/usr/include/boost/detail/endian.hpp:9[m[K,
                 from [01m[K/calibration_ws/src/kalibr/Schweizer-Messer/sm_boost/include/boost/portable_binary_archive.hpp:31[m[K,
                 from [01m[K/calibration_ws/src/kalibr/Schweizer-Messer/sm_boost/include/boost/portable_binary_iarchive.hpp:39[m[K,
                 from [01m[K/calibration_ws/src/kalibr/aslam_cv/aslam_cv_serialization/src/autogen/Camera-MaskedEquidistantDistortedOmniCameraGeometry.cpp:11[m[K:
[01m[K/usr/include/boost/predef/detail/endian_compat.h:[m[K At global scope:
[01m[K/usr/include/boost/predef/detail/endian_compat.h:11:161:[m[K [01;36m[Knote: [m[K#pragma message: The use of BOOST_*_ENDIAN and BOOST_BYTE_ORDER is deprecated. Please include <boost/predef/other/endian.h> and use BOOST_ENDIAN_*_BYTE instead
   11 | #pragma message("The use of BOOST_*_ENDIAN and BOOST_BYTE_ORDER is deprecated. Please include <boost/predef/other/endian.h> and use BOOST_ENDIAN_*_BYTE instead"[01;36m[K)[m[K
      |                                                                                                                                                                 [01;36m[K^[m[K
In file included from [01m[K/usr/include/boost/detail/endian.hpp:9[m[K,
                 from [01m[K/calibration_ws/src/kalibr/Schweizer-Messer/sm_boost/include/boost/portable_binary_archive.hpp:31[m[K,
                 from [01m[K/calibration_ws/src/kalibr/Schweizer-Messer/sm_boost/include/boost/portable_binary_iarchive.hpp:39[m[K,
                 from [01m[K/calibration_ws/src/kalibr/aslam_cv/aslam_cv_serialization/src/autogen/Camera-MaskedDistortedOmniCameraGeometry.cpp:11[m[K:
[01m[K/usr/include/boost/predef/detail/endian_compat.h:[m[K At global scope:
[01m[K/usr/include/boost/predef/detail/endian_compat.h:11:161:[m[K [01;36m[Knote: [m[K#pragma message: The use of BOOST_*_ENDIAN and BOOST_BYTE_ORDER is deprecated. Please include <boost/predef/other/endian.h> and use BOOST_ENDIAN_*_BYTE instead
   11 | #pragma message("The use of BOOST_*_ENDIAN and BOOST_BYTE_ORDER is deprecated. Please include <boost/predef/other/endian.h> and use BOOST_ENDIAN_*_BYTE instead"[01;36m[K)[m[K
      |                                                                                                                                                                 [01;36m[K^[m[K
In file included from [01m[K/usr/include/boost/detail/endian.hpp:9[m[K,
                 from [01m[K/calibration_ws/src/kalibr/Schweizer-Messer/sm_boost/include/boost/portable_binary_archive.hpp:31[m[K,
                 from [01m[K/calibration_ws/src/kalibr/Schweizer-Messer/sm_boost/include/boost/portable_binary_iarchive.hpp:39[m[K,
                 from [01m[K/calibration_ws/src/kalibr/aslam_cv/aslam_cv_serialization/src/autogen/Camera-MaskedOmniCameraGeometry.cpp:11[m[K:
[01m[K/usr/include/boost/predef/detail/endian_compat.h:[m[K At global scope:
[01m[K/usr/include/boost/predef/detail/endian_compat.h:11:161:[m[K [01;36m[Knote: [m[K#pragma message: The use of BOOST_*_ENDIAN and BOOST_BYTE_ORDER is deprecated. Please include <boost/predef/other/endian.h> and use BOOST_ENDIAN_*_BYTE instead
   11 | #pragma message("The use of BOOST_*_ENDIAN and BOOST_BYTE_ORDER is deprecated. Please include <boost/predef/other/endian.h> and use BOOST_ENDIAN_*_BYTE instead"[01;36m[K)[m[K
      |                                                                                                                                                                 [01;36m[K^[m[K
In file included from [01m[K/usr/include/boost/detail/endian.hpp:9[m[K,
                 from [01m[K/calibration_ws/src/kalibr/Schweizer-Messer/sm_boost/include/boost/portable_binary_archive.hpp:31[m[K,
                 from [01m[K/calibration_ws/src/kalibr/Schweizer-Messer/sm_boost/include/boost/portable_binary_iarchive.hpp:39[m[K,
                 from [01m[K/calibration_ws/src/kalibr/aslam_cv/aslam_cv_serialization/src/autogen/Camera-MaskedPinholeRsCameraGeometry.cpp:11[m[K:
[01m[K/usr/include/boost/predef/detail/endian_compat.h:[m[K At global scope:
[01m[K/usr/include/boost/predef/detail/endian_compat.h:11:161:[m[K [01;36m[Knote: [m[K#pragma message: The use of BOOST_*_ENDIAN and BOOST_BYTE_ORDER is deprecated. Please include <boost/predef/other/endian.h> and use BOOST_ENDIAN_*_BYTE instead
   11 | #pragma message("The use of BOOST_*_ENDIAN and BOOST_BYTE_ORDER is deprecated. Please include <boost/predef/other/endian.h> and use BOOST_ENDIAN_*_BYTE instead"[01;36m[K)[m[K
      |                                                                                                                                                                 [01;36m[K^[m[K
In file included from [01m[K/usr/include/boost/detail/endian.hpp:9[m[K,
                 from [01m[K/calibration_ws/src/kalibr/Schweizer-Messer/sm_boost/include/boost/portable_binary_archive.hpp:31[m[K,
                 from [01m[K/calibration_ws/src/kalibr/Schweizer-Messer/sm_boost/include/boost/portable_binary_iarchive.hpp:39[m[K,
                 from [01m[K/calibration_ws/src/kalibr/aslam_cv/aslam_cv_serialization/src/autogen/Camera-MaskedDistortedPinholeRsCameraGeometry.cpp:11[m[K:
[01m[K/usr/include/boost/predef/detail/endian_compat.h:[m[K At global scope:
[01m[K/usr/include/boost/predef/detail/endian_compat.h:11:161:[m[K [01;36m[Knote: [m[K#pragma message: The use of BOOST_*_ENDIAN and BOOST_BYTE_ORDER is deprecated. Please include <boost/predef/other/endian.h> and use BOOST_ENDIAN_*_BYTE instead
   11 | #pragma message("The use of BOOST_*_ENDIAN and BOOST_BYTE_ORDER is deprecated. Please include <boost/predef/other/endian.h> and use BOOST_ENDIAN_*_BYTE instead"[01;36m[K)[m[K
      |                                                                                                                                                                 [01;36m[K^[m[K
[ 84%] [32mBuilding CXX object CMakeFiles/aslam_cv_serialization.dir/src/autogen/Camera-MaskedEquidistantDistortedOmniRsCameraGeometry.cpp.o[0m
[ 87%] [32mBuilding CXX object CMakeFiles/aslam_cv_serialization.dir/src/autogen/Camera-DepthCameraGeometry.cpp.o[0m
In file included from [01m[K/usr/include/boost/detail/endian.hpp:9[m[K,
                 from [01m[K/calibration_ws/src/kalibr/Schweizer-Messer/sm_boost/include/boost/portable_binary_archive.hpp:31[m[K,
                 from [01m[K/calibration_ws/src/kalibr/Schweizer-Messer/sm_boost/include/boost/portable_binary_iarchive.hpp:39[m[K,
                 from [01m[K/calibration_ws/src/kalibr/aslam_cv/aslam_cv_serialization/src/autogen/Camera-MaskedEquidistantDistortedPinholeRsCameraGeometry.cpp:11[m[K:
[01m[K/usr/include/boost/predef/detail/endian_compat.h:[m[K At global scope:
[01m[K/usr/include/boost/predef/detail/endian_compat.h:11:161:[m[K [01;36m[Knote: [m[K#pragma message: The use of BOOST_*_ENDIAN and BOOST_BYTE_ORDER is deprecated. Please include <boost/predef/other/endian.h> and use BOOST_ENDIAN_*_BYTE instead
   11 | #pragma message("The use of BOOST_*_ENDIAN and BOOST_BYTE_ORDER is deprecated. Please include <boost/predef/other/endian.h> and use BOOST_ENDIAN_*_BYTE instead"[01;36m[K)[m[K
      |                                                                                                                                                                 [01;36m[K^[m[K
In file included from [01m[K/usr/include/boost/detail/endian.hpp:9[m[K,
                 from [01m[K/calibration_ws/src/kalibr/Schweizer-Messer/sm_boost/include/boost/portable_binary_archive.hpp:31[m[K,
                 from [01m[K/calibration_ws/src/kalibr/Schweizer-Messer/sm_boost/include/boost/portable_binary_iarchive.hpp:39[m[K,
                 from [01m[K/calibration_ws/src/kalibr/aslam_cv/aslam_cv_serialization/src/autogen/Camera-MaskedOmniRsCameraGeometry.cpp:11[m[K:
[01m[K/usr/include/boost/predef/detail/endian_compat.h:[m[K At global scope:
[01m[K/usr/include/boost/predef/detail/endian_compat.h:11:161:[m[K [01;36m[Knote: [m[K#pragma message: The use of BOOST_*_ENDIAN and BOOST_BYTE_ORDER is deprecated. Please include <boost/predef/other/endian.h> and use BOOST_ENDIAN_*_BYTE instead
   11 | #pragma message("The use of BOOST_*_ENDIAN and BOOST_BYTE_ORDER is deprecated. Please include <boost/predef/other/endian.h> and use BOOST_ENDIAN_*_BYTE instead"[01;36m[K)[m[K
      |                                                                                                                                                                 [01;36m[K^[m[K
In file included from [01m[K/usr/include/boost/detail/endian.hpp:9[m[K,
                 from [01m[K/calibration_ws/src/kalibr/Schweizer-Messer/sm_boost/include/boost/portable_binary_archive.hpp:31[m[K,
                 from [01m[K/calibration_ws/src/kalibr/Schweizer-Messer/sm_boost/include/boost/portable_binary_iarchive.hpp:39[m[K,
                 from [01m[K/calibration_ws/src/kalibr/aslam_cv/aslam_cv_serialization/src/autogen/Camera-MaskedDistortedOmniRsCameraGeometry.cpp:11[m[K:
[01m[K/usr/include/boost/predef/detail/endian_compat.h:[m[K At global scope:
[01m[K/usr/include/boost/predef/detail/endian_compat.h:11:161:[m[K [01;36m[Knote: [m[K#pragma message: The use of BOOST_*_ENDIAN and BOOST_BYTE_ORDER is deprecated. Please include <boost/predef/other/endian.h> and use BOOST_ENDIAN_*_BYTE instead
   11 | #pragma message("The use of BOOST_*_ENDIAN and BOOST_BYTE_ORDER is deprecated. Please include <boost/predef/other/endian.h> and use BOOST_ENDIAN_*_BYTE instead"[01;36m[K)[m[K
      |                                                                                                                                                                 [01;36m[K^[m[K
In file included from [01m[K/calibration_ws/src/kalibr/aslam_cv/aslam_cameras/include/aslam/cameras/CameraGeometryBase.hpp:6[m[K,
                 from [01m[K/calibration_ws/src/kalibr/aslam_cv/aslam_cameras/include/aslam/cameras/CameraGeometry.hpp:4[m[K,
                 from [01m[K/calibration_ws/src/kalibr/aslam_cv/aslam_cameras/include/aslam/cameras.hpp:5[m[K,
                 from [01m[K/calibration_ws/src/kalibr/aslam_cv/aslam_cv_serialization/include/aslam/cameras/CameraBaseSerialization.hpp:15[m[K,
                 from [01m[K/calibration_ws/src/kalibr/aslam_cv/aslam_cv_serialization/src/autogen/Camera-MaskedEquidistantDistortedOmniRsCameraGeometry.cpp:1[m[K:
[01m[K/calibration_ws/src/kalibr/Schweizer-Messer/sm_common/include/sm/Id.hpp:[m[K In member function ‘[01m[Ksm::Id sm::Id::operator++(int)[m[K’:
[01m[K/calibration_ws/src/kalibr/Schweizer-Messer/sm_common/include/sm/Id.hpp:122:14:[m[K [01;35m[Kwarning: [m[Kimplicitly-declared ‘[01m[Kconstexpr sm::Id::Id(const sm::Id&)[m[K’ is deprecated [[01;35m[K-Wdeprecated-copy[m[K]
  122 |       return [01;35m[Krval[m[K;
      |              [01;35m[K^~~~[m[K
[01m[K/calibration_ws/src/kalibr/Schweizer-Messer/sm_common/include/sm/Id.hpp:132:9:[m[K [01;36m[Knote: [m[Kbecause ‘[01m[Ksm::Id[m[K’ has user-provided ‘[01m[Ksm::Id& sm::Id::operator=(const sm::Id&)[m[K’
  132 |     Id& [01;36m[Koperator[m[K= (const Id& other)
      |         [01;36m[K^~~~~~~~[m[K
[01m[K/calibration_ws/src/kalibr/aslam_cv/aslam_cameras/include/aslam/cameras/CameraGeometryBase.hpp:[m[K In constructor ‘[01m[Kaslam::cameras::CameraId::CameraId(const sm::Id&)[m[K’:
[01m[K/calibration_ws/src/kalibr/Schweizer-Messer/sm_common/include/sm/Id.hpp:180:50:[m[K [01;35m[Kwarning: [m[Kimplicitly-declared ‘[01m[Kconstexpr sm::Id::Id(const sm::Id&)[m[K’ is deprecated [[01;35m[K-Wdeprecated-copy[m[K]
  180 |         IdTypeName(const sm::Id & id) : sm::Id(id[01;35m[K)[m[K{}                    \
      |                                                  [01;35m[K^[m[K
[01m[K/calibration_ws/src/kalibr/aslam_cv/aslam_cameras/include/aslam/cameras/CameraGeometryBase.hpp:24:1:[m[K [01;36m[Knote: [m[Kin expansion of macro ‘[01m[KSM_DEFINE_ID[m[K’
   24 | [01;36m[KSM_DEFINE_ID[m[K (CameraId);
      | [01;36m[K^~~~~~~~~~~~[m[K
[01m[K/calibration_ws/src/kalibr/Schweizer-Messer/sm_common/include/sm/Id.hpp:132:9:[m[K [01;36m[Knote: [m[Kbecause ‘[01m[Ksm::Id[m[K’ has user-provided ‘[01m[Ksm::Id& sm::Id::operator=(const sm::Id&)[m[K’
  132 |     Id& [01;36m[Koperator[m[K= (const Id& other)
      |         [01;36m[K^~~~~~~~[m[K
[01m[K/calibration_ws/src/kalibr/aslam_cv/aslam_cameras/include/aslam/frontend_ids.hpp:[m[K In constructor ‘[01m[Kaslam::MultiFrameId::MultiFrameId(const sm::Id&)[m[K’:
[01m[K/calibration_ws/src/kalibr/Schweizer-Messer/sm_common/include/sm/Id.hpp:180:50:[m[K [01;35m[Kwarning: [m[Kimplicitly-declared ‘[01m[Kconstexpr sm::Id::Id(const sm::Id&)[m[K’ is deprecated [[01;35m[K-Wdeprecated-copy[m[K]
  180 |         IdTypeName(const sm::Id & id) : sm::Id(id[01;35m[K)[m[K{}                    \
      |                                                  [01;35m[K^[m[K
[01m[K/calibration_ws/src/kalibr/aslam_cv/aslam_cameras/include/aslam/frontend_ids.hpp:9:1:[m[K [01;36m[Knote: [m[Kin expansion of macro ‘[01m[KSM_DEFINE_ID[m[K’
    9 | [01;36m[KSM_DEFINE_ID[m[K (MultiFrameId);
      | [01;36m[K^~~~~~~~~~~~[m[K
[01m[K/calibration_ws/src/kalibr/Schweizer-Messer/sm_common/include/sm/Id.hpp:132:9:[m[K [01;36m[Knote: [m[Kbecause ‘[01m[Ksm::Id[m[K’ has user-provided ‘[01m[Ksm::Id& sm::Id::operator=(const sm::Id&)[m[K’
  132 |     Id& [01;36m[Koperator[m[K= (const Id& other)
      |         [01;36m[K^~~~~~~~[m[K
[01m[K/calibration_ws/src/kalibr/aslam_cv/aslam_cameras/include/aslam/frontend_ids.hpp:[m[K In constructor ‘[01m[Kaslam::FrameId::FrameId(const sm::Id&)[m[K’:
[01m[K/calibration_ws/src/kalibr/Schweizer-Messer/sm_common/include/sm/Id.hpp:180:50:[m[K [01;35m[Kwarning: [m[Kimplicitly-declared ‘[01m[Kconstexpr sm::Id::Id(const sm::Id&)[m[K’ is deprecated [[01;35m[K-Wdeprecated-copy[m[K]
  180 |         IdTypeName(const sm::Id & id) : sm::Id(id[01;35m[K)[m[K{}                    \
      |                                                  [01;35m[K^[m[K
[01m[K/calibration_ws/src/kalibr/aslam_cv/aslam_cameras/include/aslam/frontend_ids.hpp:10:1:[m[K [01;36m[Knote: [m[Kin expansion of macro ‘[01m[KSM_DEFINE_ID[m[K’
   10 | [01;36m[KSM_DEFINE_ID[m[K (FrameId);
      | [01;36m[K^~~~~~~~~~~~[m[K
[01m[K/calibration_ws/src/kalibr/Schweizer-Messer/sm_common/include/sm/Id.hpp:132:9:[m[K [01;36m[Knote: [m[Kbecause ‘[01m[Ksm::Id[m[K’ has user-provided ‘[01m[Ksm::Id& sm::Id::operator=(const sm::Id&)[m[K’
  132 |     Id& [01;36m[Koperator[m[K= (const Id& other)
      |         [01;36m[K^~~~~~~~[m[K
[01m[K/calibration_ws/src/kalibr/aslam_cv/aslam_cameras/include/aslam/frontend_ids.hpp:[m[K In constructor ‘[01m[Kaslam::LandmarkId::LandmarkId(const sm::Id&)[m[K’:
[01m[K/calibration_ws/src/kalibr/Schweizer-Messer/sm_common/include/sm/Id.hpp:180:50:[m[K [01;35m[Kwarning: [m[Kimplicitly-declared ‘[01m[Kconstexpr sm::Id::Id(const sm::Id&)[m[K’ is deprecated [[01;35m[K-Wdeprecated-copy[m[K]
  180 |         IdTypeName(const sm::Id & id) : sm::Id(id[01;35m[K)[m[K{}                    \
      |                                                  [01;35m[K^[m[K
[01m[K/calibration_ws/src/kalibr/aslam_cv/aslam_cameras/include/aslam/frontend_ids.hpp:11:1:[m[K [01;36m[Knote: [m[Kin expansion of macro ‘[01m[KSM_DEFINE_ID[m[K’
   11 | [01;36m[KSM_DEFINE_ID[m[K (LandmarkId);
      | [01;36m[K^~~~~~~~~~~~[m[K
[01m[K/calibration_ws/src/kalibr/Schweizer-Messer/sm_common/include/sm/Id.hpp:132:9:[m[K [01;36m[Knote: [m[Kbecause ‘[01m[Ksm::Id[m[K’ has user-provided ‘[01m[Ksm::Id& sm::Id::operator=(const sm::Id&)[m[K’
  132 |     Id& [01;36m[Koperator[m[K= (const Id& other)
      |         [01;36m[K^~~~~~~~[m[K
In file included from [01m[K/calibration_ws/src/kalibr/aslam_cv/aslam_cameras/include/aslam/cameras/CameraGeometryBase.hpp:6[m[K,
                 from [01m[K/calibration_ws/src/kalibr/aslam_cv/aslam_cameras/include/aslam/cameras/CameraGeometry.hpp:4[m[K,
                 from [01m[K/calibration_ws/src/kalibr/aslam_cv/aslam_cameras/include/aslam/cameras.hpp:5[m[K,
                 from [01m[K/calibration_ws/src/kalibr/aslam_cv/aslam_cv_serialization/include/aslam/cameras/CameraBaseSerialization.hpp:15[m[K,
                 from [01m[K/calibration_ws/src/kalibr/aslam_cv/aslam_cv_serialization/src/autogen/Camera-DepthCameraGeometry.cpp:1[m[K:
[01m[K/calibration_ws/src/kalibr/Schweizer-Messer/sm_common/include/sm/Id.hpp:[m[K In member function ‘[01m[Ksm::Id sm::Id::operator++(int)[m[K’:
[01m[K/calibration_ws/src/kalibr/Schweizer-Messer/sm_common/include/sm/Id.hpp:122:14:[m[K [01;35m[Kwarning: [m[Kimplicitly-declared ‘[01m[Kconstexpr sm::Id::Id(const sm::Id&)[m[K’ is deprecated [[01;35m[K-Wdeprecated-copy[m[K]
  122 |       return [01;35m[Krval[m[K;
      |              [01;35m[K^~~~[m[K
[01m[K/calibration_ws/src/kalibr/Schweizer-Messer/sm_common/include/sm/Id.hpp:132:9:[m[K [01;36m[Knote: [m[Kbecause ‘[01m[Ksm::Id[m[K’ has user-provided ‘[01m[Ksm::Id& sm::Id::operator=(const sm::Id&)[m[K’
  132 |     Id& [01;36m[Koperator[m[K= (const Id& other)
      |         [01;36m[K^~~~~~~~[m[K
[01m[K/calibration_ws/src/kalibr/aslam_cv/aslam_cameras/include/aslam/cameras/CameraGeometryBase.hpp:[m[K In constructor ‘[01m[Kaslam::cameras::CameraId::CameraId(const sm::Id&)[m[K’:
[01m[K/calibration_ws/src/kalibr/Schweizer-Messer/sm_common/include/sm/Id.hpp:180:50:[m[K [01;35m[Kwarning: [m[Kimplicitly-declared ‘[01m[Kconstexpr sm::Id::Id(const sm::Id&)[m[K’ is deprecated [[01;35m[K-Wdeprecated-copy[m[K]
  180 |         IdTypeName(const sm::Id & id) : sm::Id(id[01;35m[K)[m[K{}                    \
      |                                                  [01;35m[K^[m[K
[01m[K/calibration_ws/src/kalibr/aslam_cv/aslam_cameras/include/aslam/cameras/CameraGeometryBase.hpp:24:1:[m[K [01;36m[Knote: [m[Kin expansion of macro ‘[01m[KSM_DEFINE_ID[m[K’
   24 | [01;36m[KSM_DEFINE_ID[m[K (CameraId);
      | [01;36m[K^~~~~~~~~~~~[m[K
[01m[K/calibration_ws/src/kalibr/Schweizer-Messer/sm_common/include/sm/Id.hpp:132:9:[m[K [01;36m[Knote: [m[Kbecause ‘[01m[Ksm::Id[m[K’ has user-provided ‘[01m[Ksm::Id& sm::Id::operator=(const sm::Id&)[m[K’
  132 |     Id& [01;36m[Koperator[m[K= (const Id& other)
      |         [01;36m[K^~~~~~~~[m[K
[ 90%] [32mBuilding CXX object CMakeFiles/aslam_cv_serialization.dir/src/autogen/Camera-DistortedDepthCameraGeometry.cpp.o[0m
[01m[K/calibration_ws/src/kalibr/aslam_cv/aslam_cameras/include/aslam/frontend_ids.hpp:[m[K In constructor ‘[01m[Kaslam::MultiFrameId::MultiFrameId(const sm::Id&)[m[K’:
[01m[K/calibration_ws/src/kalibr/Schweizer-Messer/sm_common/include/sm/Id.hpp:180:50:[m[K [01;35m[Kwarning: [m[Kimplicitly-declared ‘[01m[Kconstexpr sm::Id::Id(const sm::Id&)[m[K’ is deprecated [[01;35m[K-Wdeprecated-copy[m[K]
  180 |         IdTypeName(const sm::Id & id) : sm::Id(id[01;35m[K)[m[K{}                    \
      |                                                  [01;35m[K^[m[K
[01m[K/calibration_ws/src/kalibr/aslam_cv/aslam_cameras/include/aslam/frontend_ids.hpp:9:1:[m[K [01;36m[Knote: [m[Kin expansion of macro ‘[01m[KSM_DEFINE_ID[m[K’
    9 | [01;36m[KSM_DEFINE_ID[m[K (MultiFrameId);
      | [01;36m[K^~~~~~~~~~~~[m[K
[01m[K/calibration_ws/src/kalibr/Schweizer-Messer/sm_common/include/sm/Id.hpp:132:9:[m[K [01;36m[Knote: [m[Kbecause ‘[01m[Ksm::Id[m[K’ has user-provided ‘[01m[Ksm::Id& sm::Id::operator=(const sm::Id&)[m[K’
  132 |     Id& [01;36m[Koperator[m[K= (const Id& other)
      |         [01;36m[K^~~~~~~~[m[K
[01m[K/calibration_ws/src/kalibr/aslam_cv/aslam_cameras/include/aslam/frontend_ids.hpp:[m[K In constructor ‘[01m[Kaslam::FrameId::FrameId(const sm::Id&)[m[K’:
[01m[K/calibration_ws/src/kalibr/Schweizer-Messer/sm_common/include/sm/Id.hpp:180:50:[m[K [01;35m[Kwarning: [m[Kimplicitly-declared ‘[01m[Kconstexpr sm::Id::Id(const sm::Id&)[m[K’ is deprecated [[01;35m[K-Wdeprecated-copy[m[K]
  180 |         IdTypeName(const sm::Id & id) : sm::Id(id[01;35m[K)[m[K{}                    \
      |                                                  [01;35m[K^[m[K
[01m[K/calibration_ws/src/kalibr/aslam_cv/aslam_cameras/include/aslam/frontend_ids.hpp:10:1:[m[K [01;36m[Knote: [m[Kin expansion of macro ‘[01m[KSM_DEFINE_ID[m[K’
   10 | [01;36m[KSM_DEFINE_ID[m[K (FrameId);
      | [01;36m[K^~~~~~~~~~~~[m[K
[01m[K/calibration_ws/src/kalibr/Schweizer-Messer/sm_common/include/sm/Id.hpp:132:9:[m[K [01;36m[Knote: [m[Kbecause ‘[01m[Ksm::Id[m[K’ has user-provided ‘[01m[Ksm::Id& sm::Id::operator=(const sm::Id&)[m[K’
  132 |     Id& [01;36m[Koperator[m[K= (const Id& other)
      |         [01;36m[K^~~~~~~~[m[K
[01m[K/calibration_ws/src/kalibr/aslam_cv/aslam_cameras/include/aslam/frontend_ids.hpp:[m[K In constructor ‘[01m[Kaslam::LandmarkId::LandmarkId(const sm::Id&)[m[K’:
[01m[K/calibration_ws/src/kalibr/Schweizer-Messer/sm_common/include/sm/Id.hpp:180:50:[m[K [01;35m[Kwarning: [m[Kimplicitly-declared ‘[01m[Kconstexpr sm::Id::Id(const sm::Id&)[m[K’ is deprecated [[01;35m[K-Wdeprecated-copy[m[K]
  180 |         IdTypeName(const sm::Id & id) : sm::Id(id[01;35m[K)[m[K{}                    \
      |                                                  [01;35m[K^[m[K
[01m[K/calibration_ws/src/kalibr/aslam_cv/aslam_cameras/include/aslam/frontend_ids.hpp:11:1:[m[K [01;36m[Knote: [m[Kin expansion of macro ‘[01m[KSM_DEFINE_ID[m[K’
   11 | [01;36m[KSM_DEFINE_ID[m[K (LandmarkId);
      | [01;36m[K^~~~~~~~~~~~[m[K
[01m[K/calibration_ws/src/kalibr/Schweizer-Messer/sm_common/include/sm/Id.hpp:132:9:[m[K [01;36m[Knote: [m[Kbecause ‘[01m[Ksm::Id[m[K’ has user-provided ‘[01m[Ksm::Id& sm::Id::operator=(const sm::Id&)[m[K’
  132 |     Id& [01;36m[Koperator[m[K= (const Id& other)
      |         [01;36m[K^~~~~~~~[m[K
In file included from [01m[K/usr/include/boost/detail/endian.hpp:9[m[K,
                 from [01m[K/calibration_ws/src/kalibr/Schweizer-Messer/sm_boost/include/boost/portable_binary_archive.hpp:31[m[K,
                 from [01m[K/calibration_ws/src/kalibr/Schweizer-Messer/sm_boost/include/boost/portable_binary_iarchive.hpp:39[m[K,
                 from [01m[K/calibration_ws/src/kalibr/aslam_cv/aslam_cv_serialization/src/autogen/Camera-MaskedEquidistantDistortedOmniRsCameraGeometry.cpp:11[m[K:
[01m[K/usr/include/boost/predef/detail/endian_compat.h:[m[K At global scope:
[01m[K/usr/include/boost/predef/detail/endian_compat.h:11:161:[m[K [01;36m[Knote: [m[K#pragma message: The use of BOOST_*_ENDIAN and BOOST_BYTE_ORDER is deprecated. Please include <boost/predef/other/endian.h> and use BOOST_ENDIAN_*_BYTE instead
   11 | #pragma message("The use of BOOST_*_ENDIAN and BOOST_BYTE_ORDER is deprecated. Please include <boost/predef/other/endian.h> and use BOOST_ENDIAN_*_BYTE instead"[01;36m[K)[m[K
      |                                                                                                                                                                 [01;36m[K^[m[K
In file included from [01m[K/usr/include/boost/detail/endian.hpp:9[m[K,
                 from [01m[K/calibration_ws/src/kalibr/Schweizer-Messer/sm_boost/include/boost/portable_binary_archive.hpp:31[m[K,
                 from [01m[K/calibration_ws/src/kalibr/Schweizer-Messer/sm_boost/include/boost/portable_binary_iarchive.hpp:39[m[K,
                 from [01m[K/calibration_ws/src/kalibr/aslam_cv/aslam_cv_serialization/src/autogen/Camera-DepthCameraGeometry.cpp:11[m[K:
[01m[K/usr/include/boost/predef/detail/endian_compat.h:[m[K At global scope:
[01m[K/usr/include/boost/predef/detail/endian_compat.h:11:161:[m[K [01;36m[Knote: [m[K#pragma message: The use of BOOST_*_ENDIAN and BOOST_BYTE_ORDER is deprecated. Please include <boost/predef/other/endian.h> and use BOOST_ENDIAN_*_BYTE instead
   11 | #pragma message("The use of BOOST_*_ENDIAN and BOOST_BYTE_ORDER is deprecated. Please include <boost/predef/other/endian.h> and use BOOST_ENDIAN_*_BYTE instead"[01;36m[K)[m[K
      |                                                                                                                                                                 [01;36m[K^[m[K
In file included from [01m[K/calibration_ws/src/kalibr/aslam_cv/aslam_cameras/include/aslam/cameras/CameraGeometryBase.hpp:6[m[K,
                 from [01m[K/calibration_ws/src/kalibr/aslam_cv/aslam_cameras/include/aslam/cameras/CameraGeometry.hpp:4[m[K,
                 from [01m[K/calibration_ws/src/kalibr/aslam_cv/aslam_cameras/include/aslam/cameras.hpp:5[m[K,
                 from [01m[K/calibration_ws/src/kalibr/aslam_cv/aslam_cv_serialization/include/aslam/cameras/CameraBaseSerialization.hpp:15[m[K,
                 from [01m[K/calibration_ws/src/kalibr/aslam_cv/aslam_cv_serialization/src/autogen/Camera-DistortedDepthCameraGeometry.cpp:1[m[K:
[01m[K/calibration_ws/src/kalibr/Schweizer-Messer/sm_common/include/sm/Id.hpp:[m[K In member function ‘[01m[Ksm::Id sm::Id::operator++(int)[m[K’:
[01m[K/calibration_ws/src/kalibr/Schweizer-Messer/sm_common/include/sm/Id.hpp:122:14:[m[K [01;35m[Kwarning: [m[Kimplicitly-declared ‘[01m[Kconstexpr sm::Id::Id(const sm::Id&)[m[K’ is deprecated [[01;35m[K-Wdeprecated-copy[m[K]
  122 |       return [01;35m[Krval[m[K;
      |              [01;35m[K^~~~[m[K
[01m[K/calibration_ws/src/kalibr/Schweizer-Messer/sm_common/include/sm/Id.hpp:132:9:[m[K [01;36m[Knote: [m[Kbecause ‘[01m[Ksm::Id[m[K’ has user-provided ‘[01m[Ksm::Id& sm::Id::operator=(const sm::Id&)[m[K’
  132 |     Id& [01;36m[Koperator[m[K= (const Id& other)
      |         [01;36m[K^~~~~~~~[m[K
[01m[K/calibration_ws/src/kalibr/aslam_cv/aslam_cameras/include/aslam/cameras/CameraGeometryBase.hpp:[m[K In constructor ‘[01m[Kaslam::cameras::CameraId::CameraId(const sm::Id&)[m[K’:
[01m[K/calibration_ws/src/kalibr/Schweizer-Messer/sm_common/include/sm/Id.hpp:180:50:[m[K [01;35m[Kwarning: [m[Kimplicitly-declared ‘[01m[Kconstexpr sm::Id::Id(const sm::Id&)[m[K’ is deprecated [[01;35m[K-Wdeprecated-copy[m[K]
  180 |         IdTypeName(const sm::Id & id) : sm::Id(id[01;35m[K)[m[K{}                    \
      |                                                  [01;35m[K^[m[K
[01m[K/calibration_ws/src/kalibr/aslam_cv/aslam_cameras/include/aslam/cameras/CameraGeometryBase.hpp:24:1:[m[K [01;36m[Knote: [m[Kin expansion of macro ‘[01m[KSM_DEFINE_ID[m[K’
   24 | [01;36m[KSM_DEFINE_ID[m[K (CameraId);
      | [01;36m[K^~~~~~~~~~~~[m[K
[01m[K/calibration_ws/src/kalibr/Schweizer-Messer/sm_common/include/sm/Id.hpp:132:9:[m[K [01;36m[Knote: [m[Kbecause ‘[01m[Ksm::Id[m[K’ has user-provided ‘[01m[Ksm::Id& sm::Id::operator=(const sm::Id&)[m[K’
  132 |     Id& [01;36m[Koperator[m[K= (const Id& other)
      |         [01;36m[K^~~~~~~~[m[K
[01m[K/calibration_ws/src/kalibr/aslam_cv/aslam_cameras/include/aslam/frontend_ids.hpp:[m[K In constructor ‘[01m[Kaslam::MultiFrameId::MultiFrameId(const sm::Id&)[m[K’:
[01m[K/calibration_ws/src/kalibr/Schweizer-Messer/sm_common/include/sm/Id.hpp:180:50:[m[K [01;35m[Kwarning: [m[Kimplicitly-declared ‘[01m[Kconstexpr sm::Id::Id(const sm::Id&)[m[K’ is deprecated [[01;35m[K-Wdeprecated-copy[m[K]
  180 |         IdTypeName(const sm::Id & id) : sm::Id(id[01;35m[K)[m[K{}                    \
      |                                                  [01;35m[K^[m[K
[01m[K/calibration_ws/src/kalibr/aslam_cv/aslam_cameras/include/aslam/frontend_ids.hpp:9:1:[m[K [01;36m[Knote: [m[Kin expansion of macro ‘[01m[KSM_DEFINE_ID[m[K’
    9 | [01;36m[KSM_DEFINE_ID[m[K (MultiFrameId);
      | [01;36m[K^~~~~~~~~~~~[m[K
[01m[K/calibration_ws/src/kalibr/Schweizer-Messer/sm_common/include/sm/Id.hpp:132:9:[m[K [01;36m[Knote: [m[Kbecause ‘[01m[Ksm::Id[m[K’ has user-provided ‘[01m[Ksm::Id& sm::Id::operator=(const sm::Id&)[m[K’
  132 |     Id& [01;36m[Koperator[m[K= (const Id& other)
      |         [01;36m[K^~~~~~~~[m[K
[01m[K/calibration_ws/src/kalibr/aslam_cv/aslam_cameras/include/aslam/frontend_ids.hpp:[m[K In constructor ‘[01m[Kaslam::FrameId::FrameId(const sm::Id&)[m[K’:
[01m[K/calibration_ws/src/kalibr/Schweizer-Messer/sm_common/include/sm/Id.hpp:180:50:[m[K [01;35m[Kwarning: [m[Kimplicitly-declared ‘[01m[Kconstexpr sm::Id::Id(const sm::Id&)[m[K’ is deprecated [[01;35m[K-Wdeprecated-copy[m[K]
  180 |         IdTypeName(const sm::Id & id) : sm::Id(id[01;35m[K)[m[K{}                    \
      |                                                  [01;35m[K^[m[K
[01m[K/calibration_ws/src/kalibr/aslam_cv/aslam_cameras/include/aslam/frontend_ids.hpp:10:1:[m[K [01;36m[Knote: [m[Kin expansion of macro ‘[01m[KSM_DEFINE_ID[m[K’
   10 | [01;36m[KSM_DEFINE_ID[m[K (FrameId);
      | [01;36m[K^~~~~~~~~~~~[m[K
[01m[K/calibration_ws/src/kalibr/Schweizer-Messer/sm_common/include/sm/Id.hpp:132:9:[m[K [01;36m[Knote: [m[Kbecause ‘[01m[Ksm::Id[m[K’ has user-provided ‘[01m[Ksm::Id& sm::Id::operator=(const sm::Id&)[m[K’
  132 |     Id& [01;36m[Koperator[m[K= (const Id& other)
      |         [01;36m[K^~~~~~~~[m[K
[01m[K/calibration_ws/src/kalibr/aslam_cv/aslam_cameras/include/aslam/frontend_ids.hpp:[m[K In constructor ‘[01m[Kaslam::LandmarkId::LandmarkId(const sm::Id&)[m[K’:
[01m[K/calibration_ws/src/kalibr/Schweizer-Messer/sm_common/include/sm/Id.hpp:180:50:[m[K [01;35m[Kwarning: [m[Kimplicitly-declared ‘[01m[Kconstexpr sm::Id::Id(const sm::Id&)[m[K’ is deprecated [[01;35m[K-Wdeprecated-copy[m[K]
  180 |         IdTypeName(const sm::Id & id) : sm::Id(id[01;35m[K)[m[K{}                    \
      |                                                  [01;35m[K^[m[K
[01m[K/calibration_ws/src/kalibr/aslam_cv/aslam_cameras/include/aslam/frontend_ids.hpp:11:1:[m[K [01;36m[Knote: [m[Kin expansion of macro ‘[01m[KSM_DEFINE_ID[m[K’
   11 | [01;36m[KSM_DEFINE_ID[m[K (LandmarkId);
      | [01;36m[K^~~~~~~~~~~~[m[K
[01m[K/calibration_ws/src/kalibr/Schweizer-Messer/sm_common/include/sm/Id.hpp:132:9:[m[K [01;36m[Knote: [m[Kbecause ‘[01m[Ksm::Id[m[K’ has user-provided ‘[01m[Ksm::Id& sm::Id::operator=(const sm::Id&)[m[K’
  132 |     Id& [01;36m[Koperator[m[K= (const Id& other)
      |         [01;36m[K^~~~~~~~[m[K
In file included from [01m[K/usr/include/boost/detail/endian.hpp:9[m[K,
                 from [01m[K/calibration_ws/src/kalibr/Schweizer-Messer/sm_boost/include/boost/portable_binary_archive.hpp:31[m[K,
                 from [01m[K/calibration_ws/src/kalibr/Schweizer-Messer/sm_boost/include/boost/portable_binary_iarchive.hpp:39[m[K,
                 from [01m[K/calibration_ws/src/kalibr/aslam_cv/aslam_cv_serialization/src/autogen/Camera-DistortedDepthCameraGeometry.cpp:11[m[K:
[01m[K/usr/include/boost/predef/detail/endian_compat.h:[m[K At global scope:
[01m[K/usr/include/boost/predef/detail/endian_compat.h:11:161:[m[K [01;36m[Knote: [m[K#pragma message: The use of BOOST_*_ENDIAN and BOOST_BYTE_ORDER is deprecated. Please include <boost/predef/other/endian.h> and use BOOST_ENDIAN_*_BYTE instead
   11 | #pragma message("The use of BOOST_*_ENDIAN and BOOST_BYTE_ORDER is deprecated. Please include <boost/predef/other/endian.h> and use BOOST_ENDIAN_*_BYTE instead"[01;36m[K)[m[K
      |                                                                                                                                                                 [01;36m[K^[m[K
[ 93%] [32mBuilding CXX object CMakeFiles/aslam_cv_serialization.dir/src/autogen/Camera-EquidistantDistortedDepthCameraGeometry.cpp.o[0m
[ 96%] [32mBuilding CXX object CMakeFiles/aslam_cv_serialization.dir/src/FrameBaseSerialization.cpp.o[0m
In file included from [01m[K/usr/include/eigen3/Eigen/Core:440[m[K,
                 from [01m[K/calibration_ws/src/kalibr/aslam_cv/aslam_cameras/include/aslam/cameras/CameraGeometryBase.hpp:4[m[K,
                 from [01m[K/calibration_ws/src/kalibr/aslam_cv/aslam_cameras/include/aslam/cameras/CameraGeometry.hpp:4[m[K,
                 from [01m[K/calibration_ws/src/kalibr/aslam_cv/aslam_cameras/include/aslam/cameras.hpp:5[m[K,
                 from [01m[K/calibration_ws/src/kalibr/aslam_cv/aslam_cv_serialization/include/aslam/cameras/CameraBaseSerialization.hpp:15[m[K,
                 from [01m[K/calibration_ws/src/kalibr/aslam_cv/aslam_cv_serialization/src/autogen/Camera-DepthCameraGeometry.cpp:1[m[K:
[01m[K/usr/include/eigen3/Eigen/src/Core/CoreEvaluators.h:[m[K In function ‘[01m[Kvoid aslam::doBackProjectionWithUncertainty(FRAME_T&) [with FRAME_T = aslam::Frame<aslam::cameras::CameraGeometry<aslam::cameras::DepthProjection<aslam::cameras::NoDistortion>, aslam::cameras::GlobalShutter, aslam::cameras::NoMask> >][m[K’:
[01m[K/usr/include/eigen3/Eigen/src/Core/CoreEvaluators.h:834:56:[m[K [01;35m[Kwarning: [m[K‘[01m[K*((void*)& Jb +64)[m[K’ may be used uninitialized in this function [[01;35m[K-Wmaybe-uninitialized[m[K]
  834 |     return m_data[col * colStride() + row * rowStride()[01;35m[K][m[K;
      |                                                        [01;35m[K^[m[K
[01m[K/usr/include/eigen3/Eigen/src/Core/CoreEvaluators.h:834:56:[m[K [01;35m[Kwarning: [m[K‘[01m[K*((void*)& Jb +40)[m[K’ may be used uninitialized in this function [[01;35m[K-Wmaybe-uninitialized[m[K]
  834 |     return m_data[col * colStride() + row * rowStride()[01;35m[K][m[K;
      |                                                        [01;35m[K^[m[K
[01m[K/usr/include/eigen3/Eigen/src/Core/CoreEvaluators.h:834:56:[m[K [01;35m[Kwarning: [m[K‘[01m[K*((void*)& Jb +16)[m[K’ may be used uninitialized in this function [[01;35m[K-Wmaybe-uninitialized[m[K]
  834 |     return m_data[col * colStride() + row * rowStride()[01;35m[K][m[K;
      |                                                        [01;35m[K^[m[K
In file included from [01m[K/usr/include/eigen3/Eigen/Core:493[m[K,
                 from [01m[K/calibration_ws/src/kalibr/aslam_cv/aslam_cameras/include/aslam/cameras/CameraGeometryBase.hpp:4[m[K,
                 from [01m[K/calibration_ws/src/kalibr/aslam_cv/aslam_cameras/include/aslam/cameras/CameraGeometry.hpp:4[m[K,
                 from [01m[K/calibration_ws/src/kalibr/aslam_cv/aslam_cameras/include/aslam/cameras.hpp:5[m[K,
                 from [01m[K/calibration_ws/src/kalibr/aslam_cv/aslam_cv_serialization/include/aslam/cameras/CameraBaseSerialization.hpp:15[m[K,
                 from [01m[K/calibration_ws/src/kalibr/aslam_cv/aslam_cv_serialization/src/autogen/Camera-DepthCameraGeometry.cpp:1[m[K:
[01m[K/usr/include/eigen3/Eigen/src/Core/ProductEvaluators.h:649:82:[m[K [01;35m[Kwarning: [m[K‘[01m[KJb[m[K’ may be used uninitialized in this function [[01;35m[K-Wmaybe-uninitialized[m[K]
  649 |     res = pmul(lhs.template packet<LoadMode,Packet>(row, Index(0)), [01;35m[Kpset1<Packet>(rhs.coeff(Index(0), col))[m[K);
      |                                                                     [01;35m[K~~~~~~~~~~~~~^~~~~~~~~~~~~~~~~~~~~~~~~~[m[K
[01m[K/usr/include/eigen3/Eigen/src/Core/ProductEvaluators.h:631:99:[m[K [01;35m[Kwarning: [m[K‘[01m[K*((void*)& Jb +24)[m[K’ may be used uninitialized in this function [[01;35m[K-Wmaybe-uninitialized[m[K]
  631 |     res =  pmadd(lhs.template packet<LoadMode,Packet>(row, Index(UnrollingIndex-1)), [01;35m[Kpset1<Packet>(rhs.coeff(Index(UnrollingIndex-1), col))[m[K, res);
      |                                                                                      [01;35m[K~~~~~~~~~~~~~^~~~~~~~~~~~~~~~~~~~~~~~~~~~~~~~~~~~~~~~~[m[K
[01m[K/usr/include/eigen3/Eigen/src/Core/ProductEvaluators.h:631:99:[m[K [01;35m[Kwarning: [m[K‘[01m[K*((void*)& Jb +48)[m[K’ may be used uninitialized in this function [[01;35m[K-Wmaybe-uninitialized[m[K]
  631 |     res =  pmadd(lhs.template packet<LoadMode,Packet>(row, Index(UnrollingIndex-1)), [01;35m[Kpset1<Packet>(rhs.coeff(Index(UnrollingIndex-1), col))[m[K, res);
      |                                                                                      [01;35m[K~~~~~~~~~~~~~^~~~~~~~~~~~~~~~~~~~~~~~~~~~~~~~~~~~~~~~~[m[K
[01m[K/usr/include/eigen3/Eigen/src/Core/ProductEvaluators.h:649:82:[m[K [01;35m[Kwarning: [m[K‘[01m[K*((void*)& Jb +8)[m[K’ may be used uninitialized in this function [[01;35m[K-Wmaybe-uninitialized[m[K]
  649 |     res = pmul(lhs.template packet<LoadMode,Packet>(row, Index(0)), [01;35m[Kpset1<Packet>(rhs.coeff(Index(0), col))[m[K);
      |                                                                     [01;35m[K~~~~~~~~~~~~~^~~~~~~~~~~~~~~~~~~~~~~~~~[m[K
[01m[K/usr/include/eigen3/Eigen/src/Core/ProductEvaluators.h:631:99:[m[K [01;35m[Kwarning: [m[K‘[01m[K*((void*)& Jb +32)[m[K’ may be used uninitialized in this function [[01;35m[K-Wmaybe-uninitialized[m[K]
  631 |     res =  pmadd(lhs.template packet<LoadMode,Packet>(row, Index(UnrollingIndex-1)), [01;35m[Kpset1<Packet>(rhs.coeff(Index(UnrollingIndex-1), col))[m[K, res);
      |                                                                                      [01;35m[K~~~~~~~~~~~~~^~~~~~~~~~~~~~~~~~~~~~~~~~~~~~~~~~~~~~~~~[m[K
[01m[K/usr/include/eigen3/Eigen/src/Core/ProductEvaluators.h:631:99:[m[K [01;35m[Kwarning: [m[K‘[01m[K*((void*)& Jb +56)[m[K’ may be used uninitialized in this function [[01;35m[K-Wmaybe-uninitialized[m[K]
  631 |     res =  pmadd(lhs.template packet<LoadMode,Packet>(row, Index(UnrollingIndex-1)), [01;35m[Kpset1<Packet>(rhs.coeff(Index(UnrollingIndex-1), col))[m[K, res);
      |                                                                                      [01;35m[K~~~~~~~~~~~~~^~~~~~~~~~~~~~~~~~~~~~~~~~~~~~~~~~~~~~~~~[m[K
In file included from [01m[K/usr/include/eigen3/Eigen/Core:450[m[K,
                 from [01m[K/calibration_ws/src/kalibr/aslam_cv/aslam_cameras/include/aslam/cameras/CameraGeometryBase.hpp:4[m[K,
                 from [01m[K/calibration_ws/src/kalibr/aslam_cv/aslam_cameras/include/aslam/cameras/CameraGeometry.hpp:4[m[K,
                 from [01m[K/calibration_ws/src/kalibr/aslam_cv/aslam_cameras/include/aslam/cameras.hpp:5[m[K,
                 from [01m[K/calibration_ws/src/kalibr/aslam_cv/aslam_cv_serialization/include/aslam/cameras/CameraBaseSerialization.hpp:15[m[K,
                 from [01m[K/calibration_ws/src/kalibr/aslam_cv/aslam_cv_serialization/src/autogen/Camera-DepthCameraGeometry.cpp:1[m[K:
[01m[K/usr/include/eigen3/Eigen/src/Core/DenseStorage.h:194:66:[m[K [01;35m[Kwarning: [m[K‘[01m[Kbp.Eigen::DenseStorage<double, 3, 3, 1, 0>::m_data[m[K’ may be used uninitialized in this function [[01;35m[K-Wmaybe-uninitialized[m[K]
  194 |     DenseStorage(const DenseStorage& other) : m_data(other.m_data[01;35m[K)[m[K {
      |                                                                  [01;35m[K^[m[K
In file included from [01m[K/calibration_ws/src/kalibr/aslam_cv/aslam_cameras/include/aslam/cameras/CameraGeometryBase.hpp:6[m[K,
                 from [01m[K/calibration_ws/src/kalibr/aslam_cv/aslam_cameras/include/aslam/cameras/CameraGeometry.hpp:4[m[K,
                 from [01m[K/calibration_ws/src/kalibr/aslam_cv/aslam_cameras/include/aslam/cameras.hpp:5[m[K,
                 from [01m[K/calibration_ws/src/kalibr/aslam_cv/aslam_cv_serialization/include/aslam/cameras/CameraBaseSerialization.hpp:15[m[K,
                 from [01m[K/calibration_ws/src/kalibr/aslam_cv/aslam_cv_serialization/src/autogen/Camera-EquidistantDistortedDepthCameraGeometry.cpp:1[m[K:
[01m[K/calibration_ws/src/kalibr/Schweizer-Messer/sm_common/include/sm/Id.hpp:[m[K In member function ‘[01m[Ksm::Id sm::Id::operator++(int)[m[K’:
[01m[K/calibration_ws/src/kalibr/Schweizer-Messer/sm_common/include/sm/Id.hpp:122:14:[m[K [01;35m[Kwarning: [m[Kimplicitly-declared ‘[01m[Kconstexpr sm::Id::Id(const sm::Id&)[m[K’ is deprecated [[01;35m[K-Wdeprecated-copy[m[K]
  122 |       return [01;35m[Krval[m[K;
      |              [01;35m[K^~~~[m[K
[01m[K/calibration_ws/src/kalibr/Schweizer-Messer/sm_common/include/sm/Id.hpp:132:9:[m[K [01;36m[Knote: [m[Kbecause ‘[01m[Ksm::Id[m[K’ has user-provided ‘[01m[Ksm::Id& sm::Id::operator=(const sm::Id&)[m[K’
  132 |     Id& [01;36m[Koperator[m[K= (const Id& other)
      |         [01;36m[K^~~~~~~~[m[K
[01m[K/calibration_ws/src/kalibr/aslam_cv/aslam_cameras/include/aslam/cameras/CameraGeometryBase.hpp:[m[K In constructor ‘[01m[Kaslam::cameras::CameraId::CameraId(const sm::Id&)[m[K’:
[01m[K/calibration_ws/src/kalibr/Schweizer-Messer/sm_common/include/sm/Id.hpp:180:50:[m[K [01;35m[Kwarning: [m[Kimplicitly-declared ‘[01m[Kconstexpr sm::Id::Id(const sm::Id&)[m[K’ is deprecated [[01;35m[K-Wdeprecated-copy[m[K]
  180 |         IdTypeName(const sm::Id & id) : sm::Id(id[01;35m[K)[m[K{}                    \
      |                                                  [01;35m[K^[m[K
[01m[K/calibration_ws/src/kalibr/aslam_cv/aslam_cameras/include/aslam/cameras/CameraGeometryBase.hpp:24:1:[m[K [01;36m[Knote: [m[Kin expansion of macro ‘[01m[KSM_DEFINE_ID[m[K’
   24 | [01;36m[KSM_DEFINE_ID[m[K (CameraId);
      | [01;36m[K^~~~~~~~~~~~[m[K
[01m[K/calibration_ws/src/kalibr/Schweizer-Messer/sm_common/include/sm/Id.hpp:132:9:[m[K [01;36m[Knote: [m[Kbecause ‘[01m[Ksm::Id[m[K’ has user-provided ‘[01m[Ksm::Id& sm::Id::operator=(const sm::Id&)[m[K’
  132 |     Id& [01;36m[Koperator[m[K= (const Id& other)
      |         [01;36m[K^~~~~~~~[m[K
[01m[K/calibration_ws/src/kalibr/aslam_cv/aslam_cameras/include/aslam/frontend_ids.hpp:[m[K In constructor ‘[01m[Kaslam::MultiFrameId::MultiFrameId(const sm::Id&)[m[K’:
[01m[K/calibration_ws/src/kalibr/Schweizer-Messer/sm_common/include/sm/Id.hpp:180:50:[m[K [01;35m[Kwarning: [m[Kimplicitly-declared ‘[01m[Kconstexpr sm::Id::Id(const sm::Id&)[m[K’ is deprecated [[01;35m[K-Wdeprecated-copy[m[K]
  180 |         IdTypeName(const sm::Id & id) : sm::Id(id[01;35m[K)[m[K{}                    \
      |                                                  [01;35m[K^[m[K
[01m[K/calibration_ws/src/kalibr/aslam_cv/aslam_cameras/include/aslam/frontend_ids.hpp:9:1:[m[K [01;36m[Knote: [m[Kin expansion of macro ‘[01m[KSM_DEFINE_ID[m[K’
    9 | [01;36m[KSM_DEFINE_ID[m[K (MultiFrameId);
      | [01;36m[K^~~~~~~~~~~~[m[K
[01m[K/calibration_ws/src/kalibr/Schweizer-Messer/sm_common/include/sm/Id.hpp:132:9:[m[K [01;36m[Knote: [m[Kbecause ‘[01m[Ksm::Id[m[K’ has user-provided ‘[01m[Ksm::Id& sm::Id::operator=(const sm::Id&)[m[K’
  132 |     Id& [01;36m[Koperator[m[K= (const Id& other)
      |         [01;36m[K^~~~~~~~[m[K
[01m[K/calibration_ws/src/kalibr/aslam_cv/aslam_cameras/include/aslam/frontend_ids.hpp:[m[K In constructor ‘[01m[Kaslam::FrameId::FrameId(const sm::Id&)[m[K’:
[01m[K/calibration_ws/src/kalibr/Schweizer-Messer/sm_common/include/sm/Id.hpp:180:50:[m[K [01;35m[Kwarning: [m[Kimplicitly-declared ‘[01m[Kconstexpr sm::Id::Id(const sm::Id&)[m[K’ is deprecated [[01;35m[K-Wdeprecated-copy[m[K]
  180 |         IdTypeName(const sm::Id & id) : sm::Id(id[01;35m[K)[m[K{}                    \
      |                                                  [01;35m[K^[m[K
[01m[K/calibration_ws/src/kalibr/aslam_cv/aslam_cameras/include/aslam/frontend_ids.hpp:10:1:[m[K [01;36m[Knote: [m[Kin expansion of macro ‘[01m[KSM_DEFINE_ID[m[K’
   10 | [01;36m[KSM_DEFINE_ID[m[K (FrameId);
      | [01;36m[K^~~~~~~~~~~~[m[K
[01m[K/calibration_ws/src/kalibr/Schweizer-Messer/sm_common/include/sm/Id.hpp:132:9:[m[K [01;36m[Knote: [m[Kbecause ‘[01m[Ksm::Id[m[K’ has user-provided ‘[01m[Ksm::Id& sm::Id::operator=(const sm::Id&)[m[K’
  132 |     Id& [01;36m[Koperator[m[K= (const Id& other)
      |         [01;36m[K^~~~~~~~[m[K
[01m[K/calibration_ws/src/kalibr/aslam_cv/aslam_cameras/include/aslam/frontend_ids.hpp:[m[K In constructor ‘[01m[Kaslam::LandmarkId::LandmarkId(const sm::Id&)[m[K’:
[01m[K/calibration_ws/src/kalibr/Schweizer-Messer/sm_common/include/sm/Id.hpp:180:50:[m[K [01;35m[Kwarning: [m[Kimplicitly-declared ‘[01m[Kconstexpr sm::Id::Id(const sm::Id&)[m[K’ is deprecated [[01;35m[K-Wdeprecated-copy[m[K]
  180 |         IdTypeName(const sm::Id & id) : sm::Id(id[01;35m[K)[m[K{}                    \
      |                                                  [01;35m[K^[m[K
[01m[K/calibration_ws/src/kalibr/aslam_cv/aslam_cameras/include/aslam/frontend_ids.hpp:11:1:[m[K [01;36m[Knote: [m[Kin expansion of macro ‘[01m[KSM_DEFINE_ID[m[K’
   11 | [01;36m[KSM_DEFINE_ID[m[K (LandmarkId);
      | [01;36m[K^~~~~~~~~~~~[m[K
[01m[K/calibration_ws/src/kalibr/Schweizer-Messer/sm_common/include/sm/Id.hpp:132:9:[m[K [01;36m[Knote: [m[Kbecause ‘[01m[Ksm::Id[m[K’ has user-provided ‘[01m[Ksm::Id& sm::Id::operator=(const sm::Id&)[m[K’
  132 |     Id& [01;36m[Koperator[m[K= (const Id& other)
      |         [01;36m[K^~~~~~~~[m[K
In file included from [01m[K/calibration_ws/src/kalibr/aslam_cv/aslam_cameras/include/aslam/frontend_ids.hpp:4[m[K,
                 from [01m[K/calibration_ws/src/kalibr/aslam_cv/aslam_cameras/include/aslam/KeypointBase.hpp:6[m[K,
                 from [01m[K/calibration_ws/src/kalibr/aslam_cv/aslam_cameras/include/aslam/FrameBase.hpp:6[m[K,
                 from [01m[K/calibration_ws/src/kalibr/aslam_cv/aslam_cv_serialization/src/FrameBaseSerialization.cpp:1[m[K:
[01m[K/calibration_ws/src/kalibr/Schweizer-Messer/sm_common/include/sm/Id.hpp:[m[K In member function ‘[01m[Ksm::Id sm::Id::operator++(int)[m[K’:
[01m[K/calibration_ws/src/kalibr/Schweizer-Messer/sm_common/include/sm/Id.hpp:122:14:[m[K [01;35m[Kwarning: [m[Kimplicitly-declared ‘[01m[Kconstexpr sm::Id::Id(const sm::Id&)[m[K’ is deprecated [[01;35m[K-Wdeprecated-copy[m[K]
  122 |       return [01;35m[Krval[m[K;
      |              [01;35m[K^~~~[m[K
[01m[K/calibration_ws/src/kalibr/Schweizer-Messer/sm_common/include/sm/Id.hpp:132:9:[m[K [01;36m[Knote: [m[Kbecause ‘[01m[Ksm::Id[m[K’ has user-provided ‘[01m[Ksm::Id& sm::Id::operator=(const sm::Id&)[m[K’
  132 |     Id& [01;36m[Koperator[m[K= (const Id& other)
      |         [01;36m[K^~~~~~~~[m[K
[01m[K/calibration_ws/src/kalibr/aslam_cv/aslam_cameras/include/aslam/frontend_ids.hpp:[m[K In constructor ‘[01m[Kaslam::MultiFrameId::MultiFrameId(const sm::Id&)[m[K’:
[01m[K/calibration_ws/src/kalibr/Schweizer-Messer/sm_common/include/sm/Id.hpp:180:50:[m[K [01;35m[Kwarning: [m[Kimplicitly-declared ‘[01m[Kconstexpr sm::Id::Id(const sm::Id&)[m[K’ is deprecated [[01;35m[K-Wdeprecated-copy[m[K]
  180 |         IdTypeName(const sm::Id & id) : sm::Id(id[01;35m[K)[m[K{}                    \
      |                                                  [01;35m[K^[m[K
[01m[K/calibration_ws/src/kalibr/aslam_cv/aslam_cameras/include/aslam/frontend_ids.hpp:9:1:[m[K [01;36m[Knote: [m[Kin expansion of macro ‘[01m[KSM_DEFINE_ID[m[K’
    9 | [01;36m[KSM_DEFINE_ID[m[K (MultiFrameId);
      | [01;36m[K^~~~~~~~~~~~[m[K
[01m[K/calibration_ws/src/kalibr/Schweizer-Messer/sm_common/include/sm/Id.hpp:132:9:[m[K [01;36m[Knote: [m[Kbecause ‘[01m[Ksm::Id[m[K’ has user-provided ‘[01m[Ksm::Id& sm::Id::operator=(const sm::Id&)[m[K’
  132 |     Id& [01;36m[Koperator[m[K= (const Id& other)
      |         [01;36m[K^~~~~~~~[m[K
[01m[K/calibration_ws/src/kalibr/aslam_cv/aslam_cameras/include/aslam/frontend_ids.hpp:[m[K In constructor ‘[01m[Kaslam::FrameId::FrameId(const sm::Id&)[m[K’:
[01m[K/calibration_ws/src/kalibr/Schweizer-Messer/sm_common/include/sm/Id.hpp:180:50:[m[K [01;35m[Kwarning: [m[Kimplicitly-declared ‘[01m[Kconstexpr sm::Id::Id(const sm::Id&)[m[K’ is deprecated [[01;35m[K-Wdeprecated-copy[m[K]
  180 |         IdTypeName(const sm::Id & id) : sm::Id(id[01;35m[K)[m[K{}                    \
      |                                                  [01;35m[K^[m[K
[01m[K/calibration_ws/src/kalibr/aslam_cv/aslam_cameras/include/aslam/frontend_ids.hpp:10:1:[m[K [01;36m[Knote: [m[Kin expansion of macro ‘[01m[KSM_DEFINE_ID[m[K’
   10 | [01;36m[KSM_DEFINE_ID[m[K (FrameId);
      | [01;36m[K^~~~~~~~~~~~[m[K
[01m[K/calibration_ws/src/kalibr/Schweizer-Messer/sm_common/include/sm/Id.hpp:132:9:[m[K [01;36m[Knote: [m[Kbecause ‘[01m[Ksm::Id[m[K’ has user-provided ‘[01m[Ksm::Id& sm::Id::operator=(const sm::Id&)[m[K’
  132 |     Id& [01;36m[Koperator[m[K= (const Id& other)
      |         [01;36m[K^~~~~~~~[m[K
[01m[K/calibration_ws/src/kalibr/aslam_cv/aslam_cameras/include/aslam/frontend_ids.hpp:[m[K In constructor ‘[01m[Kaslam::LandmarkId::LandmarkId(const sm::Id&)[m[K’:
[01m[K/calibration_ws/src/kalibr/Schweizer-Messer/sm_common/include/sm/Id.hpp:180:50:[m[K [01;35m[Kwarning: [m[Kimplicitly-declared ‘[01m[Kconstexpr sm::Id::Id(const sm::Id&)[m[K’ is deprecated [[01;35m[K-Wdeprecated-copy[m[K]
  180 |         IdTypeName(const sm::Id & id) : sm::Id(id[01;35m[K)[m[K{}                    \
      |                                                  [01;35m[K^[m[K
[01m[K/calibration_ws/src/kalibr/aslam_cv/aslam_cameras/include/aslam/frontend_ids.hpp:11:1:[m[K [01;36m[Knote: [m[Kin expansion of macro ‘[01m[KSM_DEFINE_ID[m[K’
   11 | [01;36m[KSM_DEFINE_ID[m[K (LandmarkId);
      | [01;36m[K^~~~~~~~~~~~[m[K
[01m[K/calibration_ws/src/kalibr/Schweizer-Messer/sm_common/include/sm/Id.hpp:132:9:[m[K [01;36m[Knote: [m[Kbecause ‘[01m[Ksm::Id[m[K’ has user-provided ‘[01m[Ksm::Id& sm::Id::operator=(const sm::Id&)[m[K’
  132 |     Id& [01;36m[Koperator[m[K= (const Id& other)
      |         [01;36m[K^~~~~~~~[m[K
In file included from [01m[K/usr/include/boost/detail/endian.hpp:9[m[K,
                 from [01m[K/calibration_ws/src/kalibr/Schweizer-Messer/sm_boost/include/boost/portable_binary_archive.hpp:31[m[K,
                 from [01m[K/calibration_ws/src/kalibr/Schweizer-Messer/sm_boost/include/boost/portable_binary_iarchive.hpp:39[m[K,
                 from [01m[K/calibration_ws/src/kalibr/aslam_cv/aslam_cv_serialization/src/FrameBaseSerialization.cpp:11[m[K:
[01m[K/usr/include/boost/predef/detail/endian_compat.h:[m[K At global scope:
[01m[K/usr/include/boost/predef/detail/endian_compat.h:11:161:[m[K [01;36m[Knote: [m[K#pragma message: The use of BOOST_*_ENDIAN and BOOST_BYTE_ORDER is deprecated. Please include <boost/predef/other/endian.h> and use BOOST_ENDIAN_*_BYTE instead
   11 | #pragma message("The use of BOOST_*_ENDIAN and BOOST_BYTE_ORDER is deprecated. Please include <boost/predef/other/endian.h> and use BOOST_ENDIAN_*_BYTE instead"[01;36m[K)[m[K
      |                                                                                                                                                                 [01;36m[K^[m[K
In file included from [01m[K/calibration_ws/src/kalibr/aslam_cv/aslam_cameras/include/aslam/frontend_ids.hpp:4[m[K,
                 from [01m[K/calibration_ws/src/kalibr/aslam_cv/aslam_cameras/include/aslam/KeypointBase.hpp:6[m[K,
                 from [01m[K/calibration_ws/src/kalibr/aslam_cv/aslam_cameras/include/aslam/FrameBase.hpp:6[m[K,
                 from [01m[K/calibration_ws/src/kalibr/aslam_cv/aslam_cv_serialization/src/FrameBaseSerialization.cpp:1[m[K:
[01m[K/calibration_ws/src/kalibr/aslam_cv/aslam_cameras/include/aslam/cameras/CameraGeometryBase.hpp:[m[K In constructor ‘[01m[Kaslam::cameras::CameraId::CameraId(const sm::Id&)[m[K’:
[01m[K/calibration_ws/src/kalibr/Schweizer-Messer/sm_common/include/sm/Id.hpp:180:50:[m[K [01;35m[Kwarning: [m[Kimplicitly-declared ‘[01m[Kconstexpr sm::Id::Id(const sm::Id&)[m[K’ is deprecated [[01;35m[K-Wdeprecated-copy[m[K]
  180 |         IdTypeName(const sm::Id & id) : sm::Id(id[01;35m[K)[m[K{}                    \
      |                                                  [01;35m[K^[m[K
[01m[K/calibration_ws/src/kalibr/aslam_cv/aslam_cameras/include/aslam/cameras/CameraGeometryBase.hpp:24:1:[m[K [01;36m[Knote: [m[Kin expansion of macro ‘[01m[KSM_DEFINE_ID[m[K’
   24 | [01;36m[KSM_DEFINE_ID[m[K (CameraId);
      | [01;36m[K^~~~~~~~~~~~[m[K
[01m[K/calibration_ws/src/kalibr/Schweizer-Messer/sm_common/include/sm/Id.hpp:132:9:[m[K [01;36m[Knote: [m[Kbecause ‘[01m[Ksm::Id[m[K’ has user-provided ‘[01m[Ksm::Id& sm::Id::operator=(const sm::Id&)[m[K’
  132 |     Id& [01;36m[Koperator[m[K= (const Id& other)
      |         [01;36m[K^~~~~~~~[m[K
In file included from [01m[K/usr/include/boost/detail/endian.hpp:9[m[K,
                 from [01m[K/calibration_ws/src/kalibr/Schweizer-Messer/sm_boost/include/boost/portable_binary_archive.hpp:31[m[K,
                 from [01m[K/calibration_ws/src/kalibr/Schweizer-Messer/sm_boost/include/boost/portable_binary_iarchive.hpp:39[m[K,
                 from [01m[K/calibration_ws/src/kalibr/aslam_cv/aslam_cv_serialization/src/autogen/Camera-EquidistantDistortedDepthCameraGeometry.cpp:11[m[K:
[01m[K/usr/include/boost/predef/detail/endian_compat.h:[m[K At global scope:
[01m[K/usr/include/boost/predef/detail/endian_compat.h:11:161:[m[K [01;36m[Knote: [m[K#pragma message: The use of BOOST_*_ENDIAN and BOOST_BYTE_ORDER is deprecated. Please include <boost/predef/other/endian.h> and use BOOST_ENDIAN_*_BYTE instead
   11 | #pragma message("The use of BOOST_*_ENDIAN and BOOST_BYTE_ORDER is deprecated. Please include <boost/predef/other/endian.h> and use BOOST_ENDIAN_*_BYTE instead"[01;36m[K)[m[K
      |                                                                                                                                                                 [01;36m[K^[m[K
In file included from [01m[K/usr/include/eigen3/Eigen/Core:440[m[K,
                 from [01m[K/calibration_ws/src/kalibr/aslam_cv/aslam_cameras/include/aslam/cameras/CameraGeometryBase.hpp:4[m[K,
                 from [01m[K/calibration_ws/src/kalibr/aslam_cv/aslam_cameras/include/aslam/cameras/CameraGeometry.hpp:4[m[K,
                 from [01m[K/calibration_ws/src/kalibr/aslam_cv/aslam_cameras/include/aslam/cameras.hpp:5[m[K,
                 from [01m[K/calibration_ws/src/kalibr/aslam_cv/aslam_cv_serialization/include/aslam/cameras/CameraBaseSerialization.hpp:15[m[K,
                 from [01m[K/calibration_ws/src/kalibr/aslam_cv/aslam_cv_serialization/src/autogen/Camera-DistortedDepthCameraGeometry.cpp:1[m[K:
[01m[K/usr/include/eigen3/Eigen/src/Core/CoreEvaluators.h:[m[K In function ‘[01m[Kvoid aslam::doBackProjectionWithUncertainty(FRAME_T&) [with FRAME_T = aslam::Frame<aslam::cameras::CameraGeometry<aslam::cameras::DepthProjection<aslam::cameras::RadialTangentialDistortion>, aslam::cameras::GlobalShutter, aslam::cameras::NoMask> >][m[K’:
[01m[K/usr/include/eigen3/Eigen/src/Core/CoreEvaluators.h:834:56:[m[K [01;35m[Kwarning: [m[K‘[01m[K*((void*)& Jb +64)[m[K’ may be used uninitialized in this function [[01;35m[K-Wmaybe-uninitialized[m[K]
  834 |     return m_data[col * colStride() + row * rowStride()[01;35m[K][m[K;
      |                                                        [01;35m[K^[m[K
[01m[K/usr/include/eigen3/Eigen/src/Core/CoreEvaluators.h:834:56:[m[K [01;35m[Kwarning: [m[K‘[01m[K*((void*)& Jb +40)[m[K’ may be used uninitialized in this function [[01;35m[K-Wmaybe-uninitialized[m[K]
  834 |     return m_data[col * colStride() + row * rowStride()[01;35m[K][m[K;
      |                                                        [01;35m[K^[m[K
[01m[K/usr/include/eigen3/Eigen/src/Core/CoreEvaluators.h:834:56:[m[K [01;35m[Kwarning: [m[K‘[01m[K*((void*)& Jb +16)[m[K’ may be used uninitialized in this function [[01;35m[K-Wmaybe-uninitialized[m[K]
  834 |     return m_data[col * colStride() + row * rowStride()[01;35m[K][m[K;
      |                                                        [01;35m[K^[m[K
In file included from [01m[K/usr/include/eigen3/Eigen/Core:493[m[K,
                 from [01m[K/calibration_ws/src/kalibr/aslam_cv/aslam_cameras/include/aslam/cameras/CameraGeometryBase.hpp:4[m[K,
                 from [01m[K/calibration_ws/src/kalibr/aslam_cv/aslam_cameras/include/aslam/cameras/CameraGeometry.hpp:4[m[K,
                 from [01m[K/calibration_ws/src/kalibr/aslam_cv/aslam_cameras/include/aslam/cameras.hpp:5[m[K,
                 from [01m[K/calibration_ws/src/kalibr/aslam_cv/aslam_cv_serialization/include/aslam/cameras/CameraBaseSerialization.hpp:15[m[K,
                 from [01m[K/calibration_ws/src/kalibr/aslam_cv/aslam_cv_serialization/src/autogen/Camera-DistortedDepthCameraGeometry.cpp:1[m[K:
[01m[K/usr/include/eigen3/Eigen/src/Core/ProductEvaluators.h:649:82:[m[K [01;35m[Kwarning: [m[K‘[01m[KJb[m[K’ may be used uninitialized in this function [[01;35m[K-Wmaybe-uninitialized[m[K]
  649 |     res = pmul(lhs.template packet<LoadMode,Packet>(row, Index(0)), [01;35m[Kpset1<Packet>(rhs.coeff(Index(0), col))[m[K);
      |                                                                     [01;35m[K~~~~~~~~~~~~~^~~~~~~~~~~~~~~~~~~~~~~~~~[m[K
[01m[K/usr/include/eigen3/Eigen/src/Core/ProductEvaluators.h:631:99:[m[K [01;35m[Kwarning: [m[K‘[01m[K*((void*)& Jb +24)[m[K’ may be used uninitialized in this function [[01;35m[K-Wmaybe-uninitialized[m[K]
  631 |     res =  pmadd(lhs.template packet<LoadMode,Packet>(row, Index(UnrollingIndex-1)), [01;35m[Kpset1<Packet>(rhs.coeff(Index(UnrollingIndex-1), col))[m[K, res);
      |                                                                                      [01;35m[K~~~~~~~~~~~~~^~~~~~~~~~~~~~~~~~~~~~~~~~~~~~~~~~~~~~~~~[m[K
[01m[K/usr/include/eigen3/Eigen/src/Core/ProductEvaluators.h:631:99:[m[K [01;35m[Kwarning: [m[K‘[01m[K*((void*)& Jb +48)[m[K’ may be used uninitialized in this function [[01;35m[K-Wmaybe-uninitialized[m[K]
  631 |     res =  pmadd(lhs.template packet<LoadMode,Packet>(row, Index(UnrollingIndex-1)), [01;35m[Kpset1<Packet>(rhs.coeff(Index(UnrollingIndex-1), col))[m[K, res);
      |                                                                                      [01;35m[K~~~~~~~~~~~~~^~~~~~~~~~~~~~~~~~~~~~~~~~~~~~~~~~~~~~~~~[m[K
[01m[K/usr/include/eigen3/Eigen/src/Core/ProductEvaluators.h:649:82:[m[K [01;35m[Kwarning: [m[K‘[01m[K*((void*)& Jb +8)[m[K’ may be used uninitialized in this function [[01;35m[K-Wmaybe-uninitialized[m[K]
  649 |     res = pmul(lhs.template packet<LoadMode,Packet>(row, Index(0)), [01;35m[Kpset1<Packet>(rhs.coeff(Index(0), col))[m[K);
      |                                                                     [01;35m[K~~~~~~~~~~~~~^~~~~~~~~~~~~~~~~~~~~~~~~~[m[K
[01m[K/usr/include/eigen3/Eigen/src/Core/ProductEvaluators.h:631:99:[m[K [01;35m[Kwarning: [m[K‘[01m[K*((void*)& Jb +32)[m[K’ may be used uninitialized in this function [[01;35m[K-Wmaybe-uninitialized[m[K]
  631 |     res =  pmadd(lhs.template packet<LoadMode,Packet>(row, Index(UnrollingIndex-1)), [01;35m[Kpset1<Packet>(rhs.coeff(Index(UnrollingIndex-1), col))[m[K, res);
      |                                                                                      [01;35m[K~~~~~~~~~~~~~^~~~~~~~~~~~~~~~~~~~~~~~~~~~~~~~~~~~~~~~~[m[K
[01m[K/usr/include/eigen3/Eigen/src/Core/ProductEvaluators.h:631:99:[m[K [01;35m[Kwarning: [m[K‘[01m[K*((void*)& Jb +56)[m[K’ may be used uninitialized in this function [[01;35m[K-Wmaybe-uninitialized[m[K]
  631 |     res =  pmadd(lhs.template packet<LoadMode,Packet>(row, Index(UnrollingIndex-1)), [01;35m[Kpset1<Packet>(rhs.coeff(Index(UnrollingIndex-1), col))[m[K, res);
      |                                                                                      [01;35m[K~~~~~~~~~~~~~^~~~~~~~~~~~~~~~~~~~~~~~~~~~~~~~~~~~~~~~~[m[K
In file included from [01m[K/usr/include/eigen3/Eigen/Core:450[m[K,
                 from [01m[K/calibration_ws/src/kalibr/aslam_cv/aslam_cameras/include/aslam/cameras/CameraGeometryBase.hpp:4[m[K,
                 from [01m[K/calibration_ws/src/kalibr/aslam_cv/aslam_cameras/include/aslam/cameras/CameraGeometry.hpp:4[m[K,
                 from [01m[K/calibration_ws/src/kalibr/aslam_cv/aslam_cameras/include/aslam/cameras.hpp:5[m[K,
                 from [01m[K/calibration_ws/src/kalibr/aslam_cv/aslam_cv_serialization/include/aslam/cameras/CameraBaseSerialization.hpp:15[m[K,
                 from [01m[K/calibration_ws/src/kalibr/aslam_cv/aslam_cv_serialization/src/autogen/Camera-DistortedDepthCameraGeometry.cpp:1[m[K:
[01m[K/usr/include/eigen3/Eigen/src/Core/DenseStorage.h:194:66:[m[K [01;35m[Kwarning: [m[K‘[01m[Kbp.Eigen::DenseStorage<double, 3, 3, 1, 0>::m_data[m[K’ may be used uninitialized in this function [[01;35m[K-Wmaybe-uninitialized[m[K]
  194 |     DenseStorage(const DenseStorage& other) : m_data(other.m_data[01;35m[K)[m[K {
      |                                                                  [01;35m[K^[m[K
In file included from [01m[K/usr/include/eigen3/Eigen/Core:440[m[K,
                 from [01m[K/calibration_ws/src/kalibr/aslam_cv/aslam_cameras/include/aslam/cameras/CameraGeometryBase.hpp:4[m[K,
                 from [01m[K/calibration_ws/src/kalibr/aslam_cv/aslam_cameras/include/aslam/cameras/CameraGeometry.hpp:4[m[K,
                 from [01m[K/calibration_ws/src/kalibr/aslam_cv/aslam_cameras/include/aslam/cameras.hpp:5[m[K,
                 from [01m[K/calibration_ws/src/kalibr/aslam_cv/aslam_cv_serialization/include/aslam/cameras/CameraBaseSerialization.hpp:15[m[K,
                 from [01m[K/calibration_ws/src/kalibr/aslam_cv/aslam_cv_serialization/src/autogen/Camera-EquidistantDistortedDepthCameraGeometry.cpp:1[m[K:
[01m[K/usr/include/eigen3/Eigen/src/Core/CoreEvaluators.h:[m[K In function ‘[01m[Kvoid aslam::doBackProjectionWithUncertainty(FRAME_T&) [with FRAME_T = aslam::Frame<aslam::cameras::CameraGeometry<aslam::cameras::DepthProjection<aslam::cameras::EquidistantDistortion>, aslam::cameras::GlobalShutter, aslam::cameras::NoMask> >][m[K’:
[01m[K/usr/include/eigen3/Eigen/src/Core/CoreEvaluators.h:834:56:[m[K [01;35m[Kwarning: [m[K‘[01m[K*((void*)& Jb +64)[m[K’ may be used uninitialized in this function [[01;35m[K-Wmaybe-uninitialized[m[K]
  834 |     return m_data[col * colStride() + row * rowStride()[01;35m[K][m[K;
      |                                                        [01;35m[K^[m[K
[01m[K/usr/include/eigen3/Eigen/src/Core/CoreEvaluators.h:834:56:[m[K [01;35m[Kwarning: [m[K‘[01m[K*((void*)& Jb +40)[m[K’ may be used uninitialized in this function [[01;35m[K-Wmaybe-uninitialized[m[K]
  834 |     return m_data[col * colStride() + row * rowStride()[01;35m[K][m[K;
      |                                                        [01;35m[K^[m[K
[01m[K/usr/include/eigen3/Eigen/src/Core/CoreEvaluators.h:834:56:[m[K [01;35m[Kwarning: [m[K‘[01m[K*((void*)& Jb +16)[m[K’ may be used uninitialized in this function [[01;35m[K-Wmaybe-uninitialized[m[K]
  834 |     return m_data[col * colStride() + row * rowStride()[01;35m[K][m[K;
      |                                                        [01;35m[K^[m[K
In file included from [01m[K/usr/include/eigen3/Eigen/Core:493[m[K,
                 from [01m[K/calibration_ws/src/kalibr/aslam_cv/aslam_cameras/include/aslam/cameras/CameraGeometryBase.hpp:4[m[K,
                 from [01m[K/calibration_ws/src/kalibr/aslam_cv/aslam_cameras/include/aslam/cameras/CameraGeometry.hpp:4[m[K,
                 from [01m[K/calibration_ws/src/kalibr/aslam_cv/aslam_cameras/include/aslam/cameras.hpp:5[m[K,
                 from [01m[K/calibration_ws/src/kalibr/aslam_cv/aslam_cv_serialization/include/aslam/cameras/CameraBaseSerialization.hpp:15[m[K,
                 from [01m[K/calibration_ws/src/kalibr/aslam_cv/aslam_cv_serialization/src/autogen/Camera-EquidistantDistortedDepthCameraGeometry.cpp:1[m[K:
[01m[K/usr/include/eigen3/Eigen/src/Core/ProductEvaluators.h:649:82:[m[K [01;35m[Kwarning: [m[K‘[01m[KJb[m[K’ may be used uninitialized in this function [[01;35m[K-Wmaybe-uninitialized[m[K]
  649 |     res = pmul(lhs.template packet<LoadMode,Packet>(row, Index(0)), [01;35m[Kpset1<Packet>(rhs.coeff(Index(0), col))[m[K);
      |                                                                     [01;35m[K~~~~~~~~~~~~~^~~~~~~~~~~~~~~~~~~~~~~~~~[m[K
[01m[K/usr/include/eigen3/Eigen/src/Core/ProductEvaluators.h:631:99:[m[K [01;35m[Kwarning: [m[K‘[01m[K*((void*)& Jb +24)[m[K’ may be used uninitialized in this function [[01;35m[K-Wmaybe-uninitialized[m[K]
  631 |     res =  pmadd(lhs.template packet<LoadMode,Packet>(row, Index(UnrollingIndex-1)), [01;35m[Kpset1<Packet>(rhs.coeff(Index(UnrollingIndex-1), col))[m[K, res);
      |                                                                                      [01;35m[K~~~~~~~~~~~~~^~~~~~~~~~~~~~~~~~~~~~~~~~~~~~~~~~~~~~~~~[m[K
[01m[K/usr/include/eigen3/Eigen/src/Core/ProductEvaluators.h:631:99:[m[K [01;35m[Kwarning: [m[K‘[01m[K*((void*)& Jb +48)[m[K’ may be used uninitialized in this function [[01;35m[K-Wmaybe-uninitialized[m[K]
  631 |     res =  pmadd(lhs.template packet<LoadMode,Packet>(row, Index(UnrollingIndex-1)), [01;35m[Kpset1<Packet>(rhs.coeff(Index(UnrollingIndex-1), col))[m[K, res);
      |                                                                                      [01;35m[K~~~~~~~~~~~~~^~~~~~~~~~~~~~~~~~~~~~~~~~~~~~~~~~~~~~~~~[m[K
[01m[K/usr/include/eigen3/Eigen/src/Core/ProductEvaluators.h:649:82:[m[K [01;35m[Kwarning: [m[K‘[01m[K*((void*)& Jb +8)[m[K’ may be used uninitialized in this function [[01;35m[K-Wmaybe-uninitialized[m[K]
  649 |     res = pmul(lhs.template packet<LoadMode,Packet>(row, Index(0)), [01;35m[Kpset1<Packet>(rhs.coeff(Index(0), col))[m[K);
      |                                                                     [01;35m[K~~~~~~~~~~~~~^~~~~~~~~~~~~~~~~~~~~~~~~~[m[K
[01m[K/usr/include/eigen3/Eigen/src/Core/ProductEvaluators.h:631:99:[m[K [01;35m[Kwarning: [m[K‘[01m[K*((void*)& Jb +32)[m[K’ may be used uninitialized in this function [[01;35m[K-Wmaybe-uninitialized[m[K]
  631 |     res =  pmadd(lhs.template packet<LoadMode,Packet>(row, Index(UnrollingIndex-1)), [01;35m[Kpset1<Packet>(rhs.coeff(Index(UnrollingIndex-1), col))[m[K, res);
      |                                                                                      [01;35m[K~~~~~~~~~~~~~^~~~~~~~~~~~~~~~~~~~~~~~~~~~~~~~~~~~~~~~~[m[K
[01m[K/usr/include/eigen3/Eigen/src/Core/ProductEvaluators.h:631:99:[m[K [01;35m[Kwarning: [m[K‘[01m[K*((void*)& Jb +56)[m[K’ may be used uninitialized in this function [[01;35m[K-Wmaybe-uninitialized[m[K]
  631 |     res =  pmadd(lhs.template packet<LoadMode,Packet>(row, Index(UnrollingIndex-1)), [01;35m[Kpset1<Packet>(rhs.coeff(Index(UnrollingIndex-1), col))[m[K, res);
      |                                                                                      [01;35m[K~~~~~~~~~~~~~^~~~~~~~~~~~~~~~~~~~~~~~~~~~~~~~~~~~~~~~~[m[K
In file included from [01m[K/usr/include/eigen3/Eigen/Core:450[m[K,
                 from [01m[K/calibration_ws/src/kalibr/aslam_cv/aslam_cameras/include/aslam/cameras/CameraGeometryBase.hpp:4[m[K,
                 from [01m[K/calibration_ws/src/kalibr/aslam_cv/aslam_cameras/include/aslam/cameras/CameraGeometry.hpp:4[m[K,
                 from [01m[K/calibration_ws/src/kalibr/aslam_cv/aslam_cameras/include/aslam/cameras.hpp:5[m[K,
                 from [01m[K/calibration_ws/src/kalibr/aslam_cv/aslam_cv_serialization/include/aslam/cameras/CameraBaseSerialization.hpp:15[m[K,
                 from [01m[K/calibration_ws/src/kalibr/aslam_cv/aslam_cv_serialization/src/autogen/Camera-EquidistantDistortedDepthCameraGeometry.cpp:1[m[K:
[01m[K/usr/include/eigen3/Eigen/src/Core/DenseStorage.h:194:66:[m[K [01;35m[Kwarning: [m[K‘[01m[Kbp.Eigen::DenseStorage<double, 3, 3, 1, 0>::m_data[m[K’ may be used uninitialized in this function [[01;35m[K-Wmaybe-uninitialized[m[K]
  194 |     DenseStorage(const DenseStorage& other) : m_data(other.m_data[01;35m[K)[m[K {
      |                                                                  [01;35m[K^[m[K
[100%] [32m[1mLinking CXX shared library /calibration_ws/devel/.private/aslam_cv_serialization/lib/libaslam_cv_serialization.so[0m
[100%] Built target aslam_cv_serialization
